image,name,category,caption,color_tags,price_cents,credit
https://images.unsplash.com/photo-1680292783974-a9a336c10366?crop=entropy&cs=tinysrgb&fit=max&fm=jpg&ixid=M3w5OTUzMzZ8MHwxfHNlYXJjaHwxfHxob29kaWUlMjBzd2VhdHNoaXJ0JTIwY2xvdGhpbmd8ZW58MXwxfHx8MTc4NDA5MjU0OXww&ixlib=rb-4.1.0&q=80&w=1080,Black hoodie,hoodie,a black hoodie that says i'll see you tomorrow on it,black,10499,Chris Lynch on Unsplash (https://unsplash.com/photos/a-black-hoodie-that-says-ill-see-you-tomorrow-on-it-SXpun7pdECU)
https://images.unsplash.com/photo-1564557287817-3785e38ec1f5?crop=entropy&cs=tinysrgb&fit=max&fm=jpg&ixid=M3w5OTUzMzZ8MHwxfHNlYXJjaHwyfHxob29kaWUlMjBzd2VhdHNoaXJ0JTIwY2xvdGhpbmd8ZW58MXwxfHx8MTc4NDA5MjU0OXww&ixlib=rb-4.1.0&q=80&w=1080,Navy hoodie,hoodie,men wearing a grey hoodie jacket leaning in a wall during daytime,navy,8549,The Ian on Unsplash (https://unsplash.com/photos/men-wearing-a-grey-hoodie-jacket-leaning-in-a-wall-during-daytime-ZCoqcrWp9GY)
https://images.unsplash.com/photo-1578768079052-aa76e52ff62e?crop=entropy&cs=tinysrgb&fit=max&fm=jpg&ixid=M3w5OTUzMzZ8MHwxfHNlYXJjaHwzfHxob29kaWUlMjBzd2VhdHNoaXJ0JTIwY2xvdGhpbmd8ZW58MXwxfHx8MTc4NDA5MjU0OXww&ixlib=rb-4.1.0&q=80&w=1080,Navy hoodie,hoodie,person in brown hoodie and black pants standing on staircase,navy,11899,Ali Saadat on Unsplash (https://unsplash.com/photos/person-in-brown-hoodie-and-black-pants-standing-on-staircase-ikLELWYbyxk)
https://images.unsplash.com/photo-1615397587950-3cbb55f95b77?crop=entropy&cs=tinysrgb&fit=max&fm=jpg&ixid=M3w5OTUzMzZ8MHwxfHNlYXJjaHw0fHxob29kaWUlMjBzd2VhdHNoaXJ0JTIwY2xvdGhpbmd8ZW58MXwxfHx8MTc4NDA5MjU0OXww&ixlib=rb-4.1.0&q=80&w=1080,Cream hoodie,hoodie,man in white pullover hoodie standing on road during daytime,cream,8149,Khalid Boutchich on Unsplash (https://unsplash.com/photos/man-in-white-pullover-hoodie-standing-on-road-during-daytime-AGwMgxZs1L0)
https://images.unsplash.com/photo-1542406775-ade58c52d2e4?crop=entropy&cs=tinysrgb&fit=max&fm=jpg&ixid=M3w5OTUzMzZ8MHwxfHNlYXJjaHw1fHxob29kaWUlMjBzd2VhdHNoaXJ0JTIwY2xvdGhpbmd8ZW58MXwxfHx8MTc4NDA5MjU0OXww&ixlib=rb-4.1.0&q=80&w=1080,Navy hoodie,hoodie,man standing near grey wlal,navy,10699,rico cori on Unsplash (https://unsplash.com/photos/man-standing-near-grey-wlal-eIjEDkRzbOQ)
https://images.unsplash.com/photo-1614214191247-5b2d3a734f1b?crop=entropy&cs=tinysrgb&fit=max&fm=jpg&ixid=M3w5OTUzMzZ8MHwxfHNlYXJjaHw2fHxob29kaWUlMjBzd2VhdHNoaXJ0JTIwY2xvdGhpbmd8ZW58MXwxfHx8MTc4NDA5MjU0OXww&ixlib=rb-4.1.0&q=80&w=1080,White hoodie,hoodie,person in black and white hoodie standing on brown field during daytime,white,11699,Sonny Mauricio on Unsplash (https://unsplash.com/photos/person-in-black-and-white-hoodie-standing-on-brown-field-during-daytime-yFwEQMYRF_0)
https://images.unsplash.com/photo-1650287052182-a13d8245c927?crop=entropy&cs=tinysrgb&fit=max&fm=jpg&ixid=M3w5OTUzMzZ8MHwxfHNlYXJjaHw3fHxob29kaWUlMjBzd2VhdHNoaXJ0JTIwY2xvdGhpbmd8ZW58MXwxfHx8MTc4NDA5MjU0OXww&ixlib=rb-4.1.0&q=80&w=1080,Pink hoodie,hoodie,a rack of colorful shirts hanging on clothes pins,pink,10949,Sagar Baid on Unsplash (https://unsplash.com/photos/a-rack-of-colorful-shirts-hanging-on-clothes-pins-31l33tbr7bI)
https://images.unsplash.com/photo-1677538537484-324385aff147?crop=entropy&cs=tinysrgb&fit=max&fm=jpg&ixid=M3w5OTUzMzZ8MHwxfHNlYXJjaHw4fHxob29kaWUlMjBzd2VhdHNoaXJ0JTIwY2xvdGhpbmd8ZW58MXwxfHx8MTc4NDA5MjU0OXww&ixlib=rb-4.1.0&q=80&w=1080,Navy hoodie,hoodie,a man in a black hoodie standing in a parking garage,navy,9149,Mohamed youssry on Unsplash (https://unsplash.com/photos/a-man-in-a-black-hoodie-standing-in-a-parking-garage-KMwpYURfx6E)
https://images.unsplash.com/photo-1617171594207-430a01a9da3f?crop=entropy&cs=tinysrgb&fit=max&fm=jpg&ixid=M3w5OTUzMzZ8MHwxfHNlYXJjaHw5fHxob29kaWUlMjBzd2VhdHNoaXJ0JTIwY2xvdGhpbmd8ZW58MXwxfHx8MTc4NDA5MjU0OXww&ixlib=rb-4.1.0&q=80&w=1080,Cream hoodie,hoodie,man in teal hoodie standing near white wall,cream,11149,Waldo Kleyn on Unsplash (https://unsplash.com/photos/man-in-teal-hoodie-standing-near-white-wall-vtnhu9LgScs)
https://images.unsplash.com/photo-1571821324176-52ff15e96348?crop=entropy&cs=tinysrgb&fit=max&fm=jpg&ixid=M3w5OTUzMzZ8MHwxfHNlYXJjaHwxMHx8aG9vZGllJTIwc3dlYXRzaGlydCUyMGNsb3RoaW5nfGVufDF8MXx8fDE3ODQwOTI1NDl8MA&ixlib=rb-4.1.0&q=80&w=1080,Navy hoodie,hoodie,yellow Toxic Peeps pullover hoodie,navy,5949,Kelvin Lutan on Unsplash (https://unsplash.com/photos/yellow-toxic-peeps-pullover-hoodie-AT5-DnsNq70)
https://images.unsplash.com/photo-1738486260590-23c954cf29b8?crop=entropy&cs=tinysrgb&fit=max&fm=jpg&ixid=M3w5OTUzMzZ8MHwxfHNlYXJjaHwxMXx8aG9vZGllJTIwc3dlYXRzaGlydCUyMGNsb3RoaW5nfGVufDF8MXx8fDE3ODQwOTI1NDl8MA&ixlib=rb-4.1.0&q=80&w=1080,Brown hoodie,hoodie,A man in a white hoodie is walking down the street,brown,11549,shohan hridoy on Unsplash (https://unsplash.com/photos/a-man-in-a-white-hoodie-is-walking-down-the-street-oYSHFpUDCIU)
https://images.unsplash.com/photo-1516195851888-6f1a981a862e?crop=entropy&cs=tinysrgb&fit=max&fm=jpg&ixid=M3w5OTUzMzZ8MHwxfHNlYXJjaHwxMnx8aG9vZGllJTIwc3dlYXRzaGlydCUyMGNsb3RoaW5nfGVufDF8MXx8fDE3ODQwOTI1NDl8MA&ixlib=rb-4.1.0&q=80&w=1080,Beige hoodie,hoodie,woman wearing pink pullover hoodie standing near wall,beige,11349,Joshua Rawson-Harris on Unsplash (https://unsplash.com/photos/woman-wearing-pink-pullover-hoodie-standing-near-wall-dN67hPE5KWY)
https://images.unsplash.com/photo-1578470507807-3fc541d5f544?crop=entropy&cs=tinysrgb&fit=max&fm=jpg&ixid=M3w5OTUzMzZ8MHwxfHNlYXJjaHwxM3x8aG9vZGllJTIwc3dlYXRzaGlydCUyMGNsb3RoaW5nfGVufDF8MXx8fDE3ODQwOTI1NDl8MA&ixlib=rb-4.1.0&q=80&w=1080,Navy hoodie,hoodie,woman in hoodie while both hands holding the hood,navy,7349,Kartabya Aryal on Unsplash (https://unsplash.com/photos/woman-in-hoodie-while-both-hands-holding-the-hood-x00wIOG5FJc)
https://images.unsplash.com/photo-1577597759406-0bd867a7c07f?crop=entropy&cs=tinysrgb&fit=max&fm=jpg&ixid=M3w5OTUzMzZ8MHwxfHNlYXJjaHwxNHx8aG9vZGllJTIwc3dlYXRzaGlydCUyMGNsb3RoaW5nfGVufDF8MXx8fDE3ODQwOTI1NDl8MA&ixlib=rb-4.1.0&q=80&w=1080,Red hoodie,hoodie,woman in red hoodie facing sunlight,red,4099,Ihor Saveliev on Unsplash (https://unsplash.com/photos/woman-in-red-hoodie-facing-sunlight-k9RYF3ii0g8)
https://images.unsplash.com/photo-1564858775248-ab611c9abd3d?crop=entropy&cs=tinysrgb&fit=max&fm=jpg&ixid=M3w5OTUzMzZ8MHwxfHNlYXJjaHwxNXx8aG9vZGllJTIwc3dlYXRzaGlydCUyMGNsb3RoaW5nfGVufDF8MXx8fDE3ODQwOTI1NDl8MA&ixlib=rb-4.1.0&q=80&w=1080,Navy hoodie,hoodie,men's gray hooded jacket,navy,5899,Sincerely Media on Unsplash (https://unsplash.com/photos/mens-gray-hooded-jacket-CFgRaouVyBM)
https://images.unsplash.com/photo-1594656375376-64d56e2f3ed1?crop=entropy&cs=tinysrgb&fit=max&fm=jpg&ixid=M3w5OTUzMzZ8MHwxfHNlYXJjaHwxNnx8aG9vZGllJTIwc3dlYXRzaGlydCUyMGNsb3RoaW5nfGVufDF8MXx8fDE3ODQwOTI1NDl8MA&ixlib=rb-4.1.0&q=80&w=1080,Brown hoodie,hoodie,woman in gray hoodie standing near red wall,brown,7149,Max Titov on Unsplash (https://unsplash.com/photos/woman-in-gray-hoodie-standing-near-red-wall-IyBoulaZsNA)
https://images.unsplash.com/photo-1616030246702-6d87f464b419?crop=entropy&cs=tinysrgb&fit=max&fm=jpg&ixid=M3w5OTUzMzZ8MHwxfHNlYXJjaHwxN3x8aG9vZGllJTIwc3dlYXRzaGlydCUyMGNsb3RoaW5nfGVufDF8MXx8fDE3ODQwOTI1NDl8MA&ixlib=rb-4.1.0&q=80&w=1080,White hoodie,hoodie,woman in white hoodie standing near white wall,white,8149,clikcc Colin Yarbrough on Unsplash (https://unsplash.com/photos/woman-in-white-hoodie-standing-near-white-wall-4hKSvbmNA5I)
https://images.unsplash.com/photo-1685354218056-cb10c98b8c88?crop=entropy&cs=tinysrgb&fit=max&fm=jpg&ixid=M3w5OTUzMzZ8MHwxfHNlYXJjaHwxOHx8aG9vZGllJTIwc3dlYXRzaGlydCUyMGNsb3RoaW5nfGVufDF8MXx8fDE3ODQwOTI1NDl8MA&ixlib=rb-4.1.0&q=80&w=1080,Black hoodie,hoodie,a woman wearing a green hoodie standing in front of a blue wall,black,4499,Redicul Pict on Unsplash (https://unsplash.com/photos/a-woman-wearing-a-green-hoodie-standing-in-front-of-a-blue-wall-SGVyegCsh-U)
https://images.unsplash.com/photo-1632073143817-8cd5b2165e20?crop=entropy&cs=tinysrgb&fit=max&fm=jpg&ixid=M3w5OTUzMzZ8MHwxfHNlYXJjaHwxOXx8aG9vZGllJTIwc3dlYXRzaGlydCUyMGNsb3RoaW5nfGVufDF8MXx8fDE3ODQwOTI1NDl8MA&ixlib=rb-4.1.0&q=80&w=1080,Grey hoodie,hoodie,a man in a gray hoodie standing in front of a wall,grey,9699,adriaan venner scheepers on Unsplash (https://unsplash.com/photos/a-man-in-a-gray-hoodie-standing-in-front-of-a-wall-qHnmgJya2Zg)
https://images.unsplash.com/photo-1771950014791-9a9771724369?crop=entropy&cs=tinysrgb&fit=max&fm=jpg&ixid=M3w5OTUzMzZ8MHwxfHNlYXJjaHwyMHx8aG9vZGllJTIwc3dlYXRzaGlydCUyMGNsb3RoaW5nfGVufDF8MXx8fDE3ODQwOTI1NDl8MA&ixlib=rb-4.1.0&q=80&w=1080,Grey hoodie,hoodie,Young person in a red hoodie with intricate patterns.,grey,6349,Temuujin Purevjav on Unsplash (https://unsplash.com/photos/young-person-in-a-red-hoodie-with-intricate-patterns-Bjyq6n_2bpQ)
https://images.unsplash.com/photo-1619708443838-df616a72bb74?crop=entropy&cs=tinysrgb&fit=max&fm=jpg&ixid=M3w5OTUzMzZ8MHwxfHNlYXJjaHwyMXx8aG9vZGllJTIwc3dlYXRzaGlydCUyMGNsb3RoaW5nfGVufDF8MXx8fDE3ODQwOTI1NDl8MA&ixlib=rb-4.1.0&q=80&w=1080,Grey hoodie,hoodie,man in black hoodie and blue denim jeans sitting on gray concrete wall,grey,4099,Aedrian Salazar on Unsplash (https://unsplash.com/photos/man-in-black-hoodie-and-blue-denim-jeans-sitting-on-gray-concrete-wall-6XYkAU9j5vg)
https://images.unsplash.com/photo-1589178698655-a3153b64e8fa?crop=entropy&cs=tinysrgb&fit=max&fm=jpg&ixid=M3w5OTUzMzZ8MHwxfHNlYXJjaHwyMnx8aG9vZGllJTIwc3dlYXRzaGlydCUyMGNsb3RoaW5nfGVufDF8MXx8fDE3ODQwOTI1NDl8MA&ixlib=rb-4.1.0&q=80&w=1080,Cream hoodie,hoodie,woman in red hoodie and blue pants sitting on brown wooden bench during daytime,cream,11899,Maxim Mushnikov on Unsplash (https://unsplash.com/photos/woman-in-red-hoodie-and-blue-pants-sitting-on-brown-wooden-bench-during-daytime-tv7XS44HPPc)
https://images.unsplash.com/photo-1642978279354-d0d47730cd2b?crop=entropy&cs=tinysrgb&fit=max&fm=jpg&ixid=M3w5OTUzMzZ8MHwxfHNlYXJjaHwyM3x8aG9vZGllJTIwc3dlYXRzaGlydCUyMGNsb3RoaW5nfGVufDF8MXx8fDE3ODQwOTI1NDl8MA&ixlib=rb-4.1.0&q=80&w=1080,Cream hoodie,hoodie,a man in a hoodie standing on top of a mountain,cream,8699,Thierry Lemaitre on Unsplash (https://unsplash.com/photos/a-man-in-a-hoodie-standing-on-top-of-a-mountain-d8CV2pvlC_U)
https://images.unsplash.com/photo-1637206613746-64063c3ec68c?crop=entropy&cs=tinysrgb&fit=max&fm=jpg&ixid=M3w5OTUzMzZ8MHwxfHNlYXJjaHwyNHx8aG9vZGllJTIwc3dlYXRzaGlydCUyMGNsb3RoaW5nfGVufDF8MXx8fDE3ODQwOTI1NDl8MA&ixlib=rb-4.1.0&q=80&w=1080,Grey hoodie,hoodie,a man in a white hoodie leaning against a fence,grey,8749,Yusron El Jihan on Unsplash (https://unsplash.com/photos/a-man-in-a-white-hoodie-leaning-against-a-fence-xBk4YWEJCW0)
https://images.unsplash.com/photo-1637206614670-e3f13e2c5984?crop=entropy&cs=tinysrgb&fit=max&fm=jpg&ixid=M3w5OTUzMzZ8MHwxfHNlYXJjaHwyNXx8aG9vZGllJTIwc3dlYXRzaGlydCUyMGNsb3RoaW5nfGVufDF8MXx8fDE3ODQwOTI1NDl8MA&ixlib=rb-4.1.0&q=80&w=1080,Grey hoodie,hoodie,a man in a white hoodie is standing on a bridge,grey,10299,Yusron El Jihan on Unsplash (https://unsplash.com/photos/a-man-in-a-white-hoodie-is-standing-on-a-bridge-QDP3VT92Bo4)
https://images.unsplash.com/photo-1622567893612-a5345baa5c9a?crop=entropy&cs=tinysrgb&fit=max&fm=jpg&ixid=M3w5OTUzMzZ8MHwxfHNlYXJjaHwyNnx8aG9vZGllJTIwc3dlYXRzaGlydCUyMGNsb3RoaW5nfGVufDF8MXx8fDE3ODQwOTI1NDl8MA&ixlib=rb-4.1.0&q=80&w=1080,White hoodie,hoodie,black jacket hanging on rope during daytime,white,9699,whereslugo on Unsplash (https://unsplash.com/photos/black-jacket-hanging-on-rope-during-daytime-qq-YDhd3bbg)
https://images.unsplash.com/photo-1642978276910-3389e249a342?crop=entropy&cs=tinysrgb&fit=max&fm=jpg&ixid=M3w5OTUzMzZ8MHwxfHNlYXJjaHwyN3x8aG9vZGllJTIwc3dlYXRzaGlydCUyMGNsb3RoaW5nfGVufDF8MXx8fDE3ODQwOTI1NDl8MA&ixlib=rb-4.1.0&q=80&w=1080,Cream hoodie,hoodie,a man with a goatee and a hoodie on,cream,4149,Thierry Lemaitre on Unsplash (https://unsplash.com/photos/a-man-with-a-goatee-and-a-hoodie-on-B_bCCcumdW0)
https://images.unsplash.com/photo-1642978277577-83c6ceac4820?crop=entropy&cs=tinysrgb&fit=max&fm=jpg&ixid=M3w5OTUzMzZ8MHwxfHNlYXJjaHwyOHx8aG9vZGllJTIwc3dlYXRzaGlydCUyMGNsb3RoaW5nfGVufDF8MXx8fDE3ODQwOTI1NDl8MA&ixlib=rb-4.1.0&q=80&w=1080,Cream hoodie,hoodie,a man in a hoodie standing with his arms crossed,cream,10149,Thierry Lemaitre on Unsplash (https://unsplash.com/photos/a-man-in-a-hoodie-standing-with-his-arms-crossed-HRNDJkOGZ9Q)
https://images.unsplash.com/photo-1642978278947-dc366f4375a8?crop=entropy&cs=tinysrgb&fit=max&fm=jpg&ixid=M3w5OTUzMzZ8MHwxfHNlYXJjaHwyOXx8aG9vZGllJTIwc3dlYXRzaGlydCUyMGNsb3RoaW5nfGVufDF8MXx8fDE3ODQwOTI1NDl8MA&ixlib=rb-4.1.0&q=80&w=1080,Navy hoodie,hoodie,a man with a backpack standing on a hill,navy,4499,Thierry Lemaitre on Unsplash (https://unsplash.com/photos/a-man-with-a-backpack-standing-on-a-hill-tylto1g8Wbg)
https://images.unsplash.com/photo-1642978278103-a46ee0181634?crop=entropy&cs=tinysrgb&fit=max&fm=jpg&ixid=M3w5OTUzMzZ8MHwxfHNlYXJjaHwzMHx8aG9vZGllJTIwc3dlYXRzaGlydCUyMGNsb3RoaW5nfGVufDF8MXx8fDE3ODQwOTI1NDl8MA&ixlib=rb-4.1.0&q=80&w=1080,White hoodie,hoodie,a man sitting on top of a large rock,white,10299,Thierry Lemaitre on Unsplash (https://unsplash.com/photos/a-man-sitting-on-top-of-a-large-rock-M7QXU56Ww80)
https://images.unsplash.com/photo-1637206616858-7e80633a6162?crop=entropy&cs=tinysrgb&fit=max&fm=jpg&ixid=M3w5OTUzMzZ8MHwxfHNlYXJjaHwzMXx8aG9vZGllJTIwc3dlYXRzaGlydCUyMGNsb3RoaW5nfGVufDF8MXx8fDE3ODQwOTI1NTB8MA&ixlib=rb-4.1.0&q=80&w=1080,Grey hoodie,hoodie,a man wearing a face mask standing on a sidewalk,grey,9549,Yusron El Jihan on Unsplash (https://unsplash.com/photos/a-man-wearing-a-face-mask-standing-on-a-sidewalk-ydwBkkycSsM)
https://images.unsplash.com/photo-1637206616870-b5bc5b8c879e?crop=entropy&cs=tinysrgb&fit=max&fm=jpg&ixid=M3w5OTUzMzZ8MHwxfHNlYXJjaHwzMnx8aG9vZGllJTIwc3dlYXRzaGlydCUyMGNsb3RoaW5nfGVufDF8MXx8fDE3ODQwOTI1NTB8MA&ixlib=rb-4.1.0&q=80&w=1080,Cream hoodie,hoodie,a man wearing a face mask standing on a sidewalk,cream,4349,Yusron El Jihan on Unsplash (https://unsplash.com/photos/a-man-wearing-a-face-mask-standing-on-a-sidewalk-FfpNNd8yydo)
https://images.unsplash.com/flagged/photo-1575829258379-6f9d5d93eefe?crop=entropy&cs=tinysrgb&fit=max&fm=jpg&ixid=M3w5OTUzMzZ8MHwxfHNlYXJjaHwzM3x8aG9vZGllJTIwc3dlYXRzaGlydCUyMGNsb3RoaW5nfGVufDF8MXx8fDE3ODQwOTI1NTB8MA&ixlib=rb-4.1.0&q=80&w=1080,Navy hoodie,hoodie,woman standing on road near vehicle and buildings,navy,7099,Wassim Chouak on Unsplash (https://unsplash.com/photos/woman-standing-on-road-near-vehicle-and-buildings-FohxYMt-3d0)
https://images.unsplash.com/photo-1642978276901-29ef66b39ebc?crop=entropy&cs=tinysrgb&fit=max&fm=jpg&ixid=M3w5OTUzMzZ8MHwxfHNlYXJjaHwzNHx8aG9vZGllJTIwc3dlYXRzaGlydCUyMGNsb3RoaW5nfGVufDF8MXx8fDE3ODQwOTI1NTB8MA&ixlib=rb-4.1.0&q=80&w=1080,Cream hoodie,hoodie,a man wearing a hoodie and looking off into the distance,cream,11899,Thierry Lemaitre on Unsplash (https://unsplash.com/photos/a-man-wearing-a-hoodie-and-looking-off-into-the-distance-1CORKh7x6Z4)
https://images.unsplash.com/photo-1779675787288-a37fef52348c?crop=entropy&cs=tinysrgb&fit=max&fm=jpg&ixid=M3w5OTUzMzZ8MHwxfHNlYXJjaHwzNXx8aG9vZGllJTIwc3dlYXRzaGlydCUyMGNsb3RoaW5nfGVufDF8MXx8fDE3ODQwOTI1NTB8MA&ixlib=rb-4.1.0&q=80&w=1080,White hoodie,hoodie,A blonde woman poses in an oversized pink tracksuit.,white,8099,ola szkolda on Unsplash (https://unsplash.com/photos/a-blonde-woman-poses-in-an-oversized-pink-tracksuit-4ywQOCAl2XI)
https://images.unsplash.com/photo-1773236175343-0c297feae0c1?crop=entropy&cs=tinysrgb&fit=max&fm=jpg&ixid=M3w5OTUzMzZ8MHwxfHNlYXJjaHwzNnx8aG9vZGllJTIwc3dlYXRzaGlydCUyMGNsb3RoaW5nfGVufDF8MXx8fDE3ODQwOTI1NTB8MA&ixlib=rb-4.1.0&q=80&w=1080,White hoodie,hoodie,Three young men posing outdoors with greenery,white,10549,Bien'arts on Unsplash (https://unsplash.com/photos/three-young-men-posing-outdoors-with-greenery-R9oQeMv8Sm0)
https://images.unsplash.com/photo-1766189790516-8878365618c0?crop=entropy&cs=tinysrgb&fit=max&fm=jpg&ixid=M3w5OTUzMzZ8MHwxfHNlYXJjaHwzN3x8aG9vZGllJTIwc3dlYXRzaGlydCUyMGNsb3RoaW5nfGVufDF8MXx8fDE3ODQwOTI1NTB8MA&ixlib=rb-4.1.0&q=80&w=1080,Navy hoodie,hoodie,Man in hoodie near campfire in forest,navy,6699,Luke Gallegos on Unsplash (https://unsplash.com/photos/man-in-hoodie-near-campfire-in-forest-eqz1A0MLxE0)
https://images.unsplash.com/photo-1779675789749-90eaee4c9152?crop=entropy&cs=tinysrgb&fit=max&fm=jpg&ixid=M3w5OTUzMzZ8MHwxfHNlYXJjaHwzOHx8aG9vZGllJTIwc3dlYXRzaGlydCUyMGNsb3RoaW5nfGVufDF8MXx8fDE3ODQwOTI1NTB8MA&ixlib=rb-4.1.0&q=80&w=1080,Navy hoodie,hoodie,Blonde woman in red oversized outfit against blue background.,navy,10549,ola szkolda on Unsplash (https://unsplash.com/photos/blonde-woman-in-red-oversized-outfit-against-blue-background-ePT0UL05ggg)
https://images.unsplash.com/photo-1541363991777-6102d48f972d?crop=entropy&cs=tinysrgb&fit=max&fm=jpg&ixid=M3w5OTUzMzZ8MHwxfHNlYXJjaHwzOXx8aG9vZGllJTIwc3dlYXRzaGlydCUyMGNsb3RoaW5nfGVufDF8MXx8fDE3ODQwOTI1NTB8MA&ixlib=rb-4.1.0&q=80&w=1080,Beige hoodie,hoodie,turned on Dell laptop on brown stools,beige,7899,Amith Nair on Unsplash (https://unsplash.com/photos/turned-on-dell-laptop-on-brown-stools-GFJd8pfErUQ)
https://images.unsplash.com/photo-1642649175413-5e03be545895?crop=entropy&cs=tinysrgb&fit=max&fm=jpg&ixid=M3w5OTUzMzZ8MHwxfHNlYXJjaHw0MHx8aG9vZGllJTIwc3dlYXRzaGlydCUyMGNsb3RoaW5nfGVufDF8MXx8fDE3ODQwOTI1NTB8MA&ixlib=rb-4.1.0&q=80&w=1080,Beige hoodie,hoodie,a group of three people standing next to each other,beige,11299,Pesce Huang on Unsplash (https://unsplash.com/photos/a-group-of-three-people-standing-next-to-each-other--nR2ObPqcko)
https://images.unsplash.com/photo-1644084947934-9a8a769e8c87?crop=entropy&cs=tinysrgb&fit=max&fm=jpg&ixid=M3w5OTUzMzZ8MHwxfHNlYXJjaHw0MXx8aG9vZGllJTIwc3dlYXRzaGlydCUyMGNsb3RoaW5nfGVufDF8MXx8fDE3ODQwOTI1NTB8MA&ixlib=rb-4.1.0&q=80&w=1080,Navy hoodie,hoodie,a man with a mustache standing in front of a building,navy,6899,mehrab zahedbeigi on Unsplash (https://unsplash.com/photos/a-man-with-a-mustache-standing-in-front-of-a-building-nEfI2ff2SLU)
https://images.unsplash.com/photo-1757495404191-e94ed7e70046?crop=entropy&cs=tinysrgb&fit=max&fm=jpg&ixid=M3w5OTUzMzZ8MHwxfHNlYXJjaHw0Mnx8aG9vZGllJTIwc3dlYXRzaGlydCUyMGNsb3RoaW5nfGVufDF8MXx8fDE3ODQwOTI1NTB8MA&ixlib=rb-4.1.0&q=80&w=1080,Navy hoodie,hoodie,Young woman with blonde hair wearing a dark hoodie.,navy,4699,Dev Benjamin on Unsplash (https://unsplash.com/photos/young-woman-with-blonde-hair-wearing-a-dark-hoodie-xqhif3j_SAg)
https://images.unsplash.com/photo-1701673073442-992cfb54b7e8?crop=entropy&cs=tinysrgb&fit=max&fm=jpg&ixid=M3w5OTUzMzZ8MHwxfHNlYXJjaHw0M3x8aG9vZGllJTIwc3dlYXRzaGlydCUyMGNsb3RoaW5nfGVufDF8MXx8fDE3ODQwOTI1NTB8MA&ixlib=rb-4.1.0&q=80&w=1080,Beige hoodie,hoodie,a person sitting on top of a wooden bench,beige,5149,SASI on Unsplash (https://unsplash.com/photos/a-person-sitting-on-top-of-a-wooden-bench-m4JatR9iLCY)
https://images.unsplash.com/photo-1739430170419-a3a0ad7833cb?crop=entropy&cs=tinysrgb&fit=max&fm=jpg&ixid=M3w5OTUzMzZ8MHwxfHNlYXJjaHw0NHx8aG9vZGllJTIwc3dlYXRzaGlydCUyMGNsb3RoaW5nfGVufDF8MXx8fDE3ODQwOTI1NTB8MA&ixlib=rb-4.1.0&q=80&w=1080,Green hoodie,hoodie,A woman sitting on top of a metal box,green,8949,Masoud Razeghi on Unsplash (https://unsplash.com/photos/a-woman-sitting-on-top-of-a-metal-box-JATLypKg9jE)
https://images.unsplash.com/photo-1680948127771-72b62a77df88?crop=entropy&cs=tinysrgb&fit=max&fm=jpg&ixid=M3w5OTUzMzZ8MHwxfHNlYXJjaHw0NXx8aG9vZGllJTIwc3dlYXRzaGlydCUyMGNsb3RoaW5nfGVufDF8MXx8fDE3ODQwOTI1NTB8MA&ixlib=rb-4.1.0&q=80&w=1080,Grey hoodie,hoodie,a tan sweater hanging on a clothes line,grey,7349,Just Capturing It on Unsplash (https://unsplash.com/photos/a-tan-sweater-hanging-on-a-clothes-line-wIy8Eh4CFis)
https://images.unsplash.com/photo-1578172745579-92c2de4f383a?crop=entropy&cs=tinysrgb&fit=max&fm=jpg&ixid=M3w5OTUzMzZ8MHwxfHNlYXJjaHw0Nnx8aG9vZGllJTIwc3dlYXRzaGlydCUyMGNsb3RoaW5nfGVufDF8MXx8fDE3ODQwOTI1NTB8MA&ixlib=rb-4.1.0&q=80&w=1080,Black hoodie,hoodie,woman looking down,black,11499,Kartabya Aryal on Unsplash (https://unsplash.com/photos/woman-looking-down-VwUWhzP3vSo)
https://images.unsplash.com/photo-1734766446977-dcb53ab99e2b?crop=entropy&cs=tinysrgb&fit=max&fm=jpg&ixid=M3w5OTUzMzZ8MHwxfHNlYXJjaHw0N3x8aG9vZGllJTIwc3dlYXRzaGlydCUyMGNsb3RoaW5nfGVufDF8MXx8fDE3ODQwOTI1NTB8MA&ixlib=rb-4.1.0&q=80&w=1080,Navy hoodie,hoodie,A man standing next to a green pole,navy,4099,Robiul Islam Pailot on Unsplash (https://unsplash.com/photos/a-man-standing-next-to-a-green-pole-2i6qF7OtP7Q)
https://images.unsplash.com/photo-1713371675862-df80189b1bd3?crop=entropy&cs=tinysrgb&fit=max&fm=jpg&ixid=M3w5OTUzMzZ8MHwxfHNlYXJjaHw0OHx8aG9vZGllJTIwc3dlYXRzaGlydCUyMGNsb3RoaW5nfGVufDF8MXx8fDE3ODQwOTI1NTB8MA&ixlib=rb-4.1.0&q=80&w=1080,Pink hoodie,hoodie,a woman sitting on the ground with a cell phone to her ear,pink,8499,Look Studio on Unsplash (https://unsplash.com/photos/a-woman-sitting-on-the-ground-with-a-cell-phone-to-her-ear-x2qZmkznIoU)
https://images.unsplash.com/photo-1608054321461-55d899ee08a4?crop=entropy&cs=tinysrgb&fit=max&fm=jpg&ixid=M3w5OTUzMzZ8MHwxfHNlYXJjaHw0OXx8aG9vZGllJTIwc3dlYXRzaGlydCUyMGNsb3RoaW5nfGVufDF8MXx8fDE3ODQwOTI1NTB8MA&ixlib=rb-4.1.0&q=80&w=1080,Beige hoodie,hoodie,woman in pink hoodie sitting on white chair,beige,5699,Laura Chouette on Unsplash (https://unsplash.com/photos/woman-in-pink-hoodie-sitting-on-white-chair-_jXObZOT5BI)
https://images.unsplash.com/photo-1622024276133-461ccc49d2c8?crop=entropy&cs=tinysrgb&fit=max&fm=jpg&ixid=M3w5OTUzMzZ8MHwxfHNlYXJjaHw1MHx8aG9vZGllJTIwc3dlYXRzaGlydCUyMGNsb3RoaW5nfGVufDF8MXx8fDE3ODQwOTI1NTB8MA&ixlib=rb-4.1.0&q=80&w=1080,Green hoodie,hoodie,woman in gray hoodie and black pants sitting on gray couch,green,9949,ERNEST TARASOV on Unsplash (https://unsplash.com/photos/woman-in-gray-hoodie-and-black-pants-sitting-on-gray-couch-69Nqr8QdQU4)
https://images.unsplash.com/photo-1674695662162-cc9cdf494e88?crop=entropy&cs=tinysrgb&fit=max&fm=jpg&ixid=M3w5OTUzMzZ8MHwxfHNlYXJjaHw1MXx8aG9vZGllJTIwc3dlYXRzaGlydCUyMGNsb3RoaW5nfGVufDF8MXx8fDE3ODQwOTI1NTB8MA&ixlib=rb-4.1.0&q=80&w=1080,Cream hoodie,hoodie,a woman wearing a hoodie in the snow,cream,5099,Anton Polidovets on Unsplash (https://unsplash.com/photos/a-woman-wearing-a-hoodie-in-the-snow-FFftffJyks8)
https://images.unsplash.com/photo-1571754338920-1ba712024258?crop=entropy&cs=tinysrgb&fit=max&fm=jpg&ixid=M3w5OTUzMzZ8MHwxfHNlYXJjaHw1Mnx8aG9vZGllJTIwc3dlYXRzaGlydCUyMGNsb3RoaW5nfGVufDF8MXx8fDE3ODQwOTI1NTB8MA&ixlib=rb-4.1.0&q=80&w=1080,Black hoodie,hoodie,woman in hoodie by tree,black,8749,Ali Pazani on Unsplash (https://unsplash.com/photos/woman-in-hoodie-by-tree-AMNQ9vNSiAw)
https://images.unsplash.com/photo-1739958221850-c5a4774672f6?crop=entropy&cs=tinysrgb&fit=max&fm=jpg&ixid=M3w5OTUzMzZ8MHwxfHNlYXJjaHw1M3x8aG9vZGllJTIwc3dlYXRzaGlydCUyMGNsb3RoaW5nfGVufDF8MXx8fDE3ODQwOTI1NTB8MA&ixlib=rb-4.1.0&q=80&w=1080,Navy hoodie,hoodie,A man standing in front of a brick building,navy,4699,AJOY DAS on Unsplash (https://unsplash.com/photos/a-man-standing-in-front-of-a-brick-building-Q2uNuzgZuBI)
https://images.unsplash.com/photo-1610980458985-24fa031d8e0e?crop=entropy&cs=tinysrgb&fit=max&fm=jpg&ixid=M3w5OTUzMzZ8MHwxfHNlYXJjaHw1NHx8aG9vZGllJTIwc3dlYXRzaGlydCUyMGNsb3RoaW5nfGVufDF8MXx8fDE3ODQwOTI1NTB8MA&ixlib=rb-4.1.0&q=80&w=1080,Grey hoodie,hoodie,woman in gray hoodie sitting on black wooden bench,grey,7899,Aryan Ghauri on Unsplash (https://unsplash.com/photos/woman-in-gray-hoodie-sitting-on-black-wooden-bench-sul7RKUmsm8)
https://images.unsplash.com/photo-1674410727604-63aed3ccd21a?crop=entropy&cs=tinysrgb&fit=max&fm=jpg&ixid=M3w5OTUzMzZ8MHwxfHNlYXJjaHw1NXx8aG9vZGllJTIwc3dlYXRzaGlydCUyMGNsb3RoaW5nfGVufDF8MXx8fDE3ODQwOTI1NTB8MA&ixlib=rb-4.1.0&q=80&w=1080,Pink hoodie,hoodie,a man in a pink hoodie standing in front of a flower display,pink,10149,Akshat Raj on Unsplash (https://unsplash.com/photos/a-man-in-a-pink-hoodie-standing-in-front-of-a-flower-display-A-hLB56mxCo)
https://images.unsplash.com/photo-1695013081006-ba8cdc2cc049?crop=entropy&cs=tinysrgb&fit=max&fm=jpg&ixid=M3w5OTUzMzZ8MHwxfHNlYXJjaHw1Nnx8aG9vZGllJTIwc3dlYXRzaGlydCUyMGNsb3RoaW5nfGVufDF8MXx8fDE3ODQwOTI1NTB8MA&ixlib=rb-4.1.0&q=80&w=1080,Grey hoodie,hoodie,a young boy standing in a field of tall grass,grey,8949,styvo Putra Sid on Unsplash (https://unsplash.com/photos/a-young-boy-standing-in-a-field-of-tall-grass-Z0jQCzDyWws)
https://images.unsplash.com/photo-1738486260184-5b091fd0e90b?crop=entropy&cs=tinysrgb&fit=max&fm=jpg&ixid=M3w5OTUzMzZ8MHwxfHNlYXJjaHw1N3x8aG9vZGllJTIwc3dlYXRzaGlydCUyMGNsb3RoaW5nfGVufDF8MXx8fDE3ODQwOTI1NTB8MA&ixlib=rb-4.1.0&q=80&w=1080,Beige hoodie,hoodie,A man in a white hoodie is standing on some steps,beige,5549,shohan hridoy on Unsplash (https://unsplash.com/photos/a-man-in-a-white-hoodie-is-standing-on-some-steps-YSsTUIqHRYc)
https://images.unsplash.com/photo-1746971054333-8b9610b397a5?crop=entropy&cs=tinysrgb&fit=max&fm=jpg&ixid=M3w5OTUzMzZ8MHwxfHNlYXJjaHw1OHx8aG9vZGllJTIwc3dlYXRzaGlydCUyMGNsb3RoaW5nfGVufDF8MXx8fDE3ODQwOTI1NTB8MA&ixlib=rb-4.1.0&q=80&w=1080,White hoodie,hoodie,A mannequin wearing a black hoodie in a store.,white,4299,Ivan Prokhorov on Unsplash (https://unsplash.com/photos/a-mannequin-wearing-a-black-hoodie-in-a-store-tlPYNrOtmOg)
https://images.unsplash.com/photo-1701673069281-57576fff092d?crop=entropy&cs=tinysrgb&fit=max&fm=jpg&ixid=M3w5OTUzMzZ8MHwxfHNlYXJjaHw1OXx8aG9vZGllJTIwc3dlYXRzaGlydCUyMGNsb3RoaW5nfGVufDF8MXx8fDE3ODQwOTI1NTB8MA&ixlib=rb-4.1.0&q=80&w=1080,Beige hoodie,hoodie,a man in a black and red hoodie standing by a lake,beige,10699,SASI on Unsplash (https://unsplash.com/photos/a-man-in-a-black-and-red-hoodie-standing-by-a-lake-PhIYcivdzjk)
https://images.unsplash.com/photo-1734766447004-4838c2d4a7ae?crop=entropy&cs=tinysrgb&fit=max&fm=jpg&ixid=M3w5OTUzMzZ8MHwxfHNlYXJjaHw2MHx8aG9vZGllJTIwc3dlYXRzaGlydCUyMGNsb3RoaW5nfGVufDF8MXx8fDE3ODQwOTI1NTB8MA&ixlib=rb-4.1.0&q=80&w=1080,Beige hoodie,hoodie,A man standing next to a green pole,beige,5699,Robiul Islam Pailot on Unsplash (https://unsplash.com/photos/a-man-standing-next-to-a-green-pole-p9Zf9iaDPhs)
https://images.unsplash.com/photo-1581655353564-df123a1eb820?crop=entropy&cs=tinysrgb&fit=max&fm=jpg&ixid=M3w5OTUzMzZ8MHwxfHNlYXJjaHwxfHx0LXNoaXJ0JTIwY2xvdGhpbmclMjBtaW5pbWFsfGVufDF8MXx8fDE3ODQwOTI1NTJ8MA&ixlib=rb-4.1.0&q=80&w=1080,Navy t-shirt,t-shirt,white crew neck t-shirt,navy,2899,Haryo Setyadi on Unsplash (https://unsplash.com/photos/white-crew-neck-t-shirt-acn5ERAeSb4)
https://images.unsplash.com/photo-1583743814966-8936f5b7be1a?crop=entropy&cs=tinysrgb&fit=max&fm=jpg&ixid=M3w5OTUzMzZ8MHwxfHNlYXJjaHwyfHx0LXNoaXJ0JTIwY2xvdGhpbmclMjBtaW5pbWFsfGVufDF8MXx8fDE3ODQwOTI1NTJ8MA&ixlib=rb-4.1.0&q=80&w=1080,Cream t-shirt,t-shirt,black crew neck t-shirt,cream,4699,Faith & Yarn on Unsplash (https://unsplash.com/photos/black-crew-neck-t-shirt-Wr0TpKqf26s)
https://images.unsplash.com/photo-1759572095384-1a7e646d0d4f?crop=entropy&cs=tinysrgb&fit=max&fm=jpg&ixid=M3w5OTUzMzZ8MHwxfHNlYXJjaHwzfHx0LXNoaXJ0JTIwY2xvdGhpbmclMjBtaW5pbWFsfGVufDF8MXx8fDE3ODQwOTI1NTJ8MA&ixlib=rb-4.1.0&q=80&w=1080,White t-shirt,t-shirt,"Two t-shirts, black and light green, with cotton sprigs.",white,4949,tian dayong on Unsplash (https://unsplash.com/photos/two-t-shirts-black-and-light-green-with-cotton-sprigs-EFCpLBQbxIU)
https://images.unsplash.com/photo-1759572095329-1dcf9522762b?crop=entropy&cs=tinysrgb&fit=max&fm=jpg&ixid=M3w5OTUzMzZ8MHwxfHNlYXJjaHw0fHx0LXNoaXJ0JTIwY2xvdGhpbmclMjBtaW5pbWFsfGVufDF8MXx8fDE3ODQwOTI1NTJ8MA&ixlib=rb-4.1.0&q=80&w=1080,White t-shirt,t-shirt,A light green t-shirt with cotton branches.,white,3499,tian dayong on Unsplash (https://unsplash.com/photos/a-light-green-t-shirt-with-cotton-branches-oLSnyhU2BVU)
https://images.unsplash.com/photo-1618354691551-44de113f0164?crop=entropy&cs=tinysrgb&fit=max&fm=jpg&ixid=M3w5OTUzMzZ8MHwxfHNlYXJjaHw1fHx0LXNoaXJ0JTIwY2xvdGhpbmclMjBtaW5pbWFsfGVufDF8MXx8fDE3ODQwOTI1NTJ8MA&ixlib=rb-4.1.0&q=80&w=1080,White t-shirt,t-shirt,black long sleeve shirt on white table,white,2699,Ryan Hoffman on Unsplash (https://unsplash.com/photos/black-long-sleeve-shirt-on-white-table-A7f7XRKgUWc)
https://images.unsplash.com/photo-1746899603348-ab9afd71e16d?crop=entropy&cs=tinysrgb&fit=max&fm=jpg&ixid=M3w5OTUzMzZ8MHwxfHNlYXJjaHw2fHx0LXNoaXJ0JTIwY2xvdGhpbmclMjBtaW5pbWFsfGVufDF8MXx8fDE3ODQwOTI1NTJ8MA&ixlib=rb-4.1.0&q=80&w=1080,Black t-shirt,t-shirt,"Someone wears a white ""the architect"" t-shirt.",black,2299,Roman Manshin on Unsplash (https://unsplash.com/photos/someone-wears-a-white-the-architect-t-shirt-zUhuGSdsyAQ)
https://images.unsplash.com/photo-1713881604560-085594ed2c3d?crop=entropy&cs=tinysrgb&fit=max&fm=jpg&ixid=M3w5OTUzMzZ8MHwxfHNlYXJjaHw3fHx0LXNoaXJ0JTIwY2xvdGhpbmclMjBtaW5pbWFsfGVufDF8MXx8fDE3ODQwOTI1NTJ8MA&ixlib=rb-4.1.0&q=80&w=1080,Cream t-shirt,t-shirt,a white shirt hanging on a clothes line,cream,4749,tian dayong on Unsplash (https://unsplash.com/photos/a-white-shirt-hanging-on-a-clothes-line-snD-3d6cpbg)
https://images.unsplash.com/photo-1713881587420-113c1c43e28a?crop=entropy&cs=tinysrgb&fit=max&fm=jpg&ixid=M3w5OTUzMzZ8MHwxfHNlYXJjaHw4fHx0LXNoaXJ0JTIwY2xvdGhpbmclMjBtaW5pbWFsfGVufDF8MXx8fDE3ODQwOTI1NTJ8MA&ixlib=rb-4.1.0&q=80&w=1080,Cream t-shirt,t-shirt,a white shirt hanging on a clothes line,cream,3099,tian dayong on Unsplash (https://unsplash.com/photos/a-white-shirt-hanging-on-a-clothes-line-S4f4apZd-hA)
https://images.unsplash.com/photo-1621773881532-fe65715b5137?crop=entropy&cs=tinysrgb&fit=max&fm=jpg&ixid=M3w5OTUzMzZ8MHwxfHNlYXJjaHw5fHx0LXNoaXJ0JTIwY2xvdGhpbmclMjBtaW5pbWFsfGVufDF8MXx8fDE3ODQwOTI1NTJ8MA&ixlib=rb-4.1.0&q=80&w=1080,Black t-shirt,t-shirt,white polo shirt hanged on brown wooden cabinet,black,2549,Lisanto 李奕良 on Unsplash (https://unsplash.com/photos/white-polo-shirt-hanged-on-brown-wooden-cabinet-ve2dwNxZ5Rg)
https://images.unsplash.com/photo-1713881649391-a1c8ddaf83cd?crop=entropy&cs=tinysrgb&fit=max&fm=jpg&ixid=M3w5OTUzMzZ8MHwxfHNlYXJjaHwxMHx8dC1zaGlydCUyMGNsb3RoaW5nJTIwbWluaW1hbHxlbnwxfDF8fHwxNzg0MDkyNTUyfDA&ixlib=rb-4.1.0&q=80&w=1080,Cream t-shirt,t-shirt,a blue shirt hanging on a clothes line,cream,4899,tian dayong on Unsplash (https://unsplash.com/photos/a-blue-shirt-hanging-on-a-clothes-line-8UsQoiJLNNQ)
https://images.unsplash.com/photo-1610948199252-995d1f449363?crop=entropy&cs=tinysrgb&fit=max&fm=jpg&ixid=M3w5OTUzMzZ8MHwxfHNlYXJjaHwxMXx8dC1zaGlydCUyMGNsb3RoaW5nJTIwbWluaW1hbHxlbnwxfDF8fHwxNzg0MDkyNTUyfDA&ixlib=rb-4.1.0&q=80&w=1080,Black t-shirt,t-shirt,woman in black crew neck t-shirt wearing red sunglasses,black,4349,uji kanggo gumilang on Unsplash (https://unsplash.com/photos/woman-in-black-crew-neck-t-shirt-wearing-red-sunglasses-sMn0sxR8v2E)
https://images.unsplash.com/photo-1692003509966-80ca67c85068?crop=entropy&cs=tinysrgb&fit=max&fm=jpg&ixid=M3w5OTUzMzZ8MHwxfHNlYXJjaHwxMnx8dC1zaGlydCUyMGNsb3RoaW5nJTIwbWluaW1hbHxlbnwxfDF8fHwxNzg0MDkyNTUyfDA&ixlib=rb-4.1.0&q=80&w=1080,White t-shirt,t-shirt,a man standing in front of a white wall,white,2749,Artem Balashevsky on Unsplash (https://unsplash.com/photos/a-man-standing-in-front-of-a-white-wall-v5MKyCTw7rY)
https://images.unsplash.com/photo-1503342484812-ee33283508a5?crop=entropy&cs=tinysrgb&fit=max&fm=jpg&ixid=M3w5OTUzMzZ8MHwxfHNlYXJjaHwxM3x8dC1zaGlydCUyMGNsb3RoaW5nJTIwbWluaW1hbHxlbnwxfDF8fHwxNzg0MDkyNTUyfDA&ixlib=rb-4.1.0&q=80&w=1080,Navy t-shirt,t-shirt,woman walking near building,navy,2699,ian dooley on Unsplash (https://unsplash.com/photos/woman-walking-near-building-1yl3jzKoKXg)
https://images.unsplash.com/photo-1503341910231-c3d098fafba1?crop=entropy&cs=tinysrgb&fit=max&fm=jpg&ixid=M3w5OTUzMzZ8MHwxfHNlYXJjaHwxNHx8dC1zaGlydCUyMGNsb3RoaW5nJTIwbWluaW1hbHxlbnwxfDF8fHwxNzg0MDkyNTUyfDA&ixlib=rb-4.1.0&q=80&w=1080,Cream t-shirt,t-shirt,shallow focus photo of man in black T-shirt using smartphone,cream,4299,ian dooley on Unsplash (https://unsplash.com/photos/shallow-focus-photo-of-man-in-black-t-shirt-using-smartphone-RTr1c-ZLe0c)
https://images.unsplash.com/photo-1503341654871-ed7935f6e05e?crop=entropy&cs=tinysrgb&fit=max&fm=jpg&ixid=M3w5OTUzMzZ8MHwxfHNlYXJjaHwxNXx8dC1zaGlydCUyMGNsb3RoaW5nJTIwbWluaW1hbHxlbnwxfDF8fHwxNzg0MDkyNTUyfDA&ixlib=rb-4.1.0&q=80&w=1080,Navy t-shirt,t-shirt,silhouette photo of man,navy,5549,ian dooley on Unsplash (https://unsplash.com/photos/silhouette-photo-of-man-t3EsOtf0QVc)
https://images.unsplash.com/photo-1503341960582-b45751874cf0?crop=entropy&cs=tinysrgb&fit=max&fm=jpg&ixid=M3w5OTUzMzZ8MHwxfHNlYXJjaHwxNnx8dC1zaGlydCUyMGNsb3RoaW5nJTIwbWluaW1hbHxlbnwxfDF8fHwxNzg0MDkyNTUyfDA&ixlib=rb-4.1.0&q=80&w=1080,Beige t-shirt,t-shirt,a man standing on top of a roof next to a tall building,beige,2149,ian dooley on Unsplash (https://unsplash.com/photos/a-man-standing-on-top-of-a-roof-next-to-a-tall-building-HBGUsKKTxdU)
https://images.unsplash.com/photo-1749547701912-1d7e6a00c566?crop=entropy&cs=tinysrgb&fit=max&fm=jpg&ixid=M3w5OTUzMzZ8MHwxfHNlYXJjaHwxN3x8dC1zaGlydCUyMGNsb3RoaW5nJTIwbWluaW1hbHxlbnwxfDF8fHwxNzg0MDkyNTUyfDA&ixlib=rb-4.1.0&q=80&w=1080,Navy t-shirt,t-shirt,Close-up of a zara garment with red stripes.,navy,2149,Katya Azimova on Unsplash (https://unsplash.com/photos/close-up-of-a-zara-garment-with-red-stripes-vGVZJICuH3k)
https://images.unsplash.com/photo-1758538843183-c31eee9aca87?crop=entropy&cs=tinysrgb&fit=max&fm=jpg&ixid=M3w5OTUzMzZ8MHwxfHNlYXJjaHwxOHx8dC1zaGlydCUyMGNsb3RoaW5nJTIwbWluaW1hbHxlbnwxfDF8fHwxNzg0MDkyNTUyfDA&ixlib=rb-4.1.0&q=80&w=1080,Navy t-shirt,t-shirt,Man with beard touching his chin thoughtfully.,navy,4899,abolfazl babaei on Unsplash (https://unsplash.com/photos/man-with-beard-touching-his-chin-thoughtfully-RfL7v_g5Fbs)
https://images.unsplash.com/photo-1645777299111-44bbc8dff078?crop=entropy&cs=tinysrgb&fit=max&fm=jpg&ixid=M3w5OTUzMzZ8MHwxfHNlYXJjaHwxOXx8dC1zaGlydCUyMGNsb3RoaW5nJTIwbWluaW1hbHxlbnwxfDF8fHwxNzg0MDkyNTUyfDA&ixlib=rb-4.1.0&q=80&w=1080,Black t-shirt,t-shirt,a man standing in a hallway with his eyes closed,black,4899,Ali Nurmemmedov on Unsplash (https://unsplash.com/photos/a-man-standing-in-a-hallway-with-his-eyes-closed-wOUST4Bfbvc)
https://images.unsplash.com/photo-1620812112510-ea35f4cc7875?crop=entropy&cs=tinysrgb&fit=max&fm=jpg&ixid=M3w5OTUzMzZ8MHwxfHNlYXJjaHwyMHx8dC1zaGlydCUyMGNsb3RoaW5nJTIwbWluaW1hbHxlbnwxfDF8fHwxNzg0MDkyNTUyfDA&ixlib=rb-4.1.0&q=80&w=1080,Beige t-shirt,t-shirt,blue button up long sleeve shirt,beige,5699,Lasse Jensen on Unsplash (https://unsplash.com/photos/blue-button-up-long-sleeve-shirt-B1Le_4XqOS8)
https://images.unsplash.com/photo-1696202480469-9375022af966?crop=entropy&cs=tinysrgb&fit=max&fm=jpg&ixid=M3w5OTUzMzZ8MHwxfHNlYXJjaHwyMXx8dC1zaGlydCUyMGNsb3RoaW5nJTIwbWluaW1hbHxlbnwxfDF8fHwxNzg0MDkyNTUyfDA&ixlib=rb-4.1.0&q=80&w=1080,Beige t-shirt,t-shirt,a woman standing in front of a white wall,beige,2499,Josue Dual on Unsplash (https://unsplash.com/photos/a-woman-standing-in-front-of-a-white-wall-TY98ZRM-w10)
https://images.unsplash.com/photo-1668656690099-49987f3425f8?crop=entropy&cs=tinysrgb&fit=max&fm=jpg&ixid=M3w5OTUzMzZ8MHwxfHNlYXJjaHwyMnx8dC1zaGlydCUyMGNsb3RoaW5nJTIwbWluaW1hbHxlbnwxfDF8fHwxNzg0MDkyNTUyfDA&ixlib=rb-4.1.0&q=80&w=1080,Beige t-shirt,t-shirt,a white robe on a swinger,beige,5299,Feyza Yıldırım on Unsplash (https://unsplash.com/photos/a-white-robe-on-a-swinger-7La_6VBJSa0)
https://images.unsplash.com/photo-1558171813-4c088753af8f?crop=entropy&cs=tinysrgb&fit=max&fm=jpg&ixid=M3w5OTUzMzZ8MHwxfHNlYXJjaHwyM3x8dC1zaGlydCUyMGNsb3RoaW5nJTIwbWluaW1hbHxlbnwxfDF8fHwxNzg0MDkyNTUyfDA&ixlib=rb-4.1.0&q=80&w=1080,Beige t-shirt,t-shirt,blue dress shirt on chair,beige,2749,Beata Biskupicova on Unsplash (https://unsplash.com/photos/blue-dress-shirt-on-chair-81IbsV021f0)
https://images.unsplash.com/photo-1666358068528-71679343eafe?crop=entropy&cs=tinysrgb&fit=max&fm=jpg&ixid=M3w5OTUzMzZ8MHwxfHNlYXJjaHwyNHx8dC1zaGlydCUyMGNsb3RoaW5nJTIwbWluaW1hbHxlbnwxfDF8fHwxNzg0MDkyNTUyfDA&ixlib=rb-4.1.0&q=80&w=1080,White t-shirt,t-shirt,a rack with clothes on it,white,4349,Or Hakim on Unsplash (https://unsplash.com/photos/a-rack-with-clothes-on-it-hWvQiekZ_q0)
https://images.unsplash.com/photo-1661802365632-bb2b2f68eb51?crop=entropy&cs=tinysrgb&fit=max&fm=jpg&ixid=M3w5OTUzMzZ8MHwxfHNlYXJjaHwyNXx8dC1zaGlydCUyMGNsb3RoaW5nJTIwbWluaW1hbHxlbnwxfDF8fHwxNzg0MDkyNTUyfDA&ixlib=rb-4.1.0&q=80&w=1080,Beige t-shirt,t-shirt,a man wearing a white shirt and black pants with a tattoo on his arm,beige,4349,Ivan Le on Unsplash (https://unsplash.com/photos/a-man-wearing-a-white-shirt-and-black-pants-with-a-tattoo-on-his-arm-vv-zq0FgrZc)
https://images.unsplash.com/photo-1600265359911-0ecb096537c7?crop=entropy&cs=tinysrgb&fit=max&fm=jpg&ixid=M3w5OTUzMzZ8MHwxfHNlYXJjaHwyNnx8dC1zaGlydCUyMGNsb3RoaW5nJTIwbWluaW1hbHxlbnwxfDF8fHwxNzg0MDkyNTUyfDA&ixlib=rb-4.1.0&q=80&w=1080,Beige t-shirt,t-shirt,white and orange crew neck t-shirt,beige,5899,Anastasiia Rozumna on Unsplash (https://unsplash.com/photos/white-and-orange-crew-neck-t-shirt-5KihyUCOeSs)
https://images.unsplash.com/photo-1620481662032-f0133ccc7dbd?crop=entropy&cs=tinysrgb&fit=max&fm=jpg&ixid=M3w5OTUzMzZ8MHwxfHNlYXJjaHwyN3x8dC1zaGlydCUyMGNsb3RoaW5nJTIwbWluaW1hbHxlbnwxfDF8fHwxNzg0MDkyNTUyfDA&ixlib=rb-4.1.0&q=80&w=1080,Grey t-shirt,t-shirt,man in white crew neck t-shirt,grey,3699,Quỳnh Lê Mạnh on Unsplash (https://unsplash.com/photos/man-in-white-crew-neck-t-shirt--kfAaaKjVJo)
https://images.unsplash.com/photo-1608819565169-941c40c555c2?crop=entropy&cs=tinysrgb&fit=max&fm=jpg&ixid=M3w5OTUzMzZ8MHwxfHNlYXJjaHwyOHx8dC1zaGlydCUyMGNsb3RoaW5nJTIwbWluaW1hbHxlbnwxfDF8fHwxNzg0MDkyNTUyfDA&ixlib=rb-4.1.0&q=80&w=1080,Brown t-shirt,t-shirt,white crew neck t-shirt,brown,5899,Mariah Hewines on Unsplash (https://unsplash.com/photos/white-crew-neck-t-shirt-k6C_fVcIgnc)
https://images.unsplash.com/photo-1731865383721-0fd2f97ee077?crop=entropy&cs=tinysrgb&fit=max&fm=jpg&ixid=M3w5OTUzMzZ8MHwxfHNlYXJjaHwyOXx8dC1zaGlydCUyMGNsb3RoaW5nJTIwbWluaW1hbHxlbnwxfDF8fHwxNzg0MDkyNTUyfDA&ixlib=rb-4.1.0&q=80&w=1080,Green t-shirt,t-shirt,A black and white photo of a shirt hanging on a rack,green,5949,Laura Chouette on Unsplash (https://unsplash.com/photos/a-black-and-white-photo-of-a-shirt-hanging-on-a-rack-bs4j8U5D6aM)
https://images.unsplash.com/photo-1619032209422-fc090f6a3f5f?crop=entropy&cs=tinysrgb&fit=max&fm=jpg&ixid=M3w5OTUzMzZ8MHwxfHNlYXJjaHwzMHx8dC1zaGlydCUyMGNsb3RoaW5nJTIwbWluaW1hbHxlbnwxfDF8fHwxNzg0MDkyNTUyfDA&ixlib=rb-4.1.0&q=80&w=1080,Black t-shirt,t-shirt,gray and brown textile on black textile,black,4099,Zoe on Unsplash (https://unsplash.com/photos/gray-and-brown-textile-on-black-textile-7A--OiesCes)
https://images.unsplash.com/photo-1761896902115-49793a359daf?crop=entropy&cs=tinysrgb&fit=max&fm=jpg&ixid=M3w5OTUzMzZ8MHwxfHNlYXJjaHwzMXx8dC1zaGlydCUyMGNsb3RoaW5nJTIwbWluaW1hbHxlbnwxfDF8fHwxNzg0MDkyNTU0fDA&ixlib=rb-4.1.0&q=80&w=1080,Cream t-shirt,t-shirt,Flat lay of men's accessories and clothing,cream,3349,Vooglam Eyewear on Unsplash (https://unsplash.com/photos/flat-lay-of-mens-accessories-and-clothing-VlgJiE4KQKg)
https://images.unsplash.com/photo-1516644126936-a148edd18ace?crop=entropy&cs=tinysrgb&fit=max&fm=jpg&ixid=M3w5OTUzMzZ8MHwxfHNlYXJjaHwzMnx8dC1zaGlydCUyMGNsb3RoaW5nJTIwbWluaW1hbHxlbnwxfDF8fHwxNzg0MDkyNTU0fDA&ixlib=rb-4.1.0&q=80&w=1080,Grey t-shirt,t-shirt,man standing against wall,grey,5099,nic chi on Unsplash (https://unsplash.com/photos/man-standing-against-wall-K7f4a-iTXDY)
https://images.unsplash.com/photo-1580682312385-e94d8de1cf3c?crop=entropy&cs=tinysrgb&fit=max&fm=jpg&ixid=M3w5OTUzMzZ8MHwxfHNlYXJjaHwzM3x8dC1zaGlydCUyMGNsb3RoaW5nJTIwbWluaW1hbHxlbnwxfDF8fHwxNzg0MDkyNTU0fDA&ixlib=rb-4.1.0&q=80&w=1080,Cream t-shirt,t-shirt,white long sleeve shirt on white clothes hanger,cream,5949,Dinh Ng. on Unsplash (https://unsplash.com/photos/white-long-sleeve-shirt-on-white-clothes-hanger-jYz3EGBhDpk)
https://images.unsplash.com/photo-1708531374541-100d075f6ceb?crop=entropy&cs=tinysrgb&fit=max&fm=jpg&ixid=M3w5OTUzMzZ8MHwxfHNlYXJjaHwzNHx8dC1zaGlydCUyMGNsb3RoaW5nJTIwbWluaW1hbHxlbnwxfDF8fHwxNzg0MDkyNTU0fDA&ixlib=rb-4.1.0&q=80&w=1080,Green t-shirt,t-shirt,a young man sitting on a bench in front of a building,green,3299,Bùi Hoàng Long on Unsplash (https://unsplash.com/photos/a-young-man-sitting-on-a-bench-in-front-of-a-building-cSsEi-XiF5U)
https://images.unsplash.com/photo-1650174236599-3f9dce1cafc8?crop=entropy&cs=tinysrgb&fit=max&fm=jpg&ixid=M3w5OTUzMzZ8MHwxfHNlYXJjaHwzNXx8dC1zaGlydCUyMGNsb3RoaW5nJTIwbWluaW1hbHxlbnwxfDF8fHwxNzg0MDkyNTU0fDA&ixlib=rb-4.1.0&q=80&w=1080,Cream t-shirt,t-shirt,a black and white shirt and a white bag,cream,4149,Pouya Hajibagheri on Unsplash (https://unsplash.com/photos/a-black-and-white-shirt-and-a-white-bag-DEC546Tou_A)
https://images.unsplash.com/photo-1612889002697-ac0a7fa8fde4?crop=entropy&cs=tinysrgb&fit=max&fm=jpg&ixid=M3w5OTUzMzZ8MHwxfHNlYXJjaHwzNnx8dC1zaGlydCUyMGNsb3RoaW5nJTIwbWluaW1hbHxlbnwxfDF8fHwxNzg0MDkyNTU0fDA&ixlib=rb-4.1.0&q=80&w=1080,Black t-shirt,t-shirt,orange long sleeve shirt on black textile,black,3149,Marcus Urbenz on Unsplash (https://unsplash.com/photos/orange-long-sleeve-shirt-on-black-textile-OOng-k5V3YU)
https://images.unsplash.com/photo-1576871337674-ce7245cdc53c?crop=entropy&cs=tinysrgb&fit=max&fm=jpg&ixid=M3w5OTUzMzZ8MHwxfHNlYXJjaHwzN3x8dC1zaGlydCUyMGNsb3RoaW5nJTIwbWluaW1hbHxlbnwxfDF8fHwxNzg0MDkyNTU0fDA&ixlib=rb-4.1.0&q=80&w=1080,Green t-shirt,t-shirt,"three pink, black, and blue shirts",green,3899,Fábio  Alves on Unsplash (https://unsplash.com/photos/three-pink-black-and-blue-shirts-87j98klHDQQ)
https://images.unsplash.com/photo-1589794094880-be5a4daf3e11?crop=entropy&cs=tinysrgb&fit=max&fm=jpg&ixid=M3w5OTUzMzZ8MHwxfHNlYXJjaHwzOHx8dC1zaGlydCUyMGNsb3RoaW5nJTIwbWluaW1hbHxlbnwxfDF8fHwxNzg0MDkyNTU0fDA&ixlib=rb-4.1.0&q=80&w=1080,Grey t-shirt,t-shirt,gray and black crew neck shirt,grey,4099,Ekaterina Z. on Unsplash (https://unsplash.com/photos/gray-and-black-crew-neck-shirt-nsYJUfzNQg0)
https://images.unsplash.com/photo-1693008869981-d6abf1120e7c?crop=entropy&cs=tinysrgb&fit=max&fm=jpg&ixid=M3w5OTUzMzZ8MHwxfHNlYXJjaHwzOXx8dC1zaGlydCUyMGNsb3RoaW5nJTIwbWluaW1hbHxlbnwxfDF8fHwxNzg0MDkyNTU0fDA&ixlib=rb-4.1.0&q=80&w=1080,Beige t-shirt,t-shirt,a man sitting at a table working on a piece of paper,beige,3749,Ravi Sharma on Unsplash (https://unsplash.com/photos/a-man-sitting-at-a-table-working-on-a-piece-of-paper-Xe0sDp5B7F8)
https://images.unsplash.com/photo-1752134594179-749457f5e422?crop=entropy&cs=tinysrgb&fit=max&fm=jpg&ixid=M3w5OTUzMzZ8MHwxfHNlYXJjaHw0MHx8dC1zaGlydCUyMGNsb3RoaW5nJTIwbWluaW1hbHxlbnwxfDF8fHwxNzg0MDkyNTU0fDA&ixlib=rb-4.1.0&q=80&w=1080,Beige t-shirt,t-shirt,T-shirts of various colors are floating in the air.,beige,4749,Shubham Dhage on Unsplash (https://unsplash.com/photos/t-shirts-of-various-colors-are-floating-in-the-air-QbO-0sVe1U8)
https://images.unsplash.com/photo-1744135994731-85996fb93582?crop=entropy&cs=tinysrgb&fit=max&fm=jpg&ixid=M3w5OTUzMzZ8MHwxfHNlYXJjaHw0MXx8dC1zaGlydCUyMGNsb3RoaW5nJTIwbWluaW1hbHxlbnwxfDF8fHwxNzg0MDkyNTU0fDA&ixlib=rb-4.1.0&q=80&w=1080,Navy t-shirt,t-shirt,Clothes hang neatly on a rack in a store.,navy,2699,Roman Manshin on Unsplash (https://unsplash.com/photos/clothes-hang-neatly-on-a-rack-in-a-store-y_yzoRgKYaw)
https://images.unsplash.com/photo-1696202473623-50c1715227b4?crop=entropy&cs=tinysrgb&fit=max&fm=jpg&ixid=M3w5OTUzMzZ8MHwxfHNlYXJjaHw0Mnx8dC1zaGlydCUyMGNsb3RoaW5nJTIwbWluaW1hbHxlbnwxfDF8fHwxNzg0MDkyNTU0fDA&ixlib=rb-4.1.0&q=80&w=1080,Beige t-shirt,t-shirt,a woman standing in front of a white wall,beige,4299,Josue Dual on Unsplash (https://unsplash.com/photos/a-woman-standing-in-front-of-a-white-wall-qC_i0qkyN5c)
https://images.unsplash.com/photo-1719513686539-a4c4e9ffbc1c?crop=entropy&cs=tinysrgb&fit=max&fm=jpg&ixid=M3w5OTUzMzZ8MHwxfHNlYXJjaHw0M3x8dC1zaGlydCUyMGNsb3RoaW5nJTIwbWluaW1hbHxlbnwxfDF8fHwxNzg0MDkyNTU0fDA&ixlib=rb-4.1.0&q=80&w=1080,White t-shirt,t-shirt,A man standing in the water with his hand on his head,white,5499,Mohit Mehta on Unsplash (https://unsplash.com/photos/a-man-standing-in-the-water-with-his-hand-on-his-head-ziiZmFW8yAc)
https://images.unsplash.com/photo-1666358068130-13168bbd4d3b?crop=entropy&cs=tinysrgb&fit=max&fm=jpg&ixid=M3w5OTUzMzZ8MHwxfHNlYXJjaHw0NHx8dC1zaGlydCUyMGNsb3RoaW5nJTIwbWluaW1hbHxlbnwxfDF8fHwxNzg0MDkyNTU0fDA&ixlib=rb-4.1.0&q=80&w=1080,White t-shirt,t-shirt,a group of clothes on a line,white,2099,Or Hakim on Unsplash (https://unsplash.com/photos/a-group-of-clothes-on-a-line-c0a1I9Otpk0)
https://images.unsplash.com/flagged/photo-1578053239820-32b8a3ffbbb9?crop=entropy&cs=tinysrgb&fit=max&fm=jpg&ixid=M3w5OTUzMzZ8MHwxfHNlYXJjaHw0NXx8dC1zaGlydCUyMGNsb3RoaW5nJTIwbWluaW1hbHxlbnwxfDF8fHwxNzg0MDkyNTU0fDA&ixlib=rb-4.1.0&q=80&w=1080,Cream t-shirt,t-shirt,white and black striped shirt,cream,4149,Vichal Shanto on Unsplash (https://unsplash.com/photos/white-and-black-striped-shirt-4GNS9YAGewE)
https://images.unsplash.com/photo-1524275539700-cf51138f679b?crop=entropy&cs=tinysrgb&fit=max&fm=jpg&ixid=M3w5OTUzMzZ8MHwxfHNlYXJjaHw0Nnx8dC1zaGlydCUyMGNsb3RoaW5nJTIwbWluaW1hbHxlbnwxfDF8fHwxNzg0MDkyNTU0fDA&ixlib=rb-4.1.0&q=80&w=1080,Navy t-shirt,t-shirt,selective focus photography of hanged three gray tee shirts,navy,4749,Priscilla Du Preez 🇨🇦 on Unsplash (https://unsplash.com/photos/selective-focus-photography-of-hanged-three-gray-tee-shirts-JGyRJlk3idE)
https://images.unsplash.com/photo-1696202499248-7c078210300c?crop=entropy&cs=tinysrgb&fit=max&fm=jpg&ixid=M3w5OTUzMzZ8MHwxfHNlYXJjaHw0N3x8dC1zaGlydCUyMGNsb3RoaW5nJTIwbWluaW1hbHxlbnwxfDF8fHwxNzg0MDkyNTU0fDA&ixlib=rb-4.1.0&q=80&w=1080,Beige t-shirt,t-shirt,a woman with black hair standing in front of a wall,beige,2499,Josue Dual on Unsplash (https://unsplash.com/photos/a-woman-with-black-hair-standing-in-front-of-a-wall-51s9Np39u9g)
https://images.unsplash.com/photo-1698720642529-1defa5910184?crop=entropy&cs=tinysrgb&fit=max&fm=jpg&ixid=M3w5OTUzMzZ8MHwxfHNlYXJjaHw0OHx8dC1zaGlydCUyMGNsb3RoaW5nJTIwbWluaW1hbHxlbnwxfDF8fHwxNzg0MDkyNTU0fDA&ixlib=rb-4.1.0&q=80&w=1080,Grey t-shirt,t-shirt,a woman with black hair wearing a black shirt,grey,2299,Josue Dual on Unsplash (https://unsplash.com/photos/a-woman-with-black-hair-wearing-a-black-shirt-Rh6uYsNupRo)
https://images.unsplash.com/photo-1550246140-18d9dd4a6438?crop=entropy&cs=tinysrgb&fit=max&fm=jpg&ixid=M3w5OTUzMzZ8MHwxfHNlYXJjaHw0OXx8dC1zaGlydCUyMGNsb3RoaW5nJTIwbWluaW1hbHxlbnwxfDF8fHwxNzg0MDkyNTU0fDA&ixlib=rb-4.1.0&q=80&w=1080,Cream t-shirt,t-shirt,man leaning on post,cream,3949,Jonathan Borba on Unsplash (https://unsplash.com/photos/man-leaning-on-post-IvOrTu727TE)
https://images.unsplash.com/photo-1670955088973-86a519ef82dc?crop=entropy&cs=tinysrgb&fit=max&fm=jpg&ixid=M3w5OTUzMzZ8MHwxfHNlYXJjaHw1MHx8dC1zaGlydCUyMGNsb3RoaW5nJTIwbWluaW1hbHxlbnwxfDF8fHwxNzg0MDkyNTU0fDA&ixlib=rb-4.1.0&q=80&w=1080,Navy t-shirt,t-shirt,a man with a white t - shirt that says when all else talks vote,navy,5549,Kanishk Agarwal on Unsplash (https://unsplash.com/photos/a-man-with-a-white-t-shirt-that-says-when-all-else-talks-vote-aqoi3-U6wdk)
https://images.unsplash.com/photo-1672593757906-0c39d1966588?crop=entropy&cs=tinysrgb&fit=max&fm=jpg&ixid=M3w5OTUzMzZ8MHwxfHNlYXJjaHw1MXx8dC1zaGlydCUyMGNsb3RoaW5nJTIwbWluaW1hbHxlbnwxfDF8fHwxNzg0MDkyNTU0fDA&ixlib=rb-4.1.0&q=80&w=1080,Cream t-shirt,t-shirt,a pair of earrings and a purse on a bed,cream,4949,Asiya Bhat on Unsplash (https://unsplash.com/photos/a-pair-of-earrings-and-a-purse-on-a-bed-BVbw35a37Vo)
https://images.unsplash.com/photo-1651454422749-7abd7e82d9bb?crop=entropy&cs=tinysrgb&fit=max&fm=jpg&ixid=M3w5OTUzMzZ8MHwxfHNlYXJjaHw1Mnx8dC1zaGlydCUyMGNsb3RoaW5nJTIwbWluaW1hbHxlbnwxfDF8fHwxNzg0MDkyNTU0fDA&ixlib=rb-4.1.0&q=80&w=1080,Green t-shirt,t-shirt,a woman in a black dress,green,5499,Quỳnh Lê Mạnh on Unsplash (https://unsplash.com/photos/a-woman-in-a-black-dress-rOAbK-c_Q9w)
https://images.unsplash.com/photo-1687541160824-366bd3581699?crop=entropy&cs=tinysrgb&fit=max&fm=jpg&ixid=M3w5OTUzMzZ8MHwxfHNlYXJjaHw1M3x8dC1zaGlydCUyMGNsb3RoaW5nJTIwbWluaW1hbHxlbnwxfDF8fHwxNzg0MDkyNTU0fDA&ixlib=rb-4.1.0&q=80&w=1080,Beige t-shirt,t-shirt,a pair of sneakers and a t - shirt on a bed,beige,5499,Cosmin Ursea on Unsplash (https://unsplash.com/photos/a-pair-of-sneakers-and-a-t-shirt-on-a-bed-bClN3xetT8M)
https://images.unsplash.com/photo-1648320213716-7fcee47f73c3?crop=entropy&cs=tinysrgb&fit=max&fm=jpg&ixid=M3w5OTUzMzZ8MHwxfHNlYXJjaHw1NHx8dC1zaGlydCUyMGNsb3RoaW5nJTIwbWluaW1hbHxlbnwxfDF8fHwxNzg0MDkyNTU0fDA&ixlib=rb-4.1.0&q=80&w=1080,Cream t-shirt,t-shirt,a woman standing in front of a white backdrop,cream,5499,SHIMO yann on Unsplash (https://unsplash.com/photos/a-woman-standing-in-front-of-a-white-backdrop-Nbi_fNhJa8E)
https://images.unsplash.com/photo-1557698590-2f6997a15a71?crop=entropy&cs=tinysrgb&fit=max&fm=jpg&ixid=M3w5OTUzMzZ8MHwxfHNlYXJjaHw1NXx8dC1zaGlydCUyMGNsb3RoaW5nJTIwbWluaW1hbHxlbnwxfDF8fHwxNzg0MDkyNTU0fDA&ixlib=rb-4.1.0&q=80&w=1080,White t-shirt,t-shirt,woman in white shirt standing on grass field during daytime,white,2149,Virgil Cayasa on Unsplash (https://unsplash.com/photos/woman-in-white-shirt-standing-on-grass-field-during-daytime-RLznS5R5y9o)
https://images.unsplash.com/photo-1572944146898-9df621372166?crop=entropy&cs=tinysrgb&fit=max&fm=jpg&ixid=M3w5OTUzMzZ8MHwxfHNlYXJjaHw1Nnx8dC1zaGlydCUyMGNsb3RoaW5nJTIwbWluaW1hbHxlbnwxfDF8fHwxNzg0MDkyNTU0fDA&ixlib=rb-4.1.0&q=80&w=1080,Beige t-shirt,t-shirt,hanged red crew-neck shirts,beige,5149,Qusv Yang on Unsplash (https://unsplash.com/photos/hanged-red-crew-neck-shirts-97y_LKcfJzg)
https://images.unsplash.com/photo-1685270065850-1222dc4bd93b?crop=entropy&cs=tinysrgb&fit=max&fm=jpg&ixid=M3w5OTUzMzZ8MHwxfHNlYXJjaHw1N3x8dC1zaGlydCUyMGNsb3RoaW5nJTIwbWluaW1hbHxlbnwxfDF8fHwxNzg0MDkyNTU0fDA&ixlib=rb-4.1.0&q=80&w=1080,Cream t-shirt,t-shirt,a row of green shirts hanging on a rack,cream,3749,Madeline Liu on Unsplash (https://unsplash.com/photos/a-row-of-green-shirts-hanging-on-a-rack-2rrGpLQxdN4)
https://images.unsplash.com/photo-1620481624602-9ebb10054850?crop=entropy&cs=tinysrgb&fit=max&fm=jpg&ixid=M3w5OTUzMzZ8MHwxfHNlYXJjaHw1OHx8dC1zaGlydCUyMGNsb3RoaW5nJTIwbWluaW1hbHxlbnwxfDF8fHwxNzg0MDkyNTU0fDA&ixlib=rb-4.1.0&q=80&w=1080,Navy t-shirt,t-shirt,man in white crew neck t-shirt and black pants sitting on brown wooden bench,navy,3149,Quỳnh Lê Mạnh on Unsplash (https://unsplash.com/photos/man-in-white-crew-neck-t-shirt-and-black-pants-sitting-on-brown-wooden-bench-UtfAIK75PAA)
https://images.unsplash.com/photo-1648804152475-61c12cbda750?crop=entropy&cs=tinysrgb&fit=max&fm=jpg&ixid=M3w5OTUzMzZ8MHwxfHNlYXJjaHw1OXx8dC1zaGlydCUyMGNsb3RoaW5nJTIwbWluaW1hbHxlbnwxfDF8fHwxNzg0MDkyNTU0fDA&ixlib=rb-4.1.0&q=80&w=1080,Beige t-shirt,t-shirt,a white shirt and sunglasses on a black tray,beige,4949,Faisal Allam on Unsplash (https://unsplash.com/photos/a-white-shirt-and-sunglasses-on-a-black-tray-jFsL21mTkRQ)
https://images.unsplash.com/photo-1670813009762-2e16e9abc578?crop=entropy&cs=tinysrgb&fit=max&fm=jpg&ixid=M3w5OTUzMzZ8MHwxfHNlYXJjaHw2MHx8dC1zaGlydCUyMGNsb3RoaW5nJTIwbWluaW1hbHxlbnwxfDF8fHwxNzg0MDkyNTU0fDA&ixlib=rb-4.1.0&q=80&w=1080,Grey t-shirt,t-shirt,a man standing on the side of a road holding a skateboard,grey,5349,Shiv Narayan Das on Unsplash (https://unsplash.com/photos/a-man-standing-on-the-side-of-a-road-holding-a-skateboard-uYrnatTOIGM)
https://images.unsplash.com/photo-1596755094514-f87e34085b2c?crop=entropy&cs=tinysrgb&fit=max&fm=jpg&ixid=M3w5OTUzMzZ8MHwxfHNlYXJjaHwxfHxidXR0b24lMjB1cCUyMHNoaXJ0JTIwY2xvdGhpbmd8ZW58MXwxfHx8MTc4NDA5MjU1NXww&ixlib=rb-4.1.0&q=80&w=1080,Beige shirt,shirt,blue and white checkered dress shirt,beige,7449,Santhosh Kumar on Unsplash (https://unsplash.com/photos/blue-and-white-checkered-dress-shirt-RqYTuWkTdEs)
https://images.unsplash.com/photo-1704775983658-2773a9c0cce2?crop=entropy&cs=tinysrgb&fit=max&fm=jpg&ixid=M3w5OTUzMzZ8MHwxfHNlYXJjaHwyfHxidXR0b24lMjB1cCUyMHNoaXJ0JTIwY2xvdGhpbmd8ZW58MXwxfHx8MTc4NDA5MjU1NXww&ixlib=rb-4.1.0&q=80&w=1080,Cream shirt,shirt,Woman in a dark purple satin shirt and white pants.,cream,8099,GLOBALDSIO IT SOLUTION on Unsplash (https://unsplash.com/photos/woman-in-a-dark-purple-satin-shirt-and-white-pants-mA7yW47AIOU)
https://images.unsplash.com/photo-1602810319250-a663f0af2f75?crop=entropy&cs=tinysrgb&fit=max&fm=jpg&ixid=M3w5OTUzMzZ8MHwxfHNlYXJjaHwzfHxidXR0b24lMjB1cCUyMHNoaXJ0JTIwY2xvdGhpbmd8ZW58MXwxfHx8MTc4NDA5MjU1NXww&ixlib=rb-4.1.0&q=80&w=1080,Brown shirt,shirt,person holding white printer paper,brown,8449,Nimble Made on Unsplash (https://unsplash.com/photos/person-holding-white-printer-paper-m2z2wJ1XX6Q)
https://images.unsplash.com/photo-1602810320073-1230c46d89d4?crop=entropy&cs=tinysrgb&fit=max&fm=jpg&ixid=M3w5OTUzMzZ8MHwxfHNlYXJjaHw0fHxidXR0b24lMjB1cCUyMHNoaXJ0JTIwY2xvdGhpbmd8ZW58MXwxfHx8MTc4NDA5MjU1NXww&ixlib=rb-4.1.0&q=80&w=1080,Brown shirt,shirt,black and orange nike polo shirt,brown,5899,Nimble Made on Unsplash (https://unsplash.com/photos/black-and-orange-nike-polo-shirt-N0ke5zChVBU)
https://images.unsplash.com/photo-1779907391036-8bf5e720b9e0?crop=entropy&cs=tinysrgb&fit=max&fm=jpg&ixid=M3w5OTUzMzZ8MHwxfHNlYXJjaHw1fHxidXR0b24lMjB1cCUyMHNoaXJ0JTIwY2xvdGhpbmd8ZW58MXwxfHx8MTc4NDA5MjU1NXww&ixlib=rb-4.1.0&q=80&w=1080,Cream shirt,shirt,Two people adjusting a plaid shirt on a mannequin.,cream,4299,Md Ishak Rahman on Unsplash (https://unsplash.com/photos/two-people-adjusting-a-plaid-shirt-on-a-mannequin-h0cztHfsLOk)
https://images.unsplash.com/photo-1603252109303-2751441dd157?crop=entropy&cs=tinysrgb&fit=max&fm=jpg&ixid=M3w5OTUzMzZ8MHwxfHNlYXJjaHw2fHxidXR0b24lMjB1cCUyMHNoaXJ0JTIwY2xvdGhpbmd8ZW58MXwxfHx8MTc4NDA5MjU1NXww&ixlib=rb-4.1.0&q=80&w=1080,Beige shirt,shirt,white button up shirt on clothes hanger,beige,7749,Nimble Made on Unsplash (https://unsplash.com/photos/white-button-up-shirt-on-clothes-hanger-hMMXhKSZk7k)
https://images.unsplash.com/photo-1767631550623-7e64ceae9445?crop=entropy&cs=tinysrgb&fit=max&fm=jpg&ixid=M3w5OTUzMzZ8MHwxfHNlYXJjaHw3fHxidXR0b24lMjB1cCUyMHNoaXJ0JTIwY2xvdGhpbmd8ZW58MXwxfHx8MTc4NDA5MjU1NXww&ixlib=rb-4.1.0&q=80&w=1080,Beige shirt,shirt,Woman wearing a white striped oversized shirt and green pants.,beige,7399,Ramo Roso on Unsplash (https://unsplash.com/photos/woman-wearing-a-white-striped-oversized-shirt-and-green-pants-xwc1O9_LXvM)
https://images.unsplash.com/photo-1783665616479-7ca40cec54e1?crop=entropy&cs=tinysrgb&fit=max&fm=jpg&ixid=M3w5OTUzMzZ8MHwxfHNlYXJjaHw4fHxidXR0b24lMjB1cCUyMHNoaXJ0JTIwY2xvdGhpbmd8ZW58MXwxfHx8MTc4NDA5MjU1NXww&ixlib=rb-4.1.0&q=80&w=1080,Green shirt,shirt,Stylish young woman posing in a striped blouse outdoors.,green,7099,arman grigoryan on Unsplash (https://unsplash.com/photos/stylish-young-woman-posing-in-a-striped-blouse-outdoors-LIGyxTHpK7E)
https://images.unsplash.com/photo-1764583429889-3694e74940ca?crop=entropy&cs=tinysrgb&fit=max&fm=jpg&ixid=M3w5OTUzMzZ8MHwxfHNlYXJjaHw5fHxidXR0b24lMjB1cCUyMHNoaXJ0JTIwY2xvdGhpbmd8ZW58MXwxfHx8MTc4NDA5MjU1NXww&ixlib=rb-4.1.0&q=80&w=1080,Navy shirt,shirt,Woman wearing a pearl necklace and floral shirt,navy,4599,IMANA on Unsplash (https://unsplash.com/photos/woman-wearing-a-pearl-necklace-and-floral-shirt-BCDm3-e3dZ8)
https://images.unsplash.com/photo-1764271692129-767f58952c26?crop=entropy&cs=tinysrgb&fit=max&fm=jpg&ixid=M3w5OTUzMzZ8MHwxfHNlYXJjaHwxMHx8YnV0dG9uJTIwdXAlMjBzaGlydCUyMGNsb3RoaW5nfGVufDF8MXx8fDE3ODQwOTI1NTV8MA&ixlib=rb-4.1.0&q=80&w=1080,Beige shirt,shirt,Pink and green shirts hanging on a wooden shelf.,beige,8399,Julie Stan on Unsplash (https://unsplash.com/photos/pink-and-green-shirts-hanging-on-a-wooden-shelf-bl0vEWscxkc)
https://images.unsplash.com/photo-1779907391045-002a6cafefa2?crop=entropy&cs=tinysrgb&fit=max&fm=jpg&ixid=M3w5OTUzMzZ8MHwxfHNlYXJjaHwxMXx8YnV0dG9uJTIwdXAlMjBzaGlydCUyMGNsb3RoaW5nfGVufDF8MXx8fDE3ODQwOTI1NTV8MA&ixlib=rb-4.1.0&q=80&w=1080,Cream shirt,shirt,Hands adjusting a blue plaid shirt on a mannequin.,cream,8249,Md Ishak Rahman on Unsplash (https://unsplash.com/photos/hands-adjusting-a-blue-plaid-shirt-on-a-mannequin-GYfKi-ismUc)
https://images.unsplash.com/photo-1762504007493-88ebabd0d51d?crop=entropy&cs=tinysrgb&fit=max&fm=jpg&ixid=M3w5OTUzMzZ8MHwxfHNlYXJjaHwxMnx8YnV0dG9uJTIwdXAlMjBzaGlydCUyMGNsb3RoaW5nfGVufDF8MXx8fDE3ODQwOTI1NTV8MA&ixlib=rb-4.1.0&q=80&w=1080,Beige shirt,shirt,Woman wearing a vibrant pink paisley print tunic,beige,7149,IMANA on Unsplash (https://unsplash.com/photos/woman-wearing-a-vibrant-pink-paisley-print-tunic-9ep9-EAInP0)
https://images.unsplash.com/photo-1760623134878-e77c8758fc7e?crop=entropy&cs=tinysrgb&fit=max&fm=jpg&ixid=M3w5OTUzMzZ8MHwxfHNlYXJjaHwxM3x8YnV0dG9uJTIwdXAlMjBzaGlydCUyMGNsb3RoaW5nfGVufDF8MXx8fDE3ODQwOTI1NTV8MA&ixlib=rb-4.1.0&q=80&w=1080,Beige shirt,shirt,Woman in floral shirt against blue patterned wallpaper,beige,6249,FL FLPhotography.li on Unsplash (https://unsplash.com/photos/woman-in-floral-shirt-against-blue-patterned-wallpaper-YfFAnnIPR7s)
https://images.unsplash.com/photo-1782226728289-f81457b760f5?crop=entropy&cs=tinysrgb&fit=max&fm=jpg&ixid=M3w5OTUzMzZ8MHwxfHNlYXJjaHwxNHx8YnV0dG9uJTIwdXAlMjBzaGlydCUyMGNsb3RoaW5nfGVufDF8MXx8fDE3ODQwOTI1NTV8MA&ixlib=rb-4.1.0&q=80&w=1080,Grey shirt,shirt,Grey and white plaid flannel shirt with a buttoned pocket.,grey,3949,Jonathan Adams on Unsplash (https://unsplash.com/photos/grey-and-white-plaid-flannel-shirt-with-a-buttoned-pocket-pPmwhYpq_Dg)
https://images.unsplash.com/photo-1775816364124-b305f2b06ce7?crop=entropy&cs=tinysrgb&fit=max&fm=jpg&ixid=M3w5OTUzMzZ8MHwxfHNlYXJjaHwxNXx8YnV0dG9uJTIwdXAlMjBzaGlydCUyMGNsb3RoaW5nfGVufDF8MXx8fDE3ODQwOTI1NTV8MA&ixlib=rb-4.1.0&q=80&w=1080,White shirt,shirt,Man in a light purple polo shirt and black jeans.,white,5799,BANDAR BAANT on Unsplash (https://unsplash.com/photos/man-in-a-light-purple-polo-shirt-and-black-jeans-acDOZXe5UtQ)
https://images.unsplash.com/photo-1760495805852-9deb9ddfe929?crop=entropy&cs=tinysrgb&fit=max&fm=jpg&ixid=M3w5OTUzMzZ8MHwxfHNlYXJjaHwxNnx8YnV0dG9uJTIwdXAlMjBzaGlydCUyMGNsb3RoaW5nfGVufDF8MXx8fDE3ODQwOTI1NTV8MA&ixlib=rb-4.1.0&q=80&w=1080,Beige shirt,shirt,Young man in sunglasses sitting on a chair.,beige,7699,Fernando Valero on Unsplash (https://unsplash.com/photos/young-man-in-sunglasses-sitting-on-a-chair-czcoSbIFuV8)
https://images.unsplash.com/photo-1760287363750-1c888c75578f?crop=entropy&cs=tinysrgb&fit=max&fm=jpg&ixid=M3w5OTUzMzZ8MHwxfHNlYXJjaHwxN3x8YnV0dG9uJTIwdXAlMjBzaGlydCUyMGNsb3RoaW5nfGVufDF8MXx8fDE3ODQwOTI1NTV8MA&ixlib=rb-4.1.0&q=80&w=1080,Grey shirt,shirt,Mannequin wearing a blue button-up dress,grey,7949,Zayed Ahmed Zadu on Unsplash (https://unsplash.com/photos/mannequin-wearing-a-blue-button-up-dress-FD85azMooDE)
https://images.unsplash.com/photo-1704775988086-f899d6566a4c?crop=entropy&cs=tinysrgb&fit=max&fm=jpg&ixid=M3w5OTUzMzZ8MHwxfHNlYXJjaHwxOHx8YnV0dG9uJTIwdXAlMjBzaGlydCUyMGNsb3RoaW5nfGVufDF8MXx8fDE3ODQwOTI1NTV8MA&ixlib=rb-4.1.0&q=80&w=1080,Beige shirt,shirt,Woman in white pants and purple shirt posing.,beige,4149,GLOBALDSIO IT SOLUTION on Unsplash (https://unsplash.com/photos/woman-in-white-pants-and-purple-shirt-posing-J3CaPOQBrRs)
https://images.unsplash.com/photo-1760610429221-b35e44b5fc92?crop=entropy&cs=tinysrgb&fit=max&fm=jpg&ixid=M3w5OTUzMzZ8MHwxfHNlYXJjaHwxOXx8YnV0dG9uJTIwdXAlMjBzaGlydCUyMGNsb3RoaW5nfGVufDF8MXx8fDE3ODQwOTI1NTV8MA&ixlib=rb-4.1.0&q=80&w=1080,Navy shirt,shirt,A collared shirt covered in a map pattern.,navy,6099,Smithsonian on Unsplash (https://unsplash.com/photos/a-collared-shirt-covered-in-a-map-pattern-R4nqMYAxMvQ)
https://images.unsplash.com/photo-1704775991545-fc0507822fea?crop=entropy&cs=tinysrgb&fit=max&fm=jpg&ixid=M3w5OTUzMzZ8MHwxfHNlYXJjaHwyMHx8YnV0dG9uJTIwdXAlMjBzaGlydCUyMGNsb3RoaW5nfGVufDF8MXx8fDE3ODQwOTI1NTV8MA&ixlib=rb-4.1.0&q=80&w=1080,Beige shirt,shirt,Woman in dark purple shirt and white pants,beige,3849,GLOBALDSIO IT SOLUTION on Unsplash (https://unsplash.com/photos/woman-in-dark-purple-shirt-and-white-pants-SKysv4AKno8)
https://images.unsplash.com/photo-1759992878222-c9c5f26b1994?crop=entropy&cs=tinysrgb&fit=max&fm=jpg&ixid=M3w5OTUzMzZ8MHwxfHNlYXJjaHwyMXx8YnV0dG9uJTIwdXAlMjBzaGlydCUyMGNsb3RoaW5nfGVufDF8MXx8fDE3ODQwOTI1NTV8MA&ixlib=rb-4.1.0&q=80&w=1080,Cream shirt,shirt,A woman wearing a floral print shirt outdoors.,cream,3949,Reistor on Unsplash (https://unsplash.com/photos/a-woman-wearing-a-floral-print-shirt-outdoors-3VNPTjuIsxM)
https://images.unsplash.com/photo-1763294631960-6363b787025e?crop=entropy&cs=tinysrgb&fit=max&fm=jpg&ixid=M3w5OTUzMzZ8MHwxfHNlYXJjaHwyMnx8YnV0dG9uJTIwdXAlMjBzaGlydCUyMGNsb3RoaW5nfGVufDF8MXx8fDE3ODQwOTI1NTV8MA&ixlib=rb-4.1.0&q=80&w=1080,Beige shirt,shirt,Woman wearing a red patterned shirt and statement necklace.,beige,4299,IMANA on Unsplash (https://unsplash.com/photos/woman-wearing-a-red-patterned-shirt-and-statement-necklace-6PUTOFdw_W0)
https://images.unsplash.com/photo-1779399723099-35d861e87b95?crop=entropy&cs=tinysrgb&fit=max&fm=jpg&ixid=M3w5OTUzMzZ8MHwxfHNlYXJjaHwyM3x8YnV0dG9uJTIwdXAlMjBzaGlydCUyMGNsb3RoaW5nfGVufDF8MXx8fDE3ODQwOTI1NTV8MA&ixlib=rb-4.1.0&q=80&w=1080,Navy shirt,shirt,Stylish young woman in a shiny dark coat.,navy,6099,ola szkolda on Unsplash (https://unsplash.com/photos/stylish-young-woman-in-a-shiny-dark-coat-XZ3LUpyE2QY)
https://images.unsplash.com/photo-1765796513286-902f1078a55f?crop=entropy&cs=tinysrgb&fit=max&fm=jpg&ixid=M3w5OTUzMzZ8MHwxfHNlYXJjaHwyNHx8YnV0dG9uJTIwdXAlMjBzaGlydCUyMGNsb3RoaW5nfGVufDF8MXx8fDE3ODQwOTI1NTV8MA&ixlib=rb-4.1.0&q=80&w=1080,Cream shirt,shirt,Woman in floral print outfit holding a straw bag.,cream,5249,IMANA on Unsplash (https://unsplash.com/photos/woman-in-floral-print-outfit-holding-a-straw-bag-zq2PRWlIgk0)
https://images.unsplash.com/photo-1767428827774-a2a820d5209c?crop=entropy&cs=tinysrgb&fit=max&fm=jpg&ixid=M3w5OTUzMzZ8MHwxfHNlYXJjaHwyNXx8YnV0dG9uJTIwdXAlMjBzaGlydCUyMGNsb3RoaW5nfGVufDF8MXx8fDE3ODQwOTI1NTV8MA&ixlib=rb-4.1.0&q=80&w=1080,Cream shirt,shirt,Woman in floral outfit and straw hat,cream,7849,IMANA on Unsplash (https://unsplash.com/photos/woman-in-floral-outfit-and-straw-hat-zWm7XQdhMNA)
https://images.unsplash.com/photo-1765175096168-b4293987eaf4?crop=entropy&cs=tinysrgb&fit=max&fm=jpg&ixid=M3w5OTUzMzZ8MHwxfHNlYXJjaHwyNnx8YnV0dG9uJTIwdXAlMjBzaGlydCUyMGNsb3RoaW5nfGVufDF8MXx8fDE3ODQwOTI1NTV8MA&ixlib=rb-4.1.0&q=80&w=1080,Navy shirt,shirt,Man holding a white umbrella near a stone building.,navy,7649,Bien'arts on Unsplash (https://unsplash.com/photos/man-holding-a-white-umbrella-near-a-stone-building-Xzf4n_ScJkU)
https://images.unsplash.com/photo-1764929002416-629f821da431?crop=entropy&cs=tinysrgb&fit=max&fm=jpg&ixid=M3w5OTUzMzZ8MHwxfHNlYXJjaHwyN3x8YnV0dG9uJTIwdXAlMjBzaGlydCUyMGNsb3RoaW5nfGVufDF8MXx8fDE3ODQwOTI1NTV8MA&ixlib=rb-4.1.0&q=80&w=1080,Beige shirt,shirt,A woman in a vibrant floral print dress.,beige,3999,IMANA on Unsplash (https://unsplash.com/photos/a-woman-in-a-vibrant-floral-print-dress-TF1u8LPQKDg)
https://images.unsplash.com/photo-1781106300695-52fa4d498566?crop=entropy&cs=tinysrgb&fit=max&fm=jpg&ixid=M3w5OTUzMzZ8MHwxfHNlYXJjaHwyOHx8YnV0dG9uJTIwdXAlMjBzaGlydCUyMGNsb3RoaW5nfGVufDF8MXx8fDE3ODQwOTI1NTV8MA&ixlib=rb-4.1.0&q=80&w=1080,Cream shirt,shirt,Man in patterned shirt and sunglasses stands outdoors.,cream,4199,MOHAMMAD AL JANNAT RAKIN on Unsplash (https://unsplash.com/photos/man-in-patterned-shirt-and-sunglasses-stands-outdoors-7ko3TiqFYG0)
https://images.unsplash.com/photo-1763817959544-9d42878f160d?crop=entropy&cs=tinysrgb&fit=max&fm=jpg&ixid=M3w5OTUzMzZ8MHwxfHNlYXJjaHwyOXx8YnV0dG9uJTIwdXAlMjBzaGlydCUyMGNsb3RoaW5nfGVufDF8MXx8fDE3ODQwOTI1NTV8MA&ixlib=rb-4.1.0&q=80&w=1080,Cream shirt,shirt,Young woman with dark hair smiling broadly,cream,6249,IMANA on Unsplash (https://unsplash.com/photos/young-woman-with-dark-hair-smiling-broadly-gQIOROqDpKI)
https://images.unsplash.com/photo-1768289223082-1ead6e5ad5e4?crop=entropy&cs=tinysrgb&fit=max&fm=jpg&ixid=M3w5OTUzMzZ8MHwxfHNlYXJjaHwzMHx8YnV0dG9uJTIwdXAlMjBzaGlydCUyMGNsb3RoaW5nfGVufDF8MXx8fDE3ODQwOTI1NTV8MA&ixlib=rb-4.1.0&q=80&w=1080,Beige shirt,shirt,A woman in a red floral print outfit smiles.,beige,4299,IMANA on Unsplash (https://unsplash.com/photos/a-woman-in-a-red-floral-print-outfit-smiles-AOPBNjusdrM)
https://images.unsplash.com/photo-1760549357052-7f76e3f02bb8?crop=entropy&cs=tinysrgb&fit=max&fm=jpg&ixid=M3w5OTUzMzZ8MHwxfHNlYXJjaHwzMXx8YnV0dG9uJTIwdXAlMjBzaGlydCUyMGNsb3RoaW5nfGVufDF8MXx8fDE3ODQwOTI1NTd8MA&ixlib=rb-4.1.0&q=80&w=1080,Brown shirt,shirt,Young man in pink shirt and suspenders by palm trees,brown,3849,Bien'arts on Unsplash (https://unsplash.com/photos/young-man-in-pink-shirt-and-suspenders-by-palm-trees-LUWQ1ZIwB-8)
https://images.unsplash.com/photo-1765436607852-7ae171f0d13b?crop=entropy&cs=tinysrgb&fit=max&fm=jpg&ixid=M3w5OTUzMzZ8MHwxfHNlYXJjaHwzMnx8YnV0dG9uJTIwdXAlMjBzaGlydCUyMGNsb3RoaW5nfGVufDF8MXx8fDE3ODQwOTI1NTd8MA&ixlib=rb-4.1.0&q=80&w=1080,Beige shirt,shirt,Woman in patterned outfit standing near tropical plants,beige,6249,IMANA on Unsplash (https://unsplash.com/photos/woman-in-patterned-outfit-standing-near-tropical-plants-lijM5EtWZFU)
https://images.unsplash.com/photo-1767077281212-1b786ddf28c1?crop=entropy&cs=tinysrgb&fit=max&fm=jpg&ixid=M3w5OTUzMzZ8MHwxfHNlYXJjaHwzM3x8YnV0dG9uJTIwdXAlMjBzaGlydCUyMGNsb3RoaW5nfGVufDF8MXx8fDE3ODQwOTI1NTd8MA&ixlib=rb-4.1.0&q=80&w=1080,Black shirt,shirt,Woman in floral print outfit sits on patterned sofa,black,6049,IMANA on Unsplash (https://unsplash.com/photos/woman-in-floral-print-outfit-sits-on-patterned-sofa-802wbR0ilhw)
https://images.unsplash.com/photo-1768478701502-c6b378f85167?crop=entropy&cs=tinysrgb&fit=max&fm=jpg&ixid=M3w5OTUzMzZ8MHwxfHNlYXJjaHwzNHx8YnV0dG9uJTIwdXAlMjBzaGlydCUyMGNsb3RoaW5nfGVufDF8MXx8fDE3ODQwOTI1NTd8MA&ixlib=rb-4.1.0&q=80&w=1080,Cream shirt,shirt,A woman wearing a colorful patterned shirt,cream,3899,IMANA on Unsplash (https://unsplash.com/photos/a-woman-wearing-a-colorful-patterned-shirt-WrTUvAfGvP4)
https://images.unsplash.com/photo-1764161974912-e3960e43739c?crop=entropy&cs=tinysrgb&fit=max&fm=jpg&ixid=M3w5OTUzMzZ8MHwxfHNlYXJjaHwzNXx8YnV0dG9uJTIwdXAlMjBzaGlydCUyMGNsb3RoaW5nfGVufDF8MXx8fDE3ODQwOTI1NTd8MA&ixlib=rb-4.1.0&q=80&w=1080,White shirt,shirt,Man in coat and scarf looking down,white,6499,Oscar Helgstrand on Unsplash (https://unsplash.com/photos/man-in-coat-and-scarf-looking-down-czEHR6otZ4Y)
https://images.unsplash.com/photo-1767884045180-4df118ff011a?crop=entropy&cs=tinysrgb&fit=max&fm=jpg&ixid=M3w5OTUzMzZ8MHwxfHNlYXJjaHwzNnx8YnV0dG9uJTIwdXAlMjBzaGlydCUyMGNsb3RoaW5nfGVufDF8MXx8fDE3ODQwOTI1NTd8MA&ixlib=rb-4.1.0&q=80&w=1080,Beige shirt,shirt,Woman in floral print clothing sitting on stairs.,beige,4699,IMANA on Unsplash (https://unsplash.com/photos/woman-in-floral-print-clothing-sitting-on-stairs-M_yELUb4Oew)
https://images.unsplash.com/photo-1772798921669-0f6e1f6f032d?crop=entropy&cs=tinysrgb&fit=max&fm=jpg&ixid=M3w5OTUzMzZ8MHwxfHNlYXJjaHwzN3x8YnV0dG9uJTIwdXAlMjBzaGlydCUyMGNsb3RoaW5nfGVufDF8MXx8fDE3ODQwOTI1NTd8MA&ixlib=rb-4.1.0&q=80&w=1080,Cream shirt,shirt,Man in a blue jacket and jeans posing against wall,cream,5699,Prateek Saxena on Unsplash (https://unsplash.com/photos/man-in-a-blue-jacket-and-jeans-posing-against-wall-Dq8CslLQbRc)
https://images.unsplash.com/photo-1767428827759-39faebb8b03d?crop=entropy&cs=tinysrgb&fit=max&fm=jpg&ixid=M3w5OTUzMzZ8MHwxfHNlYXJjaHwzOHx8YnV0dG9uJTIwdXAlMjBzaGlydCUyMGNsb3RoaW5nfGVufDF8MXx8fDE3ODQwOTI1NTd8MA&ixlib=rb-4.1.0&q=80&w=1080,Cream shirt,shirt,Woman in patterned clothing sitting near plants,cream,5299,IMANA on Unsplash (https://unsplash.com/photos/woman-in-patterned-clothing-sitting-near-plants-50WK7vLzNAY)
https://images.unsplash.com/photo-1767077280626-ff65a37f84d1?crop=entropy&cs=tinysrgb&fit=max&fm=jpg&ixid=M3w5OTUzMzZ8MHwxfHNlYXJjaHwzOXx8YnV0dG9uJTIwdXAlMjBzaGlydCUyMGNsb3RoaW5nfGVufDF8MXx8fDE3ODQwOTI1NTd8MA&ixlib=rb-4.1.0&q=80&w=1080,Black shirt,shirt,Smiling woman in red floral pajamas sits on couch.,black,5149,IMANA on Unsplash (https://unsplash.com/photos/smiling-woman-in-red-floral-pajamas-sits-on-couch-1zcO9DyO8Xw)
https://images.unsplash.com/photo-1767884045110-e8c96b0f5c08?crop=entropy&cs=tinysrgb&fit=max&fm=jpg&ixid=M3w5OTUzMzZ8MHwxfHNlYXJjaHw0MHx8YnV0dG9uJTIwdXAlMjBzaGlydCUyMGNsb3RoaW5nfGVufDF8MXx8fDE3ODQwOTI1NTd8MA&ixlib=rb-4.1.0&q=80&w=1080,Beige shirt,shirt,A woman in a floral print outfit sits on stairs.,beige,8349,IMANA on Unsplash (https://unsplash.com/photos/a-woman-in-a-floral-print-outfit-sits-on-stairs-bFC0s8APZ-o)
https://images.unsplash.com/photo-1764583473822-92941f7b454d?crop=entropy&cs=tinysrgb&fit=max&fm=jpg&ixid=M3w5OTUzMzZ8MHwxfHNlYXJjaHw0MXx8YnV0dG9uJTIwdXAlMjBzaGlydCUyMGNsb3RoaW5nfGVufDF8MXx8fDE3ODQwOTI1NTd8MA&ixlib=rb-4.1.0&q=80&w=1080,Cream shirt,shirt,A woman wearing a colorful patterned shirt,cream,6049,IMANA on Unsplash (https://unsplash.com/photos/a-woman-wearing-a-colorful-patterned-shirt-9NtwJnIXrRM)
https://images.unsplash.com/photo-1768289222788-3a32dcffa8b2?crop=entropy&cs=tinysrgb&fit=max&fm=jpg&ixid=M3w5OTUzMzZ8MHwxfHNlYXJjaHw0Mnx8YnV0dG9uJTIwdXAlMjBzaGlydCUyMGNsb3RoaW5nfGVufDF8MXx8fDE3ODQwOTI1NTd8MA&ixlib=rb-4.1.0&q=80&w=1080,Beige shirt,shirt,Woman in red floral outfit holding a straw bag,beige,3849,IMANA on Unsplash (https://unsplash.com/photos/woman-in-red-floral-outfit-holding-a-straw-bag-IHm7mTTJRXk)
https://images.unsplash.com/photo-1765436607935-aa8e3aef08f4?crop=entropy&cs=tinysrgb&fit=max&fm=jpg&ixid=M3w5OTUzMzZ8MHwxfHNlYXJjaHw0M3x8YnV0dG9uJTIwdXAlMjBzaGlydCUyMGNsb3RoaW5nfGVufDF8MXx8fDE3ODQwOTI1NTd8MA&ixlib=rb-4.1.0&q=80&w=1080,Beige shirt,shirt,Woman in patterned outfit standing between tropical plants,beige,6999,IMANA on Unsplash (https://unsplash.com/photos/woman-in-patterned-outfit-standing-between-tropical-plants-L-V_KiReGPI)
https://images.unsplash.com/photo-1764238386013-7623c01a5bbd?crop=entropy&cs=tinysrgb&fit=max&fm=jpg&ixid=M3w5OTUzMzZ8MHwxfHNlYXJjaHw0NHx8YnV0dG9uJTIwdXAlMjBzaGlydCUyMGNsb3RoaW5nfGVufDF8MXx8fDE3ODQwOTI1NTd8MA&ixlib=rb-4.1.0&q=80&w=1080,Cream shirt,shirt,Woman in patterned jumpsuit and straw hat,cream,4099,IMANA on Unsplash (https://unsplash.com/photos/woman-in-patterned-jumpsuit-and-straw-hat-DMBegrZPQy0)
https://images.unsplash.com/photo-1763294631908-f6961a3528c2?crop=entropy&cs=tinysrgb&fit=max&fm=jpg&ixid=M3w5OTUzMzZ8MHwxfHNlYXJjaHw0NXx8YnV0dG9uJTIwdXAlMjBzaGlydCUyMGNsb3RoaW5nfGVufDF8MXx8fDE3ODQwOTI1NTd8MA&ixlib=rb-4.1.0&q=80&w=1080,Cream shirt,shirt,Woman in floral patterned pajamas sitting on floor,cream,6699,IMANA on Unsplash (https://unsplash.com/photos/woman-in-floral-patterned-pajamas-sitting-on-floor-cd5xtbtmYoY)
https://images.unsplash.com/photo-1768289222451-cec8c9d42fe0?crop=entropy&cs=tinysrgb&fit=max&fm=jpg&ixid=M3w5OTUzMzZ8MHwxfHNlYXJjaHw0Nnx8YnV0dG9uJTIwdXAlMjBzaGlydCUyMGNsb3RoaW5nfGVufDF8MXx8fDE3ODQwOTI1NTd8MA&ixlib=rb-4.1.0&q=80&w=1080,Beige shirt,shirt,A woman in a red floral print outfit stands indoors.,beige,6399,IMANA on Unsplash (https://unsplash.com/photos/a-woman-in-a-red-floral-print-outfit-stands-indoors-azaa7euln7s)
https://images.unsplash.com/photo-1764764860029-744c3048b9bd?crop=entropy&cs=tinysrgb&fit=max&fm=jpg&ixid=M3w5OTUzMzZ8MHwxfHNlYXJjaHw0N3x8YnV0dG9uJTIwdXAlMjBzaGlydCUyMGNsb3RoaW5nfGVufDF8MXx8fDE3ODQwOTI1NTd8MA&ixlib=rb-4.1.0&q=80&w=1080,Black shirt,shirt,Woman in floral dress sitting on a leather couch.,black,5499,IMANA on Unsplash (https://unsplash.com/photos/woman-in-floral-dress-sitting-on-a-leather-couch-vpVHB2MbEf4)
https://images.unsplash.com/photo-1767785829300-28722d89e696?crop=entropy&cs=tinysrgb&fit=max&fm=jpg&ixid=M3w5OTUzMzZ8MHwxfHNlYXJjaHw0OHx8YnV0dG9uJTIwdXAlMjBzaGlydCUyMGNsb3RoaW5nfGVufDF8MXx8fDE3ODQwOTI1NTd8MA&ixlib=rb-4.1.0&q=80&w=1080,Black shirt,shirt,Young woman wearing floral pajamas on a couch,black,6499,IMANA on Unsplash (https://unsplash.com/photos/young-woman-wearing-floral-pajamas-on-a-couch-6_xJBHk6OKY)
https://images.unsplash.com/photo-1764337593431-d6b2bf236ee2?crop=entropy&cs=tinysrgb&fit=max&fm=jpg&ixid=M3w5OTUzMzZ8MHwxfHNlYXJjaHw0OXx8YnV0dG9uJTIwdXAlMjBzaGlydCUyMGNsb3RoaW5nfGVufDF8MXx8fDE3ODQwOTI1NTd8MA&ixlib=rb-4.1.0&q=80&w=1080,Beige shirt,shirt,Woman in floral pajamas standing between tropical plants,beige,3999,IMANA on Unsplash (https://unsplash.com/photos/woman-in-floral-pajamas-standing-between-tropical-plants-A_4DITn0W50)
https://images.unsplash.com/photo-1768651925843-63679203af13?crop=entropy&cs=tinysrgb&fit=max&fm=jpg&ixid=M3w5OTUzMzZ8MHwxfHNlYXJjaHw1MHx8YnV0dG9uJTIwdXAlMjBzaGlydCUyMGNsb3RoaW5nfGVufDF8MXx8fDE3ODQwOTI1NTd8MA&ixlib=rb-4.1.0&q=80&w=1080,Cream shirt,shirt,Woman wearing a floral print shirt and pants,cream,8449,IMANA on Unsplash (https://unsplash.com/photos/woman-wearing-a-floral-print-shirt-and-pants-y75lyZETG-I)
https://images.unsplash.com/photo-1767785829375-4678f57a4f5c?crop=entropy&cs=tinysrgb&fit=max&fm=jpg&ixid=M3w5OTUzMzZ8MHwxfHNlYXJjaHw1MXx8YnV0dG9uJTIwdXAlMjBzaGlydCUyMGNsb3RoaW5nfGVufDF8MXx8fDE3ODQwOTI1NTd8MA&ixlib=rb-4.1.0&q=80&w=1080,Beige shirt,shirt,Woman in floral print outfit holding a round bag.,beige,5649,IMANA on Unsplash (https://unsplash.com/photos/woman-in-floral-print-outfit-holding-a-round-bag-VmXFyZzHPs8)
https://images.unsplash.com/photo-1765365353680-9720fa2ff167?crop=entropy&cs=tinysrgb&fit=max&fm=jpg&ixid=M3w5OTUzMzZ8MHwxfHNlYXJjaHw1Mnx8YnV0dG9uJTIwdXAlMjBzaGlydCUyMGNsb3RoaW5nfGVufDF8MXx8fDE3ODQwOTI1NTd8MA&ixlib=rb-4.1.0&q=80&w=1080,Cream shirt,shirt,Woman in a floral outfit and sun hat,cream,7599,IMANA on Unsplash (https://unsplash.com/photos/woman-in-a-floral-outfit-and-sun-hat-AlP9HratSZg)
https://images.unsplash.com/photo-1767884045501-90e4e2846870?crop=entropy&cs=tinysrgb&fit=max&fm=jpg&ixid=M3w5OTUzMzZ8MHwxfHNlYXJjaHw1M3x8YnV0dG9uJTIwdXAlMjBzaGlydCUyMGNsb3RoaW5nfGVufDF8MXx8fDE3ODQwOTI1NTd8MA&ixlib=rb-4.1.0&q=80&w=1080,Beige shirt,shirt,Woman in floral outfit with colorful necklace,beige,5349,IMANA on Unsplash (https://unsplash.com/photos/woman-in-floral-outfit-with-colorful-necklace-Ul6eONuBlLU)
https://images.unsplash.com/photo-1766139887733-da3886cc6908?crop=entropy&cs=tinysrgb&fit=max&fm=jpg&ixid=M3w5OTUzMzZ8MHwxfHNlYXJjaHw1NHx8YnV0dG9uJTIwdXAlMjBzaGlydCUyMGNsb3RoaW5nfGVufDF8MXx8fDE3ODQwOTI1NTd8MA&ixlib=rb-4.1.0&q=80&w=1080,Navy shirt,shirt,Elderly man with weathered face and purple cap.,navy,6349,Mehdi Raad on Unsplash (https://unsplash.com/photos/elderly-man-with-weathered-face-and-purple-cap-9ixawje0wFE)
https://images.unsplash.com/photo-1767884045397-41ce1eef8951?crop=entropy&cs=tinysrgb&fit=max&fm=jpg&ixid=M3w5OTUzMzZ8MHwxfHNlYXJjaHw1NXx8YnV0dG9uJTIwdXAlMjBzaGlydCUyMGNsb3RoaW5nfGVufDF8MXx8fDE3ODQwOTI1NTd8MA&ixlib=rb-4.1.0&q=80&w=1080,Beige shirt,shirt,Young woman in floral outfit with colorful necklace.,beige,8549,IMANA on Unsplash (https://unsplash.com/photos/young-woman-in-floral-outfit-with-colorful-necklace-X2joAMznQWE)
https://images.unsplash.com/photo-1764845181514-7bab695056bc?crop=entropy&cs=tinysrgb&fit=max&fm=jpg&ixid=M3w5OTUzMzZ8MHwxfHNlYXJjaHw1Nnx8YnV0dG9uJTIwdXAlMjBzaGlydCUyMGNsb3RoaW5nfGVufDF8MXx8fDE3ODQwOTI1NTd8MA&ixlib=rb-4.1.0&q=80&w=1080,Cream shirt,shirt,Woman in patterned outfit with sunglasses on head,cream,8149,IMANA on Unsplash (https://unsplash.com/photos/woman-in-patterned-outfit-with-sunglasses-on-head-sakwjrHmNmc)
https://images.unsplash.com/photo-1765269304156-7e4fff7e45ab?crop=entropy&cs=tinysrgb&fit=max&fm=jpg&ixid=M3w5OTUzMzZ8MHwxfHNlYXJjaHw1N3x8YnV0dG9uJTIwdXAlMjBzaGlydCUyMGNsb3RoaW5nfGVufDF8MXx8fDE3ODQwOTI1NTd8MA&ixlib=rb-4.1.0&q=80&w=1080,Cream shirt,shirt,Woman in floral print jumpsuit sits near tropical plants.,cream,7399,IMANA on Unsplash (https://unsplash.com/photos/woman-in-floral-print-jumpsuit-sits-near-tropical-plants-ZrwZGIDezq8)
https://images.unsplash.com/photo-1768289222470-d769796edc14?crop=entropy&cs=tinysrgb&fit=max&fm=jpg&ixid=M3w5OTUzMzZ8MHwxfHNlYXJjaHw1OHx8YnV0dG9uJTIwdXAlMjBzaGlydCUyMGNsb3RoaW5nfGVufDF8MXx8fDE3ODQwOTI1NTd8MA&ixlib=rb-4.1.0&q=80&w=1080,Beige shirt,shirt,A woman in a red floral outfit smiles.,beige,6599,IMANA on Unsplash (https://unsplash.com/photos/a-woman-in-a-red-floral-outfit-smiles-eGN-jg4TpYA)
https://images.unsplash.com/photo-1767785829269-e0fd240df34c?crop=entropy&cs=tinysrgb&fit=max&fm=jpg&ixid=M3w5OTUzMzZ8MHwxfHNlYXJjaHw1OXx8YnV0dG9uJTIwdXAlMjBzaGlydCUyMGNsb3RoaW5nfGVufDF8MXx8fDE3ODQwOTI1NTd8MA&ixlib=rb-4.1.0&q=80&w=1080,Cream shirt,shirt,Woman in floral print outfit and straw hat,cream,7999,IMANA on Unsplash (https://unsplash.com/photos/woman-in-floral-print-outfit-and-straw-hat-zt70ppK1SU4)
https://images.unsplash.com/photo-1765436607860-31ad5416d88d?crop=entropy&cs=tinysrgb&fit=max&fm=jpg&ixid=M3w5OTUzMzZ8MHwxfHNlYXJjaHw2MHx8YnV0dG9uJTIwdXAlMjBzaGlydCUyMGNsb3RoaW5nfGVufDF8MXx8fDE3ODQwOTI1NTd8MA&ixlib=rb-4.1.0&q=80&w=1080,Beige shirt,shirt,Woman in patterned outfit standing among tropical plants,beige,3999,IMANA on Unsplash (https://unsplash.com/photos/woman-in-patterned-outfit-standing-among-tropical-plants-O32r-ZUcOsQ)
https://images.unsplash.com/photo-1611312449408-fcece27cdbb7?crop=entropy&cs=tinysrgb&fit=max&fm=jpg&ixid=M3w5OTUzMzZ8MHwxfHNlYXJjaHwxfHxkZW5pbSUyMGphY2tldCUyMGNsb3RoaW5nfGVufDF8MXx8fDE3ODQwOTI1NTh8MA&ixlib=rb-4.1.0&q=80&w=1080,Navy jacket,jacket,blue denim button up jacket,navy,13949,Caio Coelho on Unsplash (https://unsplash.com/photos/blue-denim-button-up-jacket-QRN47la37gw)
https://images.unsplash.com/photo-1516257984-b1b4d707412e?crop=entropy&cs=tinysrgb&fit=max&fm=jpg&ixid=M3w5OTUzMzZ8MHwxfHNlYXJjaHwyfHxkZW5pbSUyMGphY2tldCUyMGNsb3RoaW5nfGVufDF8MXx8fDE3ODQwOTI1NTh8MA&ixlib=rb-4.1.0&q=80&w=1080,Cream jacket,jacket,man modeling denim jacket,cream,7949,Isaac Ramirez on Unsplash (https://unsplash.com/photos/man-modeling-denim-jacket-UNSj7BtOK0Q)
https://images.unsplash.com/photo-1555583743-991174c11425?crop=entropy&cs=tinysrgb&fit=max&fm=jpg&ixid=M3w5OTUzMzZ8MHwxfHNlYXJjaHwzfHxkZW5pbSUyMGphY2tldCUyMGNsb3RoaW5nfGVufDF8MXx8fDE3ODQwOTI1NTh8MA&ixlib=rb-4.1.0&q=80&w=1080,Grey jacket,jacket,man in blue washed jacket,grey,14949,Adrian Dascal on Unsplash (https://unsplash.com/photos/man-in-blue-washed-jacket-1QOsJGbNIgk)
https://images.unsplash.com/photo-1577660002965-04865592fc60?crop=entropy&cs=tinysrgb&fit=max&fm=jpg&ixid=M3w5OTUzMzZ8MHwxfHNlYXJjaHw0fHxkZW5pbSUyMGphY2tldCUyMGNsb3RoaW5nfGVufDF8MXx8fDE3ODQwOTI1NTh8MA&ixlib=rb-4.1.0&q=80&w=1080,Cream jacket,jacket,woman wearing white crew-neck t-shirt and blue denim jacket standing while looking down,cream,13749,Olivia Connell on Unsplash (https://unsplash.com/photos/woman-wearing-white-crew-neck-t-shirt-and-blue-denim-jacket-standing-while-looking-down-GIJilzvYLP8)
https://images.unsplash.com/photo-1614693348454-1e0710d21c60?crop=entropy&cs=tinysrgb&fit=max&fm=jpg&ixid=M3w5OTUzMzZ8MHwxfHNlYXJjaHw1fHxkZW5pbSUyMGphY2tldCUyMGNsb3RoaW5nfGVufDF8MXx8fDE3ODQwOTI1NTh8MA&ixlib=rb-4.1.0&q=80&w=1080,Cream jacket,jacket,man in blue denim jacket wearing black cap,cream,12699,Brock Wegner on Unsplash (https://unsplash.com/photos/man-in-blue-denim-jacket-wearing-black-cap-VYuV0yZc5eI)
https://images.unsplash.com/photo-1551537482-f2075a1d41f2?crop=entropy&cs=tinysrgb&fit=max&fm=jpg&ixid=M3w5OTUzMzZ8MHwxfHNlYXJjaHw2fHxkZW5pbSUyMGphY2tldCUyMGNsb3RoaW5nfGVufDF8MXx8fDE3ODQwOTI1NTh8MA&ixlib=rb-4.1.0&q=80&w=1080,Black jacket,jacket,man standing beside blue wooden wall,black,14949,santosh verma on Unsplash (https://unsplash.com/photos/man-standing-beside-blue-wooden-wall-i49yJtWD57w)
https://images.unsplash.com/photo-1535821768496-80f6b2bd573a?crop=entropy&cs=tinysrgb&fit=max&fm=jpg&ixid=M3w5OTUzMzZ8MHwxfHNlYXJjaHw3fHxkZW5pbSUyMGphY2tldCUyMGNsb3RoaW5nfGVufDF8MXx8fDE3ODQwOTI1NTh8MA&ixlib=rb-4.1.0&q=80&w=1080,White jacket,jacket,couple wearing distress denim jackets,white,9549,Evelyn Céspedes on Unsplash (https://unsplash.com/photos/couple-wearing-distress-denim-jackets-QLSov-QKfWM)
https://images.unsplash.com/photo-1643858040625-3e806a9e5be3?crop=entropy&cs=tinysrgb&fit=max&fm=jpg&ixid=M3w5OTUzMzZ8MHwxfHNlYXJjaHw4fHxkZW5pbSUyMGphY2tldCUyMGNsb3RoaW5nfGVufDF8MXx8fDE3ODQwOTI1NTh8MA&ixlib=rb-4.1.0&q=80&w=1080,Navy jacket,jacket,a man in a denim jacket adjusting his watch,navy,15899,Jabari Timothy on Unsplash (https://unsplash.com/photos/a-man-in-a-denim-jacket-adjusting-his-watch-OT2UXntkCUI)
https://images.unsplash.com/photo-1743356914615-66062f1850e6?crop=entropy&cs=tinysrgb&fit=max&fm=jpg&ixid=M3w5OTUzMzZ8MHwxfHNlYXJjaHw5fHxkZW5pbSUyMGphY2tldCUyMGNsb3RoaW5nfGVufDF8MXx8fDE3ODQwOTI1NTh8MA&ixlib=rb-4.1.0&q=80&w=1080,Beige jacket,jacket,A woman models a stylish denim jacket and skirt.,beige,10349,Lolita Timoshek on Unsplash (https://unsplash.com/photos/a-woman-models-a-stylish-denim-jacket-and-skirt-MDo3IJn9_to)
https://images.unsplash.com/photo-1615943168243-5b2503679e47?crop=entropy&cs=tinysrgb&fit=max&fm=jpg&ixid=M3w5OTUzMzZ8MHwxfHNlYXJjaHwxMHx8ZGVuaW0lMjBqYWNrZXQlMjBjbG90aGluZ3xlbnwxfDF8fHwxNzg0MDkyNTU4fDA&ixlib=rb-4.1.0&q=80&w=1080,White jacket,jacket,man in blue denim jacket wearing black sunglasses,white,8099,Brock Wegner on Unsplash (https://unsplash.com/photos/man-in-blue-denim-jacket-wearing-black-sunglasses-7PuQifdU248)
https://images.unsplash.com/photo-1632539965485-d90e8cbca5d3?crop=entropy&cs=tinysrgb&fit=max&fm=jpg&ixid=M3w5OTUzMzZ8MHwxfHNlYXJjaHwxMXx8ZGVuaW0lMjBqYWNrZXQlMjBjbG90aGluZ3xlbnwxfDF8fHwxNzg0MDkyNTU4fDA&ixlib=rb-4.1.0&q=80&w=1080,Grey jacket,jacket,a close up of a person wearing a jean jacket,grey,12749,Evan Wise on Unsplash (https://unsplash.com/photos/a-close-up-of-a-person-wearing-a-jean-jacket-FR4Z5Zb00eE)
https://images.unsplash.com/photo-1521073535089-c3fe0eae04cc?crop=entropy&cs=tinysrgb&fit=max&fm=jpg&ixid=M3w5OTUzMzZ8MHwxfHNlYXJjaHwxMnx8ZGVuaW0lMjBqYWNrZXQlMjBjbG90aGluZ3xlbnwxfDF8fHwxNzg0MDkyNTU4fDA&ixlib=rb-4.1.0&q=80&w=1080,Beige jacket,jacket,person wearing blue denim sheepskin jacket,beige,6299,Nico Marks on Unsplash (https://unsplash.com/photos/person-wearing-blue-denim-sheepskin-jacket-v_jxeameRIg)
https://images.unsplash.com/photo-1549237511-bbe6a0979d6a?crop=entropy&cs=tinysrgb&fit=max&fm=jpg&ixid=M3w5OTUzMzZ8MHwxfHNlYXJjaHwxM3x8ZGVuaW0lMjBqYWNrZXQlMjBjbG90aGluZ3xlbnwxfDF8fHwxNzg0MDkyNTU4fDA&ixlib=rb-4.1.0&q=80&w=1080,Navy jacket,jacket,man wearing black denim jacket,navy,17549,Toa Heftiba on Unsplash (https://unsplash.com/photos/man-wearing-black-denim-jacket-chn-__w4I3M)
https://images.unsplash.com/photo-1587155471946-9e8d4d1132fa?crop=entropy&cs=tinysrgb&fit=max&fm=jpg&ixid=M3w5OTUzMzZ8MHwxfHNlYXJjaHwxNHx8ZGVuaW0lMjBqYWNrZXQlMjBjbG90aGluZ3xlbnwxfDF8fHwxNzg0MDkyNTU4fDA&ixlib=rb-4.1.0&q=80&w=1080,Cream jacket,jacket,woman in blue denim button up jacket leaning on brown wall,cream,12149,Apostolos Vamvouras on Unsplash (https://unsplash.com/photos/woman-in-blue-denim-button-up-jacket-leaning-on-brown-wall-UA3oq96JO6s)
https://images.unsplash.com/photo-1611912901957-80caca8de69a?crop=entropy&cs=tinysrgb&fit=max&fm=jpg&ixid=M3w5OTUzMzZ8MHwxfHNlYXJjaHwxNXx8ZGVuaW0lMjBqYWNrZXQlMjBjbG90aGluZ3xlbnwxfDF8fHwxNzg0MDkyNTU4fDA&ixlib=rb-4.1.0&q=80&w=1080,Cream jacket,jacket,man in blue denim jacket standing on brown field during daytime,cream,16949,Dani Navarro on Unsplash (https://unsplash.com/photos/man-in-blue-denim-jacket-standing-on-brown-field-during-daytime-iyh1dW_xETY)
https://images.unsplash.com/photo-1739384879592-79903b12b2a6?crop=entropy&cs=tinysrgb&fit=max&fm=jpg&ixid=M3w5OTUzMzZ8MHwxfHNlYXJjaHwxNnx8ZGVuaW0lMjBqYWNrZXQlMjBjbG90aGluZ3xlbnwxfDF8fHwxNzg0MDkyNTU4fDA&ixlib=rb-4.1.0&q=80&w=1080,Black jacket,jacket,"A pair of jeans, a jacket, and a pair of sneakers are laid out",black,8549,philippe wehrli on Unsplash (https://unsplash.com/photos/a-pair-of-jeans-a-jacket-and-a-pair-of-sneakers-are-laid-out-j2Abvzsq8z4)
https://images.unsplash.com/photo-1591213954196-2d0ccb3f8d4c?crop=entropy&cs=tinysrgb&fit=max&fm=jpg&ixid=M3w5OTUzMzZ8MHwxfHNlYXJjaHwxN3x8ZGVuaW0lMjBqYWNrZXQlMjBjbG90aGluZ3xlbnwxfDF8fHwxNzg0MDkyNTU4fDA&ixlib=rb-4.1.0&q=80&w=1080,White jacket,jacket,man in blue denim jacket standing on bridge during daytime,white,11699,Sebastian Pociecha on Unsplash (https://unsplash.com/photos/man-in-blue-denim-jacket-standing-on-bridge-during-daytime--JUoxG4sp88)
https://images.unsplash.com/photo-1523205565295-f8e91625443b?crop=entropy&cs=tinysrgb&fit=max&fm=jpg&ixid=M3w5OTUzMzZ8MHwxfHNlYXJjaHwxOHx8ZGVuaW0lMjBqYWNrZXQlMjBjbG90aGluZ3xlbnwxfDF8fHwxNzg0MDkyNTU4fDA&ixlib=rb-4.1.0&q=80&w=1080,Navy jacket,jacket,man standing in front of roll-up door at daytime,navy,8549,Mark West on Unsplash (https://unsplash.com/photos/man-standing-in-front-of-roll-up-door-at-daytime-yTbfXZN27Ow)
https://images.unsplash.com/photo-1713943189183-c5a9dde63b45?crop=entropy&cs=tinysrgb&fit=max&fm=jpg&ixid=M3w5OTUzMzZ8MHwxfHNlYXJjaHwxOXx8ZGVuaW0lMjBqYWNrZXQlMjBjbG90aGluZ3xlbnwxfDF8fHwxNzg0MDkyNTU4fDA&ixlib=rb-4.1.0&q=80&w=1080,Beige jacket,jacket,a man walking down a sidewalk in front of a store,beige,7699,Raviraj Singh Tomar on Unsplash (https://unsplash.com/photos/a-man-walking-down-a-sidewalk-in-front-of-a-store-IuMSyLBGRGE)
https://images.unsplash.com/photo-1640767549157-7cbdb00ab8a1?crop=entropy&cs=tinysrgb&fit=max&fm=jpg&ixid=M3w5OTUzMzZ8MHwxfHNlYXJjaHwyMHx8ZGVuaW0lMjBqYWNrZXQlMjBjbG90aGluZ3xlbnwxfDF8fHwxNzg0MDkyNTU4fDA&ixlib=rb-4.1.0&q=80&w=1080,Black jacket,jacket,a pair of jeans and an orange shirt are on a bed,black,12099,Cosmin Ursea on Unsplash (https://unsplash.com/photos/a-pair-of-jeans-and-an-orange-shirt-are-on-a-bed-cFIl1F2FIGo)
https://images.unsplash.com/photo-1775946477600-3616edfc6c26?crop=entropy&cs=tinysrgb&fit=max&fm=jpg&ixid=M3w5OTUzMzZ8MHwxfHNlYXJjaHwyMXx8ZGVuaW0lMjBqYWNrZXQlMjBjbG90aGluZ3xlbnwxfDF8fHwxNzg0MDkyNTU4fDA&ixlib=rb-4.1.0&q=80&w=1080,Grey jacket,jacket,Denim jackets hanging on a rack in a store,grey,6299,Ian ODonnell on Unsplash (https://unsplash.com/photos/denim-jackets-hanging-on-a-rack-in-a-store-m0bnY2nFo0A)
https://images.unsplash.com/photo-1769183960105-e8bf22c65c10?crop=entropy&cs=tinysrgb&fit=max&fm=jpg&ixid=M3w5OTUzMzZ8MHwxfHNlYXJjaHwyMnx8ZGVuaW0lMjBqYWNrZXQlMjBjbG90aGluZ3xlbnwxfDF8fHwxNzg0MDkyNTU4fDA&ixlib=rb-4.1.0&q=80&w=1080,Navy jacket,jacket,Young woman in denim jacket and jeans smiles outdoors.,navy,8949,Teodora Popa Photographer on Unsplash (https://unsplash.com/photos/young-woman-in-denim-jacket-and-jeans-smiles-outdoors-aqZD2SD5zEA)
https://images.unsplash.com/photo-1586631606186-ebec867a275a?crop=entropy&cs=tinysrgb&fit=max&fm=jpg&ixid=M3w5OTUzMzZ8MHwxfHNlYXJjaHwyM3x8ZGVuaW0lMjBqYWNrZXQlMjBjbG90aGluZ3xlbnwxfDF8fHwxNzg0MDkyNTU4fDA&ixlib=rb-4.1.0&q=80&w=1080,Beige jacket,jacket,woman in blue denim jacket leaning on green palm tree,beige,13899,Apostolos Vamvouras on Unsplash (https://unsplash.com/photos/woman-in-blue-denim-jacket-leaning-on-green-palm-tree-IRMsEB92La8)
https://images.unsplash.com/photo-1616624071809-099df403b191?crop=entropy&cs=tinysrgb&fit=max&fm=jpg&ixid=M3w5OTUzMzZ8MHwxfHNlYXJjaHwyNHx8ZGVuaW0lMjBqYWNrZXQlMjBjbG90aGluZ3xlbnwxfDF8fHwxNzg0MDkyNTU4fDA&ixlib=rb-4.1.0&q=80&w=1080,White jacket,jacket,person in black jacket and blue denim jeans standing on grass field during daytime,white,17699,Thibaut Santy on Unsplash (https://unsplash.com/photos/person-in-black-jacket-and-blue-denim-jeans-standing-on-grass-field-during-daytime-6g4QoCuLR7E)
https://images.unsplash.com/photo-1769184059649-0764a3f3d25c?crop=entropy&cs=tinysrgb&fit=max&fm=jpg&ixid=M3w5OTUzMzZ8MHwxfHNlYXJjaHwyNXx8ZGVuaW0lMjBqYWNrZXQlMjBjbG90aGluZ3xlbnwxfDF8fHwxNzg0MDkyNTU4fDA&ixlib=rb-4.1.0&q=80&w=1080,Beige jacket,jacket,Young woman in denim jacket leaning against wall.,beige,6699,Teodora Popa Photographer on Unsplash (https://unsplash.com/photos/young-woman-in-denim-jacket-leaning-against-wall-hh_fvwAv_64)
https://images.unsplash.com/photo-1521755985926-3433a1d0a769?crop=entropy&cs=tinysrgb&fit=max&fm=jpg&ixid=M3w5OTUzMzZ8MHwxfHNlYXJjaHwyNnx8ZGVuaW0lMjBqYWNrZXQlMjBjbG90aGluZ3xlbnwxfDF8fHwxNzg0MDkyNTU4fDA&ixlib=rb-4.1.0&q=80&w=1080,Black jacket,jacket,brown haired woman in blue denim jacket standing near firewoods,black,10949,Maria Lupan on Unsplash (https://unsplash.com/photos/brown-haired-woman-in-blue-denim-jacket-standing-near-firewoods-7dGCL6Se3Ao)
https://images.unsplash.com/photo-1769636930646-3d053e96f5b8?crop=entropy&cs=tinysrgb&fit=max&fm=jpg&ixid=M3w5OTUzMzZ8MHwxfHNlYXJjaHwyN3x8ZGVuaW0lMjBqYWNrZXQlMjBjbG90aGluZ3xlbnwxfDF8fHwxNzg0MDkyNTU4fDA&ixlib=rb-4.1.0&q=80&w=1080,Navy jacket,jacket,Young woman in denim jacket and white top smiles,navy,15499,Jadon Johnson on Unsplash (https://unsplash.com/photos/young-woman-in-denim-jacket-and-white-top-smiles-h9a6yPlAi3A)
https://images.unsplash.com/photo-1778865576241-6739d4a6aa95?crop=entropy&cs=tinysrgb&fit=max&fm=jpg&ixid=M3w5OTUzMzZ8MHwxfHNlYXJjaHwyOHx8ZGVuaW0lMjBqYWNrZXQlMjBjbG90aGluZ3xlbnwxfDF8fHwxNzg0MDkyNTU4fDA&ixlib=rb-4.1.0&q=80&w=1080,Grey jacket,jacket,Denim suit with patchwork details on jacket and pants,grey,10899,Smithsonian on Unsplash (https://unsplash.com/photos/denim-suit-with-patchwork-details-on-jacket-and-pants-SbmpK6y1kso)
https://images.unsplash.com/photo-1772449099606-ad6ebc8eecda?crop=entropy&cs=tinysrgb&fit=max&fm=jpg&ixid=M3w5OTUzMzZ8MHwxfHNlYXJjaHwyOXx8ZGVuaW0lMjBqYWNrZXQlMjBjbG90aGluZ3xlbnwxfDF8fHwxNzg0MDkyNTU4fDA&ixlib=rb-4.1.0&q=80&w=1080,Cream jacket,jacket,A woman in a black hat and leather jacket walks.,cream,8699,Rodrigo Rodrigues | WOLF Λ R T on Unsplash (https://unsplash.com/photos/a-woman-in-a-black-hat-and-leather-jacket-walks-q8vaTKh2a4M)
https://images.unsplash.com/photo-1769183960563-7294f403c17a?crop=entropy&cs=tinysrgb&fit=max&fm=jpg&ixid=M3w5OTUzMzZ8MHwxfHNlYXJjaHwzMHx8ZGVuaW0lMjBqYWNrZXQlMjBjbG90aGluZ3xlbnwxfDF8fHwxNzg0MDkyNTU4fDA&ixlib=rb-4.1.0&q=80&w=1080,Beige jacket,jacket,Woman in denim jacket shielding eyes from sun.,beige,9899,Teodora Popa Photographer on Unsplash (https://unsplash.com/photos/woman-in-denim-jacket-shielding-eyes-from-sun-oQ_OMHoyQxM)
https://images.unsplash.com/photo-1772985451338-6bbc32aeedf1?crop=entropy&cs=tinysrgb&fit=max&fm=jpg&ixid=M3w5OTUzMzZ8MHwxfHNlYXJjaHwzMnx8ZGVuaW0lMjBqYWNrZXQlMjBjbG90aGluZ3xlbnwxfDF8fHwxNzg0MDkyNTYwfDA&ixlib=rb-4.1.0&q=80&w=1080,Brown jacket,jacket,Denim jacket hanging on a wall with tags.,brown,9949,Long Chung on Unsplash (https://unsplash.com/photos/denim-jacket-hanging-on-a-wall-with-tags-i4dlk9dYWKc)
https://images.unsplash.com/photo-1766193229338-1e0c6775480c?crop=entropy&cs=tinysrgb&fit=max&fm=jpg&ixid=M3w5OTUzMzZ8MHwxfHNlYXJjaHwzM3x8ZGVuaW0lMjBqYWNrZXQlMjBjbG90aGluZ3xlbnwxfDF8fHwxNzg0MDkyNTYwfDA&ixlib=rb-4.1.0&q=80&w=1080,Black jacket,jacket,Woman in denim jacket and jeans posing outdoors,black,9949,FOTOGRAFÍA EDITORIAL on Unsplash (https://unsplash.com/photos/woman-in-denim-jacket-and-jeans-posing-outdoors-vc1h_I674As)
https://images.unsplash.com/photo-1772521244230-8b1f7a03fd3b?crop=entropy&cs=tinysrgb&fit=max&fm=jpg&ixid=M3w5OTUzMzZ8MHwxfHNlYXJjaHwzNHx8ZGVuaW0lMjBqYWNrZXQlMjBjbG90aGluZ3xlbnwxfDF8fHwxNzg0MDkyNTYwfDA&ixlib=rb-4.1.0&q=80&w=1080,Black jacket,jacket,Man in patterned jacket and light jeans adjusts belt,black,8349,Michael Kyule on Unsplash (https://unsplash.com/photos/man-in-patterned-jacket-and-light-jeans-adjusts-belt-o163zbRf2p0)
https://images.unsplash.com/photo-1762343948528-c7b9ee9d3e70?crop=entropy&cs=tinysrgb&fit=max&fm=jpg&ixid=M3w5OTUzMzZ8MHwxfHNlYXJjaHwzNXx8ZGVuaW0lMjBqYWNrZXQlMjBjbG90aGluZ3xlbnwxfDF8fHwxNzg0MDkyNTYwfDA&ixlib=rb-4.1.0&q=80&w=1080,Blue jacket,jacket,Woman in sunglasses and patterned jacket stands outside.,blue,9499,Zulfugar Karimov on Unsplash (https://unsplash.com/photos/woman-in-sunglasses-and-patterned-jacket-stands-outside-a4e7G5ouq14)
https://images.unsplash.com/photo-1769689388217-c3c8fec7099d?crop=entropy&cs=tinysrgb&fit=max&fm=jpg&ixid=M3w5OTUzMzZ8MHwxfHNlYXJjaHwzNnx8ZGVuaW0lMjBqYWNrZXQlMjBjbG90aGluZ3xlbnwxfDF8fHwxNzg0MDkyNTYwfDA&ixlib=rb-4.1.0&q=80&w=1080,Cream jacket,jacket,Man in shiny black puffer jacket and baseball cap,cream,10549,Temuujin Purevjav on Unsplash (https://unsplash.com/photos/man-in-shiny-black-puffer-jacket-and-baseball-cap-m2mLqew6JmM)
https://images.unsplash.com/photo-1588011025378-15f4778d2558?crop=entropy&cs=tinysrgb&fit=max&fm=jpg&ixid=M3w5OTUzMzZ8MHwxfHNlYXJjaHwzN3x8ZGVuaW0lMjBqYWNrZXQlMjBjbG90aGluZ3xlbnwxfDF8fHwxNzg0MDkyNTYwfDA&ixlib=rb-4.1.0&q=80&w=1080,Navy jacket,jacket,woman in black coat holding her chin,navy,16949,Samia Liamani on Unsplash (https://unsplash.com/photos/woman-in-black-coat-holding-her-chin-Z_wD2N7K_wQ)
https://images.unsplash.com/photo-1773614784597-cdc0a981a0a0?crop=entropy&cs=tinysrgb&fit=max&fm=jpg&ixid=M3w5OTUzMzZ8MHwxfHNlYXJjaHwzOHx8ZGVuaW0lMjBqYWNrZXQlMjBjbG90aGluZ3xlbnwxfDF8fHwxNzg0MDkyNTYwfDA&ixlib=rb-4.1.0&q=80&w=1080,Navy jacket,jacket,Woman in jeans and jacket at night,navy,12949,lhon karwan on Unsplash (https://unsplash.com/photos/woman-in-jeans-and-jacket-at-night-EqeSs2vcYHs)
https://images.unsplash.com/photo-1769183960428-481fa4198b47?crop=entropy&cs=tinysrgb&fit=max&fm=jpg&ixid=M3w5OTUzMzZ8MHwxfHNlYXJjaHwzOXx8ZGVuaW0lMjBqYWNrZXQlMjBjbG90aGluZ3xlbnwxfDF8fHwxNzg0MDkyNTYwfDA&ixlib=rb-4.1.0&q=80&w=1080,Grey jacket,jacket,Woman in denim jacket and jeans stands outdoors,grey,16499,Teodora Popa Photographer on Unsplash (https://unsplash.com/photos/woman-in-denim-jacket-and-jeans-stands-outdoors-H69Pyr6rouw)
https://images.unsplash.com/photo-1601717355137-4d1c9762cd3b?crop=entropy&cs=tinysrgb&fit=max&fm=jpg&ixid=M3w5OTUzMzZ8MHwxfHNlYXJjaHw0MHx8ZGVuaW0lMjBqYWNrZXQlMjBjbG90aGluZ3xlbnwxfDF8fHwxNzg0MDkyNTYwfDA&ixlib=rb-4.1.0&q=80&w=1080,Navy jacket,jacket,woman in yellow hijab and blue denim jacket sitting on brown sofa,navy,11549,amir soltani on Unsplash (https://unsplash.com/photos/woman-in-yellow-hijab-and-blue-denim-jacket-sitting-on-brown-sofa-kffPW0WZts8)
https://images.unsplash.com/photo-1776951129989-9331fe485c63?crop=entropy&cs=tinysrgb&fit=max&fm=jpg&ixid=M3w5OTUzMzZ8MHwxfHNlYXJjaHw0MXx8ZGVuaW0lMjBqYWNrZXQlMjBjbG90aGluZ3xlbnwxfDF8fHwxNzg0MDkyNTYwfDA&ixlib=rb-4.1.0&q=80&w=1080,Brown jacket,jacket,Woman in denim outfit and hat on farm,brown,11699,Alexander Mass on Unsplash (https://unsplash.com/photos/woman-in-denim-outfit-and-hat-on-farm-2tga4ooU-xI)
https://images.unsplash.com/photo-1762343945770-06c5fa101e8f?crop=entropy&cs=tinysrgb&fit=max&fm=jpg&ixid=M3w5OTUzMzZ8MHwxfHNlYXJjaHw0Mnx8ZGVuaW0lMjBqYWNrZXQlMjBjbG90aGluZ3xlbnwxfDF8fHwxNzg0MDkyNTYwfDA&ixlib=rb-4.1.0&q=80&w=1080,Blue jacket,jacket,Young woman in denim jacket and jeans outdoors,blue,10699,Zulfugar Karimov on Unsplash (https://unsplash.com/photos/young-woman-in-denim-jacket-and-jeans-outdoors-pv-ej5Cb_K0)
https://images.unsplash.com/photo-1762343927054-71da6639e5e2?crop=entropy&cs=tinysrgb&fit=max&fm=jpg&ixid=M3w5OTUzMzZ8MHwxfHNlYXJjaHw0M3x8ZGVuaW0lMjBqYWNrZXQlMjBjbG90aGluZ3xlbnwxfDF8fHwxNzg0MDkyNTYwfDA&ixlib=rb-4.1.0&q=80&w=1080,Navy jacket,jacket,A young woman in sunglasses and jeans stands outside.,navy,12099,Zulfugar Karimov on Unsplash (https://unsplash.com/photos/a-young-woman-in-sunglasses-and-jeans-stands-outside-ZpYA2C10WaA)
https://images.unsplash.com/photo-1761599345656-5e2956917989?crop=entropy&cs=tinysrgb&fit=max&fm=jpg&ixid=M3w5OTUzMzZ8MHwxfHNlYXJjaHw0NHx8ZGVuaW0lMjBqYWNrZXQlMjBjbG90aGluZ3xlbnwxfDF8fHwxNzg0MDkyNTYwfDA&ixlib=rb-4.1.0&q=80&w=1080,Black jacket,jacket,Two women wearing sunglasses and stylish outfits,black,10099,seyi adekola on Unsplash (https://unsplash.com/photos/two-women-wearing-sunglasses-and-stylish-outfits-EubqgOIMUEY)
https://images.unsplash.com/photo-1776951131009-0f6154c3a157?crop=entropy&cs=tinysrgb&fit=max&fm=jpg&ixid=M3w5OTUzMzZ8MHwxfHNlYXJjaHw0NXx8ZGVuaW0lMjBqYWNrZXQlMjBjbG90aGluZ3xlbnwxfDF8fHwxNzg0MDkyNTYwfDA&ixlib=rb-4.1.0&q=80&w=1080,Black jacket,jacket,Woman in cowboy hat with axe rests on log,black,16299,Alexander Mass on Unsplash (https://unsplash.com/photos/woman-in-cowboy-hat-with-axe-rests-on-log-hoIEQFRdZ28)
https://images.unsplash.com/photo-1779804352081-33bf4cb54c2d?crop=entropy&cs=tinysrgb&fit=max&fm=jpg&ixid=M3w5OTUzMzZ8MHwxfHNlYXJjaHw0Nnx8ZGVuaW0lMjBqYWNrZXQlMjBjbG90aGluZ3xlbnwxfDF8fHwxNzg0MDkyNTYwfDA&ixlib=rb-4.1.0&q=80&w=1080,Beige jacket,jacket,"Denim jacket, keffiyeh, and bag hanging on a wooden rack.",beige,6299,Emilipothèse on Unsplash (https://unsplash.com/photos/denim-jacket-keffiyeh-and-bag-hanging-on-a-wooden-rack-6TZhwBUgGOw)
https://images.unsplash.com/photo-1773236175367-4f4c525dc923?crop=entropy&cs=tinysrgb&fit=max&fm=jpg&ixid=M3w5OTUzMzZ8MHwxfHNlYXJjaHw0N3x8ZGVuaW0lMjBqYWNrZXQlMjBjbG90aGluZ3xlbnwxfDF8fHwxNzg0MDkyNTYwfDA&ixlib=rb-4.1.0&q=80&w=1080,Navy jacket,jacket,Three stylish people posing outdoors on a paved walkway.,navy,16299,Bien'arts on Unsplash (https://unsplash.com/photos/three-stylish-people-posing-outdoors-on-a-paved-walkway-7AoZRifnxCI)
https://images.unsplash.com/photo-1766193229888-720e8b3405ca?crop=entropy&cs=tinysrgb&fit=max&fm=jpg&ixid=M3w5OTUzMzZ8MHwxfHNlYXJjaHw0OHx8ZGVuaW0lMjBqYWNrZXQlMjBjbG90aGluZ3xlbnwxfDF8fHwxNzg0MDkyNTYwfDA&ixlib=rb-4.1.0&q=80&w=1080,Black jacket,jacket,Woman in denim jacket and pink sunglasses outdoors,black,16899,FOTOGRAFÍA EDITORIAL on Unsplash (https://unsplash.com/photos/woman-in-denim-jacket-and-pink-sunglasses-outdoors-sQSDCLyNRIM)
https://images.unsplash.com/photo-1603835534399-d894bfbcc31f?crop=entropy&cs=tinysrgb&fit=max&fm=jpg&ixid=M3w5OTUzMzZ8MHwxfHNlYXJjaHw0OXx8ZGVuaW0lMjBqYWNrZXQlMjBjbG90aGluZ3xlbnwxfDF8fHwxNzg0MDkyNTYwfDA&ixlib=rb-4.1.0&q=80&w=1080,Cream jacket,jacket,man in black jacket and blue denim jeans standing on train rail,cream,11899,Magical Views on Unsplash (https://unsplash.com/photos/man-in-black-jacket-and-blue-denim-jeans-standing-on-train-rail-ZqGF-Xk8ERA)
https://images.unsplash.com/photo-1631044237696-6b38064fbbf4?crop=entropy&cs=tinysrgb&fit=max&fm=jpg&ixid=M3w5OTUzMzZ8MHwxfHNlYXJjaHw1MHx8ZGVuaW0lMjBqYWNrZXQlMjBjbG90aGluZ3xlbnwxfDF8fHwxNzg0MDkyNTYwfDA&ixlib=rb-4.1.0&q=80&w=1080,Black jacket,jacket,child in white sweater and blue denim jeans standing on dried leaves during daytime,black,6549,Alessandro Rossi on Unsplash (https://unsplash.com/photos/child-in-white-sweater-and-blue-denim-jeans-standing-on-dried-leaves-during-daytime-ld8Thc2ryuQ)
https://images.unsplash.com/photo-1666327826510-5f5c4f564836?crop=entropy&cs=tinysrgb&fit=max&fm=jpg&ixid=M3w5OTUzMzZ8MHwxfHNlYXJjaHw1MXx8ZGVuaW0lMjBqYWNrZXQlMjBjbG90aGluZ3xlbnwxfDF8fHwxNzg0MDkyNTYwfDA&ixlib=rb-4.1.0&q=80&w=1080,Navy jacket,jacket,a woman hugging another woman,navy,9949,noelle on Unsplash (https://unsplash.com/photos/a-woman-hugging-another-woman-Hy4sxfyvbxI)
https://images.unsplash.com/photo-1642553903779-03a80b557d57?crop=entropy&cs=tinysrgb&fit=max&fm=jpg&ixid=M3w5OTUzMzZ8MHwxfHNlYXJjaHw1Mnx8ZGVuaW0lMjBqYWNrZXQlMjBjbG90aGluZ3xlbnwxfDF8fHwxNzg0MDkyNTYwfDA&ixlib=rb-4.1.0&q=80&w=1080,Navy jacket,jacket,a man in a blue jacket is eating a piece of food,navy,16699,Adrian Hernandez on Unsplash (https://unsplash.com/photos/a-man-in-a-blue-jacket-is-eating-a-piece-of-food-s9QuJosdHX0)
https://images.unsplash.com/photo-1750857740109-de17aae57783?crop=entropy&cs=tinysrgb&fit=max&fm=jpg&ixid=M3w5OTUzMzZ8MHwxfHNlYXJjaHw1M3x8ZGVuaW0lMjBqYWNrZXQlMjBjbG90aGluZ3xlbnwxfDF8fHwxNzg0MDkyNTYwfDA&ixlib=rb-4.1.0&q=80&w=1080,Navy jacket,jacket,Young woman with hand outstretched on city street,navy,12549,Valentina Kondrasyuk on Unsplash (https://unsplash.com/photos/young-woman-with-hand-outstretched-on-city-street-fhVutbCkBSw)
https://images.unsplash.com/photo-1766193230073-f82edd2a51e9?crop=entropy&cs=tinysrgb&fit=max&fm=jpg&ixid=M3w5OTUzMzZ8MHwxfHNlYXJjaHw1NHx8ZGVuaW0lMjBqYWNrZXQlMjBjbG90aGluZ3xlbnwxfDF8fHwxNzg0MDkyNTYwfDA&ixlib=rb-4.1.0&q=80&w=1080,Beige jacket,jacket,Young woman in denim jacket and pink sunglasses,beige,8499,FOTOGRAFÍA EDITORIAL on Unsplash (https://unsplash.com/photos/young-woman-in-denim-jacket-and-pink-sunglasses-YYbNkzxSLP0)
https://images.unsplash.com/photo-1762343947812-8794294b2261?crop=entropy&cs=tinysrgb&fit=max&fm=jpg&ixid=M3w5OTUzMzZ8MHwxfHNlYXJjaHw1NXx8ZGVuaW0lMjBqYWNrZXQlMjBjbG90aGluZ3xlbnwxfDF8fHwxNzg0MDkyNTYwfDA&ixlib=rb-4.1.0&q=80&w=1080,Blue jacket,jacket,Woman in denim jacket and jeans standing outdoors.,blue,6699,Zulfugar Karimov on Unsplash (https://unsplash.com/photos/woman-in-denim-jacket-and-jeans-standing-outdoors-4Q0q2WHw7rU)
https://images.unsplash.com/photo-1617893258210-1360142c5807?crop=entropy&cs=tinysrgb&fit=max&fm=jpg&ixid=M3w5OTUzMzZ8MHwxfHNlYXJjaHw1Nnx8ZGVuaW0lMjBqYWNrZXQlMjBjbG90aGluZ3xlbnwxfDF8fHwxNzg0MDkyNTYwfDA&ixlib=rb-4.1.0&q=80&w=1080,Navy jacket,jacket,black strap silver round analog watch,navy,9899,Mihai Moisa on Unsplash (https://unsplash.com/photos/black-strap-silver-round-analog-watch-m_U2NbDBtH8)
https://images.unsplash.com/photo-1766193231051-515d49263dc0?crop=entropy&cs=tinysrgb&fit=max&fm=jpg&ixid=M3w5OTUzMzZ8MHwxfHNlYXJjaHw1N3x8ZGVuaW0lMjBqYWNrZXQlMjBjbG90aGluZ3xlbnwxfDF8fHwxNzg0MDkyNTYwfDA&ixlib=rb-4.1.0&q=80&w=1080,Black jacket,jacket,Woman in denim jacket and pink sunglasses,black,14299,FOTOGRAFÍA EDITORIAL on Unsplash (https://unsplash.com/photos/woman-in-denim-jacket-and-pink-sunglasses-8EY2oL3VBuc)
https://images.unsplash.com/photo-1750857740128-af60030f5057?crop=entropy&cs=tinysrgb&fit=max&fm=jpg&ixid=M3w5OTUzMzZ8MHwxfHNlYXJjaHw1OHx8ZGVuaW0lMjBqYWNrZXQlMjBjbG90aGluZ3xlbnwxfDF8fHwxNzg0MDkyNTYwfDA&ixlib=rb-4.1.0&q=80&w=1080,Green jacket,jacket,Woman in denim jacket reaching out on street,green,16749,Valentina Kondrasyuk on Unsplash (https://unsplash.com/photos/woman-in-denim-jacket-reaching-out-on-street-F_Ijtq-aq8w)
https://images.unsplash.com/photo-1768745540775-93ca0daa5083?crop=entropy&cs=tinysrgb&fit=max&fm=jpg&ixid=M3w5OTUzMzZ8MHwxfHNlYXJjaHw1OXx8ZGVuaW0lMjBqYWNrZXQlMjBjbG90aGluZ3xlbnwxfDF8fHwxNzg0MDkyNTYwfDA&ixlib=rb-4.1.0&q=80&w=1080,Grey jacket,jacket,A woman in a leather jacket leans against a wall.,grey,15699,Prateek Saxena on Unsplash (https://unsplash.com/photos/a-woman-in-a-leather-jacket-leans-against-a-wall-rrr1YOqbX5o)
https://images.unsplash.com/photo-1773864931068-894779bc6dc0?crop=entropy&cs=tinysrgb&fit=max&fm=jpg&ixid=M3w5OTUzMzZ8MHwxfHNlYXJjaHw2MHx8ZGVuaW0lMjBqYWNrZXQlMjBjbG90aGluZ3xlbnwxfDF8fHwxNzg0MDkyNTYwfDA&ixlib=rb-4.1.0&q=80&w=1080,Black jacket,jacket,Two people sitting in front of a red curtain,black,9299,Dwayne joe on Unsplash (https://unsplash.com/photos/two-people-sitting-in-front-of-a-red-curtain-WafWWbmoCNE)
https://images.unsplash.com/photo-1539533113208-f6df8cc8b543?crop=entropy&cs=tinysrgb&fit=max&fm=jpg&ixid=M3w5OTUzMzZ8MHwxfHNlYXJjaHwxfHx3b29sJTIwb3ZlcmNvYXQlMjBmYXNoaW9ufGVufDF8MXx8fDE3ODQwOTI1NjJ8MA&ixlib=rb-4.1.0&q=80&w=1080,Navy coat,coat,woman wearing brown single-breasted coat standing in front of gray brick wall,navy,27299,Bundo Kim on Unsplash (https://unsplash.com/photos/woman-wearing-brown-single-breasted-coat-standing-in-front-of-gray-brick-wall-zkHv9pvrE9U)
https://images.unsplash.com/photo-1539533018447-63fcce2678e3?crop=entropy&cs=tinysrgb&fit=max&fm=jpg&ixid=M3w5OTUzMzZ8MHwxfHNlYXJjaHwyfHx3b29sJTIwb3ZlcmNvYXQlMjBmYXNoaW9ufGVufDF8MXx8fDE3ODQwOTI1NjJ8MA&ixlib=rb-4.1.0&q=80&w=1080,Navy coat,coat,woman wearing brown notched lapel coat,navy,24299,Bundo Kim on Unsplash (https://unsplash.com/photos/woman-wearing-brown-notched-lapel-coat-AhBR8UGvsGU)
https://images.unsplash.com/photo-1669575903350-9a349b411810?crop=entropy&cs=tinysrgb&fit=max&fm=jpg&ixid=M3w5OTUzMzZ8MHwxfHNlYXJjaHwzfHx3b29sJTIwb3ZlcmNvYXQlMjBmYXNoaW9ufGVufDF8MXx8fDE3ODQwOTI1NjJ8MA&ixlib=rb-4.1.0&q=80&w=1080,Brown coat,coat,a person in a suit,brown,24099,Tamara Harhai on Unsplash (https://unsplash.com/photos/a-person-in-a-suit-A5nuQ2Lvg40)
https://images.unsplash.com/photo-1485462537746-965f33f7f6a7?crop=entropy&cs=tinysrgb&fit=max&fm=jpg&ixid=M3w5OTUzMzZ8MHwxfHNlYXJjaHw0fHx3b29sJTIwb3ZlcmNvYXQlMjBmYXNoaW9ufGVufDF8MXx8fDE3ODQwOTI1NjJ8MA&ixlib=rb-4.1.0&q=80&w=1080,Navy coat,coat,woman holding scarf with cross legs in between of gray concrete wall,navy,14149,freestocks on Unsplash (https://unsplash.com/photos/woman-holding-scarf-with-cross-legs-in-between-of-gray-concrete-wall-8hAsLeE6Fbo)
https://images.unsplash.com/photo-1578632292335-df3abbb0d586?crop=entropy&cs=tinysrgb&fit=max&fm=jpg&ixid=M3w5OTUzMzZ8MHwxfHNlYXJjaHw1fHx3b29sJTIwb3ZlcmNvYXQlMjBmYXNoaW9ufGVufDF8MXx8fDE3ODQwOTI1NjJ8MA&ixlib=rb-4.1.0&q=80&w=1080,Grey coat,coat,woman standing in park,grey,24949,Max Titov on Unsplash (https://unsplash.com/photos/woman-standing-in-park-Mhktr6dFD3I)
https://images.unsplash.com/photo-1619603364937-8d7af41ef206?crop=entropy&cs=tinysrgb&fit=max&fm=jpg&ixid=M3w5OTUzMzZ8MHwxfHNlYXJjaHw2fHx3b29sJTIwb3ZlcmNvYXQlMjBmYXNoaW9ufGVufDF8MXx8fDE3ODQwOTI1NjJ8MA&ixlib=rb-4.1.0&q=80&w=1080,Beige coat,coat,man in brown coat standing,beige,16299,Taras Chernus on Unsplash (https://unsplash.com/photos/man-in-brown-coat-standing--au3XMzfhro)
https://images.unsplash.com/photo-1737508945707-ebdccee97cc5?crop=entropy&cs=tinysrgb&fit=max&fm=jpg&ixid=M3w5OTUzMzZ8MHwxfHNlYXJjaHw3fHx3b29sJTIwb3ZlcmNvYXQlMjBmYXNoaW9ufGVufDF8MXx8fDE3ODQwOTI1NjJ8MA&ixlib=rb-4.1.0&q=80&w=1080,Grey coat,coat,A man in a trench coat is walking down the street,grey,20349,GlassesShop on Unsplash (https://unsplash.com/photos/a-man-in-a-trench-coat-is-walking-down-the-street-rlqU2nuEbJQ)
https://images.unsplash.com/photo-1755214832310-074c4cc45372?crop=entropy&cs=tinysrgb&fit=max&fm=jpg&ixid=M3w5OTUzMzZ8MHwxfHNlYXJjaHw4fHx3b29sJTIwb3ZlcmNvYXQlMjBmYXNoaW9ufGVufDF8MXx8fDE3ODQwOTI1NjJ8MA&ixlib=rb-4.1.0&q=80&w=1080,Grey coat,coat,Close-up of a grey fabric belt tied in a knot,grey,13149,Sebastian Schuster on Unsplash (https://unsplash.com/photos/close-up-of-a-grey-fabric-belt-tied-in-a-knot-sybwl9w9Yi0)
https://images.unsplash.com/photo-1578102718171-ec1f91680562?crop=entropy&cs=tinysrgb&fit=max&fm=jpg&ixid=M3w5OTUzMzZ8MHwxfHNlYXJjaHw5fHx3b29sJTIwb3ZlcmNvYXQlMjBmYXNoaW9ufGVufDF8MXx8fDE3ODQwOTI1NjJ8MA&ixlib=rb-4.1.0&q=80&w=1080,Navy coat,coat,woman wearing white coat carrying crossbody bag,navy,13549,Laura Chouette on Unsplash (https://unsplash.com/photos/woman-wearing-white-coat-carrying-crossbody-bag-d7wSG9uPev4)
https://images.unsplash.com/photo-1627906933655-906bde7d79e2?crop=entropy&cs=tinysrgb&fit=max&fm=jpg&ixid=M3w5OTUzMzZ8MHwxfHNlYXJjaHwxMHx8d29vbCUyMG92ZXJjb2F0JTIwZmFzaGlvbnxlbnwxfDF8fHwxNzg0MDkyNTYyfDA&ixlib=rb-4.1.0&q=80&w=1080,Navy coat,coat,man in black blazer and black pants standing and smiling,navy,12299,Aryan Ghauri on Unsplash (https://unsplash.com/photos/man-in-black-blazer-and-black-pants-standing-and-smiling-V-QZ5XlU5Ik)
https://images.unsplash.com/photo-1611261302709-ff944e64ba9e?crop=entropy&cs=tinysrgb&fit=max&fm=jpg&ixid=M3w5OTUzMzZ8MHwxfHNlYXJjaHwxMXx8d29vbCUyMG92ZXJjb2F0JTIwZmFzaGlvbnxlbnwxfDF8fHwxNzg0MDkyNTYyfDA&ixlib=rb-4.1.0&q=80&w=1080,Grey coat,coat,man in gray suit jacket standing near cars during daytime,grey,27549,Maxim Mushnikov on Unsplash (https://unsplash.com/photos/man-in-gray-suit-jacket-standing-near-cars-during-daytime-WlGkvPcmf-o)
https://images.unsplash.com/photo-1737508945718-f693ea374914?crop=entropy&cs=tinysrgb&fit=max&fm=jpg&ixid=M3w5OTUzMzZ8MHwxfHNlYXJjaHwxMnx8d29vbCUyMG92ZXJjb2F0JTIwZmFzaGlvbnxlbnwxfDF8fHwxNzg0MDkyNTYyfDA&ixlib=rb-4.1.0&q=80&w=1080,Grey coat,coat,A man in a trench coat standing on a street corner,grey,21549,GlassesShop on Unsplash (https://unsplash.com/photos/a-man-in-a-trench-coat-standing-on-a-street-corner-u3o3O67mrJo)
https://images.unsplash.com/photo-1732842430197-0ecd55fe98ea?crop=entropy&cs=tinysrgb&fit=max&fm=jpg&ixid=M3w5OTUzMzZ8MHwxfHNlYXJjaHwxM3x8d29vbCUyMG92ZXJjb2F0JTIwZmFzaGlvbnxlbnwxfDF8fHwxNzg0MDkyNTYyfDA&ixlib=rb-4.1.0&q=80&w=1080,Grey coat,coat,A man in a trench coat is standing on the street,grey,29549,GlassesShop on Unsplash (https://unsplash.com/photos/a-man-in-a-trench-coat-is-standing-on-the-street-PFTjVsYUWzs)
https://images.unsplash.com/photo-1642524293426-717bd2c1d111?crop=entropy&cs=tinysrgb&fit=max&fm=jpg&ixid=M3w5OTUzMzZ8MHwxfHNlYXJjaHwxNHx8d29vbCUyMG92ZXJjb2F0JTIwZmFzaGlvbnxlbnwxfDF8fHwxNzg0MDkyNTYyfDA&ixlib=rb-4.1.0&q=80&w=1080,Beige coat,coat,a woman standing on a brick sidewalk in a coat,beige,29549,Fray Bekele on Unsplash (https://unsplash.com/photos/a-woman-standing-on-a-brick-sidewalk-in-a-coat-iqmEkktS0Y8)
https://images.unsplash.com/photo-1618333453296-9e35280fd6b1?crop=entropy&cs=tinysrgb&fit=max&fm=jpg&ixid=M3w5OTUzMzZ8MHwxfHNlYXJjaHwxNXx8d29vbCUyMG92ZXJjb2F0JTIwZmFzaGlvbnxlbnwxfDF8fHwxNzg0MDkyNTYyfDA&ixlib=rb-4.1.0&q=80&w=1080,Beige coat,coat,woman in brown coat standing on sidewalk during daytime,beige,16299,The AW Creative Digital Marketing on Unsplash (https://unsplash.com/photos/woman-in-brown-coat-standing-on-sidewalk-during-daytime-0gS2Ia5a-Pw)
https://images.unsplash.com/photo-1709145255324-481ceb7cdf42?crop=entropy&cs=tinysrgb&fit=max&fm=jpg&ixid=M3w5OTUzMzZ8MHwxfHNlYXJjaHwxNnx8d29vbCUyMG92ZXJjb2F0JTIwZmFzaGlvbnxlbnwxfDF8fHwxNzg0MDkyNTYyfDA&ixlib=rb-4.1.0&q=80&w=1080,Grey coat,coat,a woman in a brown coat is standing on a sidewalk,grey,13899,Hamed darzi on Unsplash (https://unsplash.com/photos/a-woman-in-a-brown-coat-is-standing-on-a-sidewalk-7gnkcimRfes)
https://images.unsplash.com/photo-1638109879135-285a7b8b5924?crop=entropy&cs=tinysrgb&fit=max&fm=jpg&ixid=M3w5OTUzMzZ8MHwxfHNlYXJjaHwxN3x8d29vbCUyMG92ZXJjb2F0JTIwZmFzaGlvbnxlbnwxfDF8fHwxNzg0MDkyNTYyfDA&ixlib=rb-4.1.0&q=80&w=1080,Cream coat,coat,a man in a white coat and black pants,cream,9149,Patrik Velich on Unsplash (https://unsplash.com/photos/a-man-in-a-white-coat-and-black-pants-I0IkD0IOYMM)
https://images.unsplash.com/photo-1722296468813-7cf0ad6a08c3?crop=entropy&cs=tinysrgb&fit=max&fm=jpg&ixid=M3w5OTUzMzZ8MHwxfHNlYXJjaHwxOHx8d29vbCUyMG92ZXJjb2F0JTIwZmFzaGlvbnxlbnwxfDF8fHwxNzg0MDkyNTYyfDA&ixlib=rb-4.1.0&q=80&w=1080,Navy coat,coat,A woman is standing outside of a building,navy,15549,servet photograph on Unsplash (https://unsplash.com/photos/a-woman-is-standing-outside-of-a-building-XNVJ_Okp17Y)
https://images.unsplash.com/photo-1644186847699-db6ef60688e0?crop=entropy&cs=tinysrgb&fit=max&fm=jpg&ixid=M3w5OTUzMzZ8MHwxfHNlYXJjaHwxOXx8d29vbCUyMG92ZXJjb2F0JTIwZmFzaGlvbnxlbnwxfDF8fHwxNzg0MDkyNTYyfDA&ixlib=rb-4.1.0&q=80&w=1080,Navy coat,coat,a man wearing a gray coat and black pants,navy,22499,amir maleky on Unsplash (https://unsplash.com/photos/a-man-wearing-a-gray-coat-and-black-pants-T6c_UnH0Hok)
https://images.unsplash.com/photo-1640537055983-0db477195e5d?crop=entropy&cs=tinysrgb&fit=max&fm=jpg&ixid=M3w5OTUzMzZ8MHwxfHNlYXJjaHwyMHx8d29vbCUyMG92ZXJjb2F0JTIwZmFzaGlvbnxlbnwxfDF8fHwxNzg0MDkyNTYyfDA&ixlib=rb-4.1.0&q=80&w=1080,White coat,coat,a man standing on the side of a road wearing a coat,white,10299,Hamid Tajik on Unsplash (https://unsplash.com/photos/a-man-standing-on-the-side-of-a-road-wearing-a-coat-IB9ZcWUSPAQ)
https://images.unsplash.com/photo-1739808914858-13260e6abb8e?crop=entropy&cs=tinysrgb&fit=max&fm=jpg&ixid=M3w5OTUzMzZ8MHwxfHNlYXJjaHwyMXx8d29vbCUyMG92ZXJjb2F0JTIwZmFzaGlvbnxlbnwxfDF8fHwxNzg0MDkyNTYyfDA&ixlib=rb-4.1.0&q=80&w=1080,Cream coat,coat,A woman standing in the snow wearing a coat,cream,15949,Ali Fallah on Unsplash (https://unsplash.com/photos/a-woman-standing-in-the-snow-wearing-a-coat-FFjaiTaJhwY)
https://images.unsplash.com/photo-1616692729478-8cf6ae8febcd?crop=entropy&cs=tinysrgb&fit=max&fm=jpg&ixid=M3w5OTUzMzZ8MHwxfHNlYXJjaHwyMnx8d29vbCUyMG92ZXJjb2F0JTIwZmFzaGlvbnxlbnwxfDF8fHwxNzg0MDkyNTYyfDA&ixlib=rb-4.1.0&q=80&w=1080,Beige coat,coat,woman in gray robe walking on sidewalk during daytime,beige,19699,Jon Tyson on Unsplash (https://unsplash.com/photos/woman-in-gray-robe-walking-on-sidewalk-during-daytime-RoXDH_l66mQ)
https://images.unsplash.com/photo-1592818628487-b273941a7849?crop=entropy&cs=tinysrgb&fit=max&fm=jpg&ixid=M3w5OTUzMzZ8MHwxfHNlYXJjaHwyM3x8d29vbCUyMG92ZXJjb2F0JTIwZmFzaGlvbnxlbnwxfDF8fHwxNzg0MDkyNTYyfDA&ixlib=rb-4.1.0&q=80&w=1080,Beige coat,coat,woman in brown coat standing near white concrete building during daytime,beige,16899,Andreea Pop on Unsplash (https://unsplash.com/photos/woman-in-brown-coat-standing-near-white-concrete-building-during-daytime-D1ju-J7bqLM)
https://images.unsplash.com/photo-1738804651056-01c26beb411c?crop=entropy&cs=tinysrgb&fit=max&fm=jpg&ixid=M3w5OTUzMzZ8MHwxfHNlYXJjaHwyNHx8d29vbCUyMG92ZXJjb2F0JTIwZmFzaGlvbnxlbnwxfDF8fHwxNzg0MDkyNTYyfDA&ixlib=rb-4.1.0&q=80&w=1080,Navy coat,coat,A man standing in front of a glass door,navy,28549,GlassesShop on Unsplash (https://unsplash.com/photos/a-man-standing-in-front-of-a-glass-door-V4LsToz-etY)
https://images.unsplash.com/photo-1609840174228-1cde0b4ac7fc?crop=entropy&cs=tinysrgb&fit=max&fm=jpg&ixid=M3w5OTUzMzZ8MHwxfHNlYXJjaHwyNXx8d29vbCUyMG92ZXJjb2F0JTIwZmFzaGlvbnxlbnwxfDF8fHwxNzg0MDkyNTYyfDA&ixlib=rb-4.1.0&q=80&w=1080,Cream coat,coat,woman in gray coat standing on stairs,cream,15899,Hamid Tajik on Unsplash (https://unsplash.com/photos/woman-in-gray-coat-standing-on-stairs-eSaTQ2F8qzQ)
https://images.unsplash.com/photo-1722296479657-6f1af4bfc5fc?crop=entropy&cs=tinysrgb&fit=max&fm=jpg&ixid=M3w5OTUzMzZ8MHwxfHNlYXJjaHwyNnx8d29vbCUyMG92ZXJjb2F0JTIwZmFzaGlvbnxlbnwxfDF8fHwxNzg0MDkyNTYyfDA&ixlib=rb-4.1.0&q=80&w=1080,Beige coat,coat,A woman is standing on a brick street,beige,29899,servet photograph on Unsplash (https://unsplash.com/photos/a-woman-is-standing-on-a-brick-street-RJaUvU17dpg)
https://images.unsplash.com/photo-1664917983529-2d691180aa00?crop=entropy&cs=tinysrgb&fit=max&fm=jpg&ixid=M3w5OTUzMzZ8MHwxfHNlYXJjaHwyN3x8d29vbCUyMG92ZXJjb2F0JTIwZmFzaGlvbnxlbnwxfDF8fHwxNzg0MDkyNTYyfDA&ixlib=rb-4.1.0&q=80&w=1080,Navy coat,coat,a person in a long coat,navy,9099,Cezar Sampaio on Unsplash (https://unsplash.com/photos/a-person-in-a-long-coat-dSxJcvgcA-E)
https://images.unsplash.com/photo-1715536369811-33420023696b?crop=entropy&cs=tinysrgb&fit=max&fm=jpg&ixid=M3w5OTUzMzZ8MHwxfHNlYXJjaHwyOHx8d29vbCUyMG92ZXJjb2F0JTIwZmFzaGlvbnxlbnwxfDF8fHwxNzg0MDkyNTYyfDA&ixlib=rb-4.1.0&q=80&w=1080,Beige coat,coat,a man leaning against a wall wearing a coat,beige,15549,Gabriel Martin on Unsplash (https://unsplash.com/photos/a-man-leaning-against-a-wall-wearing-a-coat-I8U9ihPLzs8)
https://images.unsplash.com/photo-1675408824613-27a7e7b8d475?crop=entropy&cs=tinysrgb&fit=max&fm=jpg&ixid=M3w5OTUzMzZ8MHwxfHNlYXJjaHwyOXx8d29vbCUyMG92ZXJjb2F0JTIwZmFzaGlvbnxlbnwxfDF8fHwxNzg0MDkyNTYyfDA&ixlib=rb-4.1.0&q=80&w=1080,Navy coat,coat,a man in a gray coat and black scarf,navy,21899,Mohammad Hossein Mirzagol on Unsplash (https://unsplash.com/photos/a-man-in-a-gray-coat-and-black-scarf-c5cJsF2naEQ)
https://images.unsplash.com/photo-1683642765626-389af454eb41?crop=entropy&cs=tinysrgb&fit=max&fm=jpg&ixid=M3w5OTUzMzZ8MHwxfHNlYXJjaHwzMHx8d29vbCUyMG92ZXJjb2F0JTIwZmFzaGlvbnxlbnwxfDF8fHwxNzg0MDkyNTYyfDA&ixlib=rb-4.1.0&q=80&w=1080,Navy coat,coat,a woman in a black trench coat standing on steps,navy,21899,Mohammad Hossein Mirzagol on Unsplash (https://unsplash.com/photos/a-woman-in-a-black-trench-coat-standing-on-steps-4Rh-aA3_07c)
https://images.unsplash.com/photo-1675141902973-f5bf077fe6cc?crop=entropy&cs=tinysrgb&fit=max&fm=jpg&ixid=M3w5OTUzMzZ8MHwxfHNlYXJjaHwzMXx8d29vbCUyMG92ZXJjb2F0JTIwZmFzaGlvbnxlbnwxfDF8fHwxNzg0MDkyNTYzfDA&ixlib=rb-4.1.0&q=80&w=1080,Cream coat,coat,a woman in a tan coat is standing on a sidewalk,cream,21299,Tetiana Malashenko on Unsplash (https://unsplash.com/photos/a-woman-in-a-tan-coat-is-standing-on-a-sidewalk-Ib2WtQcVZeo)
https://images.unsplash.com/photo-1728158116576-5919efd78b52?crop=entropy&cs=tinysrgb&fit=max&fm=jpg&ixid=M3w5OTUzMzZ8MHwxfHNlYXJjaHwzMnx8d29vbCUyMG92ZXJjb2F0JTIwZmFzaGlvbnxlbnwxfDF8fHwxNzg0MDkyNTYzfDA&ixlib=rb-4.1.0&q=80&w=1080,Beige coat,coat,A man in a coat is walking down the street,beige,11899,Javier Peñas on Unsplash (https://unsplash.com/photos/a-man-in-a-coat-is-walking-down-the-street-340NMUskamg)
https://images.unsplash.com/photo-1603039993216-f3040c5bd4fa?crop=entropy&cs=tinysrgb&fit=max&fm=jpg&ixid=M3w5OTUzMzZ8MHwxfHNlYXJjaHwzM3x8d29vbCUyMG92ZXJjb2F0JTIwZmFzaGlvbnxlbnwxfDF8fHwxNzg0MDkyNTYzfDA&ixlib=rb-4.1.0&q=80&w=1080,Navy coat,coat,woman in brown coat standing on road during daytime,navy,11099,Mikhail Tyrsyna on Unsplash (https://unsplash.com/photos/woman-in-brown-coat-standing-on-road-during-daytime-cod_x1dNWDs)
https://images.unsplash.com/photo-1634546269254-a1ca0ca7037b?crop=entropy&cs=tinysrgb&fit=max&fm=jpg&ixid=M3w5OTUzMzZ8MHwxfHNlYXJjaHwzNHx8d29vbCUyMG92ZXJjb2F0JTIwZmFzaGlvbnxlbnwxfDF8fHwxNzg0MDkyNTYzfDA&ixlib=rb-4.1.0&q=80&w=1080,Brown coat,coat,a man in a coat and hat talking to another man,brown,28699,Ellie Cooper on Unsplash (https://unsplash.com/photos/a-man-in-a-coat-and-hat-talking-to-another-man-GCyIhByPmkg)
https://images.unsplash.com/photo-1618333453067-769b06a8a9a9?crop=entropy&cs=tinysrgb&fit=max&fm=jpg&ixid=M3w5OTUzMzZ8MHwxfHNlYXJjaHwzNXx8d29vbCUyMG92ZXJjb2F0JTIwZmFzaGlvbnxlbnwxfDF8fHwxNzg0MDkyNTYzfDA&ixlib=rb-4.1.0&q=80&w=1080,Navy coat,coat,woman in brown coat standing on sidewalk during daytime,navy,26349,The AW Creative Digital Marketing on Unsplash (https://unsplash.com/photos/woman-in-brown-coat-standing-on-sidewalk-during-daytime-Rs0X2ETG_Lc)
https://images.unsplash.com/photo-1775443597270-166419d17abb?crop=entropy&cs=tinysrgb&fit=max&fm=jpg&ixid=M3w5OTUzMzZ8MHwxfHNlYXJjaHwzNnx8d29vbCUyMG92ZXJjb2F0JTIwZmFzaGlvbnxlbnwxfDF8fHwxNzg0MDkyNTYzfDA&ixlib=rb-4.1.0&q=80&w=1080,Navy coat,coat,Man in coat and sunglasses standing by train,navy,19949,Michael Kyule on Unsplash (https://unsplash.com/photos/man-in-coat-and-sunglasses-standing-by-train-5zlw-LxS768)
https://images.unsplash.com/photo-1639828691932-dfe201070244?crop=entropy&cs=tinysrgb&fit=max&fm=jpg&ixid=M3w5OTUzMzZ8MHwxfHNlYXJjaHwzN3x8d29vbCUyMG92ZXJjb2F0JTIwZmFzaGlvbnxlbnwxfDF8fHwxNzg0MDkyNTYzfDA&ixlib=rb-4.1.0&q=80&w=1080,Grey coat,coat,a woman in a brown coat and black boots,grey,13899,sobhan joodi on Unsplash (https://unsplash.com/photos/a-woman-in-a-brown-coat-and-black-boots-VAgHOD5OfDk)
https://images.unsplash.com/photo-1646564200577-9d019b6313d2?crop=entropy&cs=tinysrgb&fit=max&fm=jpg&ixid=M3w5OTUzMzZ8MHwxfHNlYXJjaHwzOHx8d29vbCUyMG92ZXJjb2F0JTIwZmFzaGlvbnxlbnwxfDF8fHwxNzg0MDkyNTYzfDA&ixlib=rb-4.1.0&q=80&w=1080,Beige coat,coat,a man in a tan coat is smoking a cigarette,beige,11899,Reza gholami on Unsplash (https://unsplash.com/photos/a-man-in-a-tan-coat-is-smoking-a-cigarette-fYQoMk1YYzU)
https://images.unsplash.com/photo-1618244985759-a8a1dc26bce3?crop=entropy&cs=tinysrgb&fit=max&fm=jpg&ixid=M3w5OTUzMzZ8MHwxfHNlYXJjaHwzOXx8d29vbCUyMG92ZXJjb2F0JTIwZmFzaGlvbnxlbnwxfDF8fHwxNzg0MDkyNTYzfDA&ixlib=rb-4.1.0&q=80&w=1080,Beige coat,coat,woman in brown coat standing on sidewalk during daytime,beige,9749,The AW Creative Digital Marketing on Unsplash (https://unsplash.com/photos/woman-in-brown-coat-standing-on-sidewalk-during-daytime-wUKY9lw2Y5Y)
https://images.unsplash.com/photo-1641745006546-54853298fb41?crop=entropy&cs=tinysrgb&fit=max&fm=jpg&ixid=M3w5OTUzMzZ8MHwxfHNlYXJjaHw0MHx8d29vbCUyMG92ZXJjb2F0JTIwZmFzaGlvbnxlbnwxfDF8fHwxNzg0MDkyNTYzfDA&ixlib=rb-4.1.0&q=80&w=1080,Green coat,coat,a man standing on a sidewalk next to a pole,green,13699,Sajjad Tameh on Unsplash (https://unsplash.com/photos/a-man-standing-on-a-sidewalk-next-to-a-pole-Vj1HAe3UCjU)
https://images.unsplash.com/photo-1743474346783-92ec409c6ccb?crop=entropy&cs=tinysrgb&fit=max&fm=jpg&ixid=M3w5OTUzMzZ8MHwxfHNlYXJjaHw0MXx8d29vbCUyMG92ZXJjb2F0JTIwZmFzaGlvbnxlbnwxfDF8fHwxNzg0MDkyNTYzfDA&ixlib=rb-4.1.0&q=80&w=1080,Navy coat,coat,A stylish man poses with sunglasses.,navy,25099,GlassesShop on Unsplash (https://unsplash.com/photos/a-stylish-man-poses-with-sunglasses-UnahTZnaR-w)
https://images.unsplash.com/photo-1592818920447-ad2546df0659?crop=entropy&cs=tinysrgb&fit=max&fm=jpg&ixid=M3w5OTUzMzZ8MHwxfHNlYXJjaHw0Mnx8d29vbCUyMG92ZXJjb2F0JTIwZmFzaGlvbnxlbnwxfDF8fHwxNzg0MDkyNTYzfDA&ixlib=rb-4.1.0&q=80&w=1080,Beige coat,coat,a woman in a brown coat is standing on some steps,beige,13349,Andreea Pop on Unsplash (https://unsplash.com/photos/a-woman-in-a-brown-coat-is-standing-on-some-steps-u2RKweIH0sg)
https://images.unsplash.com/photo-1643578545817-135602f5b9e2?crop=entropy&cs=tinysrgb&fit=max&fm=jpg&ixid=M3w5OTUzMzZ8MHwxfHNlYXJjaHw0M3x8d29vbCUyMG92ZXJjb2F0JTIwZmFzaGlvbnxlbnwxfDF8fHwxNzg0MDkyNTYzfDA&ixlib=rb-4.1.0&q=80&w=1080,Beige coat,coat,a woman in a white coat is walking down the street,beige,14899,Gabriella Clare Marino on Unsplash (https://unsplash.com/photos/a-woman-in-a-white-coat-is-walking-down-the-street-geZ6T7AXux8)
https://images.unsplash.com/photo-1673105793839-6c2811a4e1e7?crop=entropy&cs=tinysrgb&fit=max&fm=jpg&ixid=M3w5OTUzMzZ8MHwxfHNlYXJjaHw0NHx8d29vbCUyMG92ZXJjb2F0JTIwZmFzaGlvbnxlbnwxfDF8fHwxNzg0MDkyNTYzfDA&ixlib=rb-4.1.0&q=80&w=1080,Beige coat,coat,a woman in a coat and scarf holding a book,beige,14349,Esra Afşar on Unsplash (https://unsplash.com/photos/a-woman-in-a-coat-and-scarf-holding-a-book-k14F2ong3aI)
https://images.unsplash.com/photo-1579921562939-d9cc7a7dbd8e?crop=entropy&cs=tinysrgb&fit=max&fm=jpg&ixid=M3w5OTUzMzZ8MHwxfHNlYXJjaHw0NXx8d29vbCUyMG92ZXJjb2F0JTIwZmFzaGlvbnxlbnwxfDF8fHwxNzg0MDkyNTYzfDA&ixlib=rb-4.1.0&q=80&w=1080,Brown coat,coat,man in black coat holding black sunglasses,brown,23149,Seyi Ariyo on Unsplash (https://unsplash.com/photos/man-in-black-coat-holding-black-sunglasses-GfNYSuNgDGw)
https://images.unsplash.com/photo-1715536369813-17df59fc5aff?crop=entropy&cs=tinysrgb&fit=max&fm=jpg&ixid=M3w5OTUzMzZ8MHwxfHNlYXJjaHw0Nnx8d29vbCUyMG92ZXJjb2F0JTIwZmFzaGlvbnxlbnwxfDF8fHwxNzg0MDkyNTYzfDA&ixlib=rb-4.1.0&q=80&w=1080,Beige coat,coat,a man in a trench coat leaning against a wall,beige,21299,Gabriel Martin on Unsplash (https://unsplash.com/photos/a-man-in-a-trench-coat-leaning-against-a-wall-TezH96ZoQ24)
https://images.unsplash.com/photo-1557342892-93950a8caa84?crop=entropy&cs=tinysrgb&fit=max&fm=jpg&ixid=M3w5OTUzMzZ8MHwxfHNlYXJjaHw0N3x8d29vbCUyMG92ZXJjb2F0JTIwZmFzaGlvbnxlbnwxfDF8fHwxNzg0MDkyNTYzfDA&ixlib=rb-4.1.0&q=80&w=1080,Cream coat,coat,man wearing brown coat,cream,20749,Sammyayot254 on Unsplash (https://unsplash.com/photos/man-wearing-brown-coat-6G9Sij_ZB8g)
https://images.unsplash.com/photo-1739301722238-c1c60e71b895?crop=entropy&cs=tinysrgb&fit=max&fm=jpg&ixid=M3w5OTUzMzZ8MHwxfHNlYXJjaHw0OHx8d29vbCUyMG92ZXJjb2F0JTIwZmFzaGlvbnxlbnwxfDF8fHwxNzg0MDkyNTYzfDA&ixlib=rb-4.1.0&q=80&w=1080,Beige coat,coat,A woman walking down a street holding a black bag,beige,29299,Filip Rankovic Grobgaard on Unsplash (https://unsplash.com/photos/a-woman-walking-down-a-street-holding-a-black-bag-WiwE2N9pZZo)
https://images.unsplash.com/photo-1618333453253-6df14fbb4a1f?crop=entropy&cs=tinysrgb&fit=max&fm=jpg&ixid=M3w5OTUzMzZ8MHwxfHNlYXJjaHw0OXx8d29vbCUyMG92ZXJjb2F0JTIwZmFzaGlvbnxlbnwxfDF8fHwxNzg0MDkyNTYzfDA&ixlib=rb-4.1.0&q=80&w=1080,Grey coat,coat,woman in brown coat standing on sidewalk during daytime,grey,14749,The AW Creative Digital Marketing on Unsplash (https://unsplash.com/photos/woman-in-brown-coat-standing-on-sidewalk-during-daytime-6iojR7ezkvs)
https://images.unsplash.com/photo-1618245056886-a7fce9bd79cf?crop=entropy&cs=tinysrgb&fit=max&fm=jpg&ixid=M3w5OTUzMzZ8MHwxfHNlYXJjaHw1MHx8d29vbCUyMG92ZXJjb2F0JTIwZmFzaGlvbnxlbnwxfDF8fHwxNzg0MDkyNTYzfDA&ixlib=rb-4.1.0&q=80&w=1080,Beige coat,coat,woman in brown coat standing on sidewalk during daytime,beige,29299,The AW Creative Digital Marketing on Unsplash (https://unsplash.com/photos/woman-in-brown-coat-standing-on-sidewalk-during-daytime-Hyx1pkYSdhA)
https://images.unsplash.com/photo-1640349571203-9d9c97a46f2c?crop=entropy&cs=tinysrgb&fit=max&fm=jpg&ixid=M3w5OTUzMzZ8MHwxfHNlYXJjaHw1MXx8d29vbCUyMG92ZXJjb2F0JTIwZmFzaGlvbnxlbnwxfDF8fHwxNzg0MDkyNTYzfDA&ixlib=rb-4.1.0&q=80&w=1080,White coat,coat,a man standing in the middle of a street,white,11299,Hamid Tajik on Unsplash (https://unsplash.com/photos/a-man-standing-in-the-middle-of-a-street-2PToH7cwlIM)
https://images.unsplash.com/photo-1589278042662-e60081fcb3d8?crop=entropy&cs=tinysrgb&fit=max&fm=jpg&ixid=M3w5OTUzMzZ8MHwxfHNlYXJjaHw1Mnx8d29vbCUyMG92ZXJjb2F0JTIwZmFzaGlvbnxlbnwxfDF8fHwxNzg0MDkyNTYzfDA&ixlib=rb-4.1.0&q=80&w=1080,Black coat,coat,woman in gray coat standing near white wall,black,16149,Vlady Nykulyak on Unsplash (https://unsplash.com/photos/woman-in-gray-coat-standing-near-white-wall-DHKfrGIvb_w)
https://images.unsplash.com/photo-1610871276689-81c7cdae19ca?crop=entropy&cs=tinysrgb&fit=max&fm=jpg&ixid=M3w5OTUzMzZ8MHwxfHNlYXJjaHw1M3x8d29vbCUyMG92ZXJjb2F0JTIwZmFzaGlvbnxlbnwxfDF8fHwxNzg0MDkyNTYzfDA&ixlib=rb-4.1.0&q=80&w=1080,Beige coat,coat,man in black coat standing on sidewalk during daytime,beige,14299,Ante Samarzija on Unsplash (https://unsplash.com/photos/man-in-black-coat-standing-on-sidewalk-during-daytime-4nsADl_RhW4)
https://images.unsplash.com/photo-1644781728651-ec5ab6bf3a4b?crop=entropy&cs=tinysrgb&fit=max&fm=jpg&ixid=M3w5OTUzMzZ8MHwxfHNlYXJjaHw1NHx8d29vbCUyMG92ZXJjb2F0JTIwZmFzaGlvbnxlbnwxfDF8fHwxNzg0MDkyNTYzfDA&ixlib=rb-4.1.0&q=80&w=1080,Beige coat,coat,a woman in a brown coat is standing in front of a building,beige,23149,Photo Constantin on Unsplash (https://unsplash.com/photos/a-woman-in-a-brown-coat-is-standing-in-front-of-a-building-xLPBb4yBe0o)
https://images.unsplash.com/photo-1635205383325-aa3e6fb5ba55?crop=entropy&cs=tinysrgb&fit=max&fm=jpg&ixid=M3w5OTUzMzZ8MHwxfHNlYXJjaHw1NXx8d29vbCUyMG92ZXJjb2F0JTIwZmFzaGlvbnxlbnwxfDF8fHwxNzg0MDkyNTYzfDA&ixlib=rb-4.1.0&q=80&w=1080,Navy coat,coat,a man in a suit and sunglasses standing on a sidewalk,navy,23499,Mohamad Khosravi on Unsplash (https://unsplash.com/photos/a-man-in-a-suit-and-sunglasses-standing-on-a-sidewalk-Yz2rv8CQXiQ)
https://images.unsplash.com/photo-1683642765567-3c6873f793e4?crop=entropy&cs=tinysrgb&fit=max&fm=jpg&ixid=M3w5OTUzMzZ8MHwxfHNlYXJjaHw1Nnx8d29vbCUyMG92ZXJjb2F0JTIwZmFzaGlvbnxlbnwxfDF8fHwxNzg0MDkyNTYzfDA&ixlib=rb-4.1.0&q=80&w=1080,Navy coat,coat,a woman in a black coat is standing outside of a building,navy,10499,Mohammad Hossein Mirzagol on Unsplash (https://unsplash.com/photos/a-woman-in-a-black-coat-is-standing-outside-of-a-building-PfongPo02gE)
https://images.unsplash.com/photo-1709145255326-c0eb72e42e96?crop=entropy&cs=tinysrgb&fit=max&fm=jpg&ixid=M3w5OTUzMzZ8MHwxfHNlYXJjaHw1N3x8d29vbCUyMG92ZXJjb2F0JTIwZmFzaGlvbnxlbnwxfDF8fHwxNzg0MDkyNTYzfDA&ixlib=rb-4.1.0&q=80&w=1080,Beige coat,coat,a woman standing on a sidewalk wearing a brown coat,beige,19099,Hamed darzi on Unsplash (https://unsplash.com/photos/a-woman-standing-on-a-sidewalk-wearing-a-brown-coat-PSVVyjlkjco)
https://images.unsplash.com/photo-1644006235227-dff7372884cd?crop=entropy&cs=tinysrgb&fit=max&fm=jpg&ixid=M3w5OTUzMzZ8MHwxfHNlYXJjaHw1OHx8d29vbCUyMG92ZXJjb2F0JTIwZmFzaGlvbnxlbnwxfDF8fHwxNzg0MDkyNTYzfDA&ixlib=rb-4.1.0&q=80&w=1080,Orange coat,coat,a man standing next to a pole in front of a building,orange,9749,Fray Bekele on Unsplash (https://unsplash.com/photos/a-man-standing-next-to-a-pole-in-front-of-a-building-3IlkFDnegO4)
https://images.unsplash.com/photo-1576685580253-98ea71eed5ce?crop=entropy&cs=tinysrgb&fit=max&fm=jpg&ixid=M3w5OTUzMzZ8MHwxfHNlYXJjaHw1OXx8d29vbCUyMG92ZXJjb2F0JTIwZmFzaGlvbnxlbnwxfDF8fHwxNzg0MDkyNTYzfDA&ixlib=rb-4.1.0&q=80&w=1080,Navy coat,coat,"person wearing brown coat, black, pants, and white shoes",navy,13299,Nathan Dumlao on Unsplash (https://unsplash.com/photos/person-wearing-brown-coat-black-pants-and-white-shoes-saT1w0Lsc30)
https://images.unsplash.com/photo-1638109879065-10b4a3bf0360?crop=entropy&cs=tinysrgb&fit=max&fm=jpg&ixid=M3w5OTUzMzZ8MHwxfHNlYXJjaHw2MHx8d29vbCUyMG92ZXJjb2F0JTIwZmFzaGlvbnxlbnwxfDF8fHwxNzg0MDkyNTYzfDA&ixlib=rb-4.1.0&q=80&w=1080,Cream coat,coat,a man in a white coat and black pants,cream,21499,Patrik Velich on Unsplash (https://unsplash.com/photos/a-man-in-a-white-coat-and-black-pants-t636bJxO6DU)
https://images.unsplash.com/photo-1574201635302-388dd92a4c3f?crop=entropy&cs=tinysrgb&fit=max&fm=jpg&ixid=M3w5OTUzMzZ8MHwxfHNlYXJjaHwxfHxrbml0JTIwc3dlYXRlciUyMGNsb3RoaW5nfGVufDF8MXx8fDE3ODQwOTI1NjV8MA&ixlib=rb-4.1.0&q=80&w=1080,Cream sweater,sweater,person wearing grey knit sweater,cream,6999,Valna Studio on Unsplash (https://unsplash.com/photos/person-wearing-grey-knit-sweater-mU88MlEFcoU)
https://images.unsplash.com/photo-1631541909061-71e349d1f203?crop=entropy&cs=tinysrgb&fit=max&fm=jpg&ixid=M3w5OTUzMzZ8MHwxfHNlYXJjaHwyfHxrbml0JTIwc3dlYXRlciUyMGNsb3RoaW5nfGVufDF8MXx8fDE3ODQwOTI1NjV8MA&ixlib=rb-4.1.0&q=80&w=1080,Navy sweater,sweater,a sweater hanging on a hook in a room,navy,8099,Toa Heftiba on Unsplash (https://unsplash.com/photos/a-sweater-hanging-on-a-hook-in-a-room-mavrg7cLwbA)
https://images.unsplash.com/photo-1601379327928-bedfaf9da2d0?crop=entropy&cs=tinysrgb&fit=max&fm=jpg&ixid=M3w5OTUzMzZ8MHwxfHNlYXJjaHwzfHxrbml0JTIwc3dlYXRlciUyMGNsb3RoaW5nfGVufDF8MXx8fDE3ODQwOTI1NjV8MA&ixlib=rb-4.1.0&q=80&w=1080,Cream sweater,sweater,white and brown knit textile,cream,7849,Tijana Drndarski on Unsplash (https://unsplash.com/photos/white-and-brown-knit-textile-Ds4TsdS095U)
https://images.unsplash.com/photo-1580331451062-99ff652288d7?crop=entropy&cs=tinysrgb&fit=max&fm=jpg&ixid=M3w5OTUzMzZ8MHwxfHNlYXJjaHw0fHxrbml0JTIwc3dlYXRlciUyMGNsb3RoaW5nfGVufDF8MXx8fDE3ODQwOTI1NjV8MA&ixlib=rb-4.1.0&q=80&w=1080,Cream sweater,sweater,woman in blue sweater covering her face with her hand,cream,12799,Elizeu Dias on Unsplash (https://unsplash.com/photos/woman-in-blue-sweater-covering-her-face-with-her-hand-mcdao5RP4hI)
https://images.unsplash.com/photo-1610973310510-82f514ea1986?crop=entropy&cs=tinysrgb&fit=max&fm=jpg&ixid=M3w5OTUzMzZ8MHwxfHNlYXJjaHw1fHxrbml0JTIwc3dlYXRlciUyMGNsb3RoaW5nfGVufDF8MXx8fDE3ODQwOTI1NjV8MA&ixlib=rb-4.1.0&q=80&w=1080,Black sweater,sweater,white and brown floral textile,black,12199,Zoe on Unsplash (https://unsplash.com/photos/white-and-brown-floral-textile-0MnpfQIUO5c)
https://images.unsplash.com/photo-1600369672890-ac00f1907858?crop=entropy&cs=tinysrgb&fit=max&fm=jpg&ixid=M3w5OTUzMzZ8MHwxfHNlYXJjaHw2fHxrbml0JTIwc3dlYXRlciUyMGNsb3RoaW5nfGVufDF8MXx8fDE3ODQwOTI1NjV8MA&ixlib=rb-4.1.0&q=80&w=1080,Black sweater,sweater,green and white striped textile,black,7299,Jordan Bigelow on Unsplash (https://unsplash.com/photos/green-and-white-striped-textile-pYYSOBjg6CI)
https://images.unsplash.com/photo-1602706294170-1fed8eecd9f9?crop=entropy&cs=tinysrgb&fit=max&fm=jpg&ixid=M3w5OTUzMzZ8MHwxfHNlYXJjaHw3fHxrbml0JTIwc3dlYXRlciUyMGNsb3RoaW5nfGVufDF8MXx8fDE3ODQwOTI1NjV8MA&ixlib=rb-4.1.0&q=80&w=1080,Grey sweater,sweater,white and gray knit textile,grey,10099,Olga Kozachenko on Unsplash (https://unsplash.com/photos/white-and-gray-knit-textile-o9dtfshlJ60)
https://images.unsplash.com/photo-1641642231157-0849081598a2?crop=entropy&cs=tinysrgb&fit=max&fm=jpg&ixid=M3w5OTUzMzZ8MHwxfHNlYXJjaHw4fHxrbml0JTIwc3dlYXRlciUyMGNsb3RoaW5nfGVufDF8MXx8fDE3ODQwOTI1NjV8MA&ixlib=rb-4.1.0&q=80&w=1080,Beige sweater,sweater,a stack of sweaters sitting on top of a wooden chair,beige,12499,Storiès on Unsplash (https://unsplash.com/photos/a-stack-of-sweaters-sitting-on-top-of-a-wooden-chair-jrQv0161nNM)
https://images.unsplash.com/photo-1631541911232-72bc7448820a?crop=entropy&cs=tinysrgb&fit=max&fm=jpg&ixid=M3w5OTUzMzZ8MHwxfHNlYXJjaHw5fHxrbml0JTIwc3dlYXRlciUyMGNsb3RoaW5nfGVufDF8MXx8fDE3ODQwOTI1NjV8MA&ixlib=rb-4.1.0&q=80&w=1080,Beige sweater,sweater,white and brown wooden wall mounted shelf,beige,13449,Toa Heftiba on Unsplash (https://unsplash.com/photos/white-and-brown-wooden-wall-mounted-shelf-mAxyjlOwdFk)
https://images.unsplash.com/photo-1715176531842-7ffda4acdfa9?crop=entropy&cs=tinysrgb&fit=max&fm=jpg&ixid=M3w5OTUzMzZ8MHwxfHNlYXJjaHwxMHx8a25pdCUyMHN3ZWF0ZXIlMjBjbG90aGluZ3xlbnwxfDF8fHwxNzg0MDkyNTY1fDA&ixlib=rb-4.1.0&q=80&w=1080,Navy sweater,sweater,a pile of sweaters sitting on top of a bed,navy,9749,Wildan Ramdani Akbar on Unsplash (https://unsplash.com/photos/a-pile-of-sweaters-sitting-on-top-of-a-bed-F891P_f_s1s)
https://images.unsplash.com/photo-1646270968802-6bad28659329?crop=entropy&cs=tinysrgb&fit=max&fm=jpg&ixid=M3w5OTUzMzZ8MHwxfHNlYXJjaHwxMXx8a25pdCUyMHN3ZWF0ZXIlMjBjbG90aGluZ3xlbnwxfDF8fHwxNzg0MDkyNTY1fDA&ixlib=rb-4.1.0&q=80&w=1080,White sweater,sweater,a stack of sweaters sitting on top of each other,white,5949,Meg MacDonald on Unsplash (https://unsplash.com/photos/a-stack-of-sweaters-sitting-on-top-of-each-other-9cxiJMMUJZ4)
https://images.unsplash.com/photo-1646270968745-05e006d5bdd1?crop=entropy&cs=tinysrgb&fit=max&fm=jpg&ixid=M3w5OTUzMzZ8MHwxfHNlYXJjaHwxMnx8a25pdCUyMHN3ZWF0ZXIlMjBjbG90aGluZ3xlbnwxfDF8fHwxNzg0MDkyNTY1fDA&ixlib=rb-4.1.0&q=80&w=1080,Cream sweater,sweater,a stack of folded towels sitting on top of a table,cream,5549,Meg MacDonald on Unsplash (https://unsplash.com/photos/a-stack-of-folded-towels-sitting-on-top-of-a-table-r0bEch5bMCs)
https://images.unsplash.com/photo-1664293797551-2cf5c308d3c1?crop=entropy&cs=tinysrgb&fit=max&fm=jpg&ixid=M3w5OTUzMzZ8MHwxfHNlYXJjaHwxM3x8a25pdCUyMHN3ZWF0ZXIlMjBjbG90aGluZ3xlbnwxfDF8fHwxNzg0MDkyNTY1fDA&ixlib=rb-4.1.0&q=80&w=1080,Beige sweater,sweater,a close-up of some fabric,beige,8699,Eugene Golovesov on Unsplash (https://unsplash.com/photos/a-close-up-of-some-fabric-ajYQR-ojtVM)
https://images.unsplash.com/photo-1612797748239-a83ed306dcfc?crop=entropy&cs=tinysrgb&fit=max&fm=jpg&ixid=M3w5OTUzMzZ8MHwxfHNlYXJjaHwxNHx8a25pdCUyMHN3ZWF0ZXIlMjBjbG90aGluZ3xlbnwxfDF8fHwxNzg0MDkyNTY1fDA&ixlib=rb-4.1.0&q=80&w=1080,Black sweater,sweater,red and white floral textile,black,11449,Zoe on Unsplash (https://unsplash.com/photos/red-and-white-floral-textile-skhWkJ6Sm1o)
https://images.unsplash.com/photo-1633008004535-b255bab275cc?crop=entropy&cs=tinysrgb&fit=max&fm=jpg&ixid=M3w5OTUzMzZ8MHwxfHNlYXJjaHwxNXx8a25pdCUyMHN3ZWF0ZXIlMjBjbG90aGluZ3xlbnwxfDF8fHwxNzg0MDkyNTY1fDA&ixlib=rb-4.1.0&q=80&w=1080,Cream sweater,sweater,a stack of folded clothes on a white surface,cream,13399,Katsia Jazwinska on Unsplash (https://unsplash.com/photos/a-stack-of-folded-clothes-on-a-white-surface-NUx4Jo9NAdY)
https://images.unsplash.com/photo-1612629779374-a8432d338af5?crop=entropy&cs=tinysrgb&fit=max&fm=jpg&ixid=M3w5OTUzMzZ8MHwxfHNlYXJjaHwxNnx8a25pdCUyMHN3ZWF0ZXIlMjBjbG90aGluZ3xlbnwxfDF8fHwxNzg0MDkyNTY1fDA&ixlib=rb-4.1.0&q=80&w=1080,Black sweater,sweater,person holding red knit textile,black,4949,Zoe on Unsplash (https://unsplash.com/photos/person-holding-red-knit-textile-P32hl85xaZ0)
https://images.unsplash.com/photo-1670080567777-04915fff4c15?crop=entropy&cs=tinysrgb&fit=max&fm=jpg&ixid=M3w5OTUzMzZ8MHwxfHNlYXJjaHwxN3x8a25pdCUyMHN3ZWF0ZXIlMjBjbG90aGluZ3xlbnwxfDF8fHwxNzg0MDkyNTY1fDA&ixlib=rb-4.1.0&q=80&w=1080,Grey sweater,sweater,a close up of a snake,grey,12449,Nataliya Melnychuk on Unsplash (https://unsplash.com/photos/a-close-up-of-a-snake-hfsCK8rG5gk)
https://images.unsplash.com/photo-1633943934209-31b7f3775fee?crop=entropy&cs=tinysrgb&fit=max&fm=jpg&ixid=M3w5OTUzMzZ8MHwxfHNlYXJjaHwxOHx8a25pdCUyMHN3ZWF0ZXIlMjBjbG90aGluZ3xlbnwxfDF8fHwxNzg0MDkyNTY1fDA&ixlib=rb-4.1.0&q=80&w=1080,Brown sweater,sweater,a stack of folded sweaters sitting on top of a table,brown,13499,Kateryna Hliznitsova on Unsplash (https://unsplash.com/photos/a-stack-of-folded-sweaters-sitting-on-top-of-a-table-5MtJ_fsAR2s)
https://images.unsplash.com/photo-1670080589800-6416c8ce8a14?crop=entropy&cs=tinysrgb&fit=max&fm=jpg&ixid=M3w5OTUzMzZ8MHwxfHNlYXJjaHwxOXx8a25pdCUyMHN3ZWF0ZXIlMjBjbG90aGluZ3xlbnwxfDF8fHwxNzg0MDkyNTY1fDA&ixlib=rb-4.1.0&q=80&w=1080,Brown sweater,sweater,a brown towel on a white surface,brown,5649,Nataliya Melnychuk on Unsplash (https://unsplash.com/photos/a-brown-towel-on-a-white-surface-E2o_fY_9KWs)
https://images.unsplash.com/photo-1670087624410-17763262632d?crop=entropy&cs=tinysrgb&fit=max&fm=jpg&ixid=M3w5OTUzMzZ8MHwxfHNlYXJjaHwyMHx8a25pdCUyMHN3ZWF0ZXIlMjBjbG90aGluZ3xlbnwxfDF8fHwxNzg0MDkyNTY1fDA&ixlib=rb-4.1.0&q=80&w=1080,Beige sweater,sweater,a close up of a snake,beige,13549,Nataliya Melnychuk on Unsplash (https://unsplash.com/photos/a-close-up-of-a-snake-8EZvYhoDlRI)
https://images.unsplash.com/photo-1633972767447-5098f0322a45?crop=entropy&cs=tinysrgb&fit=max&fm=jpg&ixid=M3w5OTUzMzZ8MHwxfHNlYXJjaHwyMXx8a25pdCUyMHN3ZWF0ZXIlMjBjbG90aGluZ3xlbnwxfDF8fHwxNzg0MDkyNTY1fDA&ixlib=rb-4.1.0&q=80&w=1080,Black sweater,sweater,a pile of sweaters stacked on top of each other,black,6449,Katya Azimova on Unsplash (https://unsplash.com/photos/a-pile-of-sweaters-stacked-on-top-of-each-other-3FQBV3LvrDM)
https://images.unsplash.com/photo-1670087502693-ea2c85932098?crop=entropy&cs=tinysrgb&fit=max&fm=jpg&ixid=M3w5OTUzMzZ8MHwxfHNlYXJjaHwyMnx8a25pdCUyMHN3ZWF0ZXIlMjBjbG90aGluZ3xlbnwxfDF8fHwxNzg0MDkyNTY1fDA&ixlib=rb-4.1.0&q=80&w=1080,Grey sweater,sweater,a white and brown snake,grey,8949,Nataliya Melnychuk on Unsplash (https://unsplash.com/photos/a-white-and-brown-snake-vMZcQp0kmbo)
https://images.unsplash.com/photo-1634901581982-6b408cf4226a?crop=entropy&cs=tinysrgb&fit=max&fm=jpg&ixid=M3w5OTUzMzZ8MHwxfHNlYXJjaHwyM3x8a25pdCUyMHN3ZWF0ZXIlMjBjbG90aGluZ3xlbnwxfDF8fHwxNzg0MDkyNTY1fDA&ixlib=rb-4.1.0&q=80&w=1080,Beige sweater,sweater,three different colors of sweaters laying on a bed,beige,9499,Kateryna Hliznitsova on Unsplash (https://unsplash.com/photos/three-different-colors-of-sweaters-laying-on-a-bed-eD8ztaw49rg)
https://images.unsplash.com/photo-1634901849515-40ba019f9387?crop=entropy&cs=tinysrgb&fit=max&fm=jpg&ixid=M3w5OTUzMzZ8MHwxfHNlYXJjaHwyNHx8a25pdCUyMHN3ZWF0ZXIlMjBjbG90aGluZ3xlbnwxfDF8fHwxNzg0MDkyNTY1fDA&ixlib=rb-4.1.0&q=80&w=1080,Beige sweater,sweater,a pile of sweaters laying on top of each other,beige,12549,Kateryna Hliznitsova on Unsplash (https://unsplash.com/photos/a-pile-of-sweaters-laying-on-top-of-each-other-tRknQ2W_0zQ)
https://images.unsplash.com/photo-1670080946016-d9b4445ff8b6?crop=entropy&cs=tinysrgb&fit=max&fm=jpg&ixid=M3w5OTUzMzZ8MHwxfHNlYXJjaHwyNXx8a25pdCUyMHN3ZWF0ZXIlMjBjbG90aGluZ3xlbnwxfDF8fHwxNzg0MDkyNTY1fDA&ixlib=rb-4.1.0&q=80&w=1080,Brown sweater,sweater,a close up of a white towel,brown,7399,Nataliya Melnychuk on Unsplash (https://unsplash.com/photos/a-close-up-of-a-white-towel-yqrcRMGPnKw)
https://images.unsplash.com/photo-1634653131107-ecc30d4501ac?crop=entropy&cs=tinysrgb&fit=max&fm=jpg&ixid=M3w5OTUzMzZ8MHwxfHNlYXJjaHwyNnx8a25pdCUyMHN3ZWF0ZXIlMjBjbG90aGluZ3xlbnwxfDF8fHwxNzg0MDkyNTY1fDA&ixlib=rb-4.1.0&q=80&w=1080,Beige sweater,sweater,a stack of different colored sweaters sitting on top of each other,beige,4599,Kateryna Hliznitsova on Unsplash (https://unsplash.com/photos/a-stack-of-different-colored-sweaters-sitting-on-top-of-each-other-PMVYSAtLlLE)
https://images.unsplash.com/photo-1556095667-9760aa7f4885?crop=entropy&cs=tinysrgb&fit=max&fm=jpg&ixid=M3w5OTUzMzZ8MHwxfHNlYXJjaHwyN3x8a25pdCUyMHN3ZWF0ZXIlMjBjbG90aGluZ3xlbnwxfDF8fHwxNzg0MDkyNTY1fDA&ixlib=rb-4.1.0&q=80&w=1080,Brown sweater,sweater,beige knited sweater,brown,6449,Giulia Bertelli on Unsplash (https://unsplash.com/photos/beige-knited-sweater-pw7OIxvLK-4)
https://images.unsplash.com/photo-1646270968349-dafd9f758e93?crop=entropy&cs=tinysrgb&fit=max&fm=jpg&ixid=M3w5OTUzMzZ8MHwxfHNlYXJjaHwyOHx8a25pdCUyMHN3ZWF0ZXIlMjBjbG90aGluZ3xlbnwxfDF8fHwxNzg0MDkyNTY1fDA&ixlib=rb-4.1.0&q=80&w=1080,Beige sweater,sweater,a stack of sweaters sitting on top of each other,beige,8499,Meg MacDonald on Unsplash (https://unsplash.com/photos/a-stack-of-sweaters-sitting-on-top-of-each-other-VDdiAsbQQHE)
https://images.unsplash.com/photo-1670603917227-3fd6882dbf97?crop=entropy&cs=tinysrgb&fit=max&fm=jpg&ixid=M3w5OTUzMzZ8MHwxfHNlYXJjaHwyOXx8a25pdCUyMHN3ZWF0ZXIlMjBjbG90aGluZ3xlbnwxfDF8fHwxNzg0MDkyNTY1fDA&ixlib=rb-4.1.0&q=80&w=1080,Cream sweater,sweater,a green knitted piece of clothing,cream,6199,Asiya Bhat on Unsplash (https://unsplash.com/photos/a-green-knitted-piece-of-clothing-GcSXNqXdPOk)
https://images.unsplash.com/photo-1773747203076-27b247d32a4a?crop=entropy&cs=tinysrgb&fit=max&fm=jpg&ixid=M3w5OTUzMzZ8MHwxfHNlYXJjaHwzMHx8a25pdCUyMHN3ZWF0ZXIlMjBjbG90aGluZ3xlbnwxfDF8fHwxNzg0MDkyNTY1fDA&ixlib=rb-4.1.0&q=80&w=1080,Brown sweater,sweater,Close-up of a chunky knit sweater with ombre colors.,brown,4799,Yuliia Pakhomova on Unsplash (https://unsplash.com/photos/close-up-of-a-chunky-knit-sweater-with-ombre-colors-PMdJl8L3Ajo)
https://images.unsplash.com/photo-1773747310662-e7cc9e681226?crop=entropy&cs=tinysrgb&fit=max&fm=jpg&ixid=M3w5OTUzMzZ8MHwxfHNlYXJjaHwzMXx8a25pdCUyMHN3ZWF0ZXIlMjBjbG90aGluZ3xlbnwxfDF8fHwxNzg0MDkyNTY3fDA&ixlib=rb-4.1.0&q=80&w=1080,Beige sweater,sweater,A brown knitted sweater hangs on a white hanger.,beige,12599,Yuliia Pakhomova on Unsplash (https://unsplash.com/photos/a-brown-knitted-sweater-hangs-on-a-white-hanger-g3AwbdZut70)
https://images.unsplash.com/photo-1765337210176-1bb643f4776b?crop=entropy&cs=tinysrgb&fit=max&fm=jpg&ixid=M3w5OTUzMzZ8MHwxfHNlYXJjaHwzMnx8a25pdCUyMHN3ZWF0ZXIlMjBjbG90aGluZ3xlbnwxfDF8fHwxNzg0MDkyNTY3fDA&ixlib=rb-4.1.0&q=80&w=1080,Cream sweater,sweater,Young woman in a cream sweater and brown collar,cream,7749,Good Faces on Unsplash (https://unsplash.com/photos/young-woman-in-a-cream-sweater-and-brown-collar-oFOex6VySOM)
https://images.unsplash.com/photo-1773747203070-fb053b12af82?crop=entropy&cs=tinysrgb&fit=max&fm=jpg&ixid=M3w5OTUzMzZ8MHwxfHNlYXJjaHwzM3x8a25pdCUyMHN3ZWF0ZXIlMjBjbG90aGluZ3xlbnwxfDF8fHwxNzg0MDkyNTY3fDA&ixlib=rb-4.1.0&q=80&w=1080,Cream sweater,sweater,A colorful striped knitted sweater hanging on a wall,cream,7749,Yuliia Pakhomova on Unsplash (https://unsplash.com/photos/a-colorful-striped-knitted-sweater-hanging-on-a-wall-XZsx7yNN_cw)
https://images.unsplash.com/photo-1773747310674-b42a55d72003?crop=entropy&cs=tinysrgb&fit=max&fm=jpg&ixid=M3w5OTUzMzZ8MHwxfHNlYXJjaHwzNHx8a25pdCUyMHN3ZWF0ZXIlMjBjbG90aGluZ3xlbnwxfDF8fHwxNzg0MDkyNTY3fDA&ixlib=rb-4.1.0&q=80&w=1080,Grey sweater,sweater,A cream-colored fuzzy sweater hanging on a hanger.,grey,10549,Yuliia Pakhomova on Unsplash (https://unsplash.com/photos/a-cream-colored-fuzzy-sweater-hanging-on-a-hanger-nU5cyclcWuA)
https://images.unsplash.com/photo-1758537698215-af1e35acb911?crop=entropy&cs=tinysrgb&fit=max&fm=jpg&ixid=M3w5OTUzMzZ8MHwxfHNlYXJjaHwzNXx8a25pdCUyMHN3ZWF0ZXIlMjBjbG90aGluZ3xlbnwxfDF8fHwxNzg0MDkyNTY3fDA&ixlib=rb-4.1.0&q=80&w=1080,Navy sweater,sweater,Colorful folded knit sweaters with cable patterns displayed.,navy,11899,Adrien Olichon on Unsplash (https://unsplash.com/photos/colorful-folded-knit-sweaters-with-cable-patterns-displayed-JSyMOOsk0K8)
https://images.unsplash.com/photo-1759056911301-59c6f138e397?crop=entropy&cs=tinysrgb&fit=max&fm=jpg&ixid=M3w5OTUzMzZ8MHwxfHNlYXJjaHwzNnx8a25pdCUyMHN3ZWF0ZXIlMjBjbG90aGluZ3xlbnwxfDF8fHwxNzg0MDkyNTY3fDA&ixlib=rb-4.1.0&q=80&w=1080,Beige sweater,sweater,Maroon knitted sweater with folk pattern hanging outdoors.,beige,9849,Andreas Eriksson on Unsplash (https://unsplash.com/photos/maroon-knitted-sweater-with-folk-pattern-hanging-outdoors-BQNFiSHNSoo)
https://images.unsplash.com/photo-1731399211410-e3ffe1560310?crop=entropy&cs=tinysrgb&fit=max&fm=jpg&ixid=M3w5OTUzMzZ8MHwxfHNlYXJjaHwzN3x8a25pdCUyMHN3ZWF0ZXIlMjBjbG90aGluZ3xlbnwxfDF8fHwxNzg0MDkyNTY3fDA&ixlib=rb-4.1.0&q=80&w=1080,Grey sweater,sweater,A stack of three knitted blankets sitting on top of each other,grey,10799,Anna Evans on Unsplash (https://unsplash.com/photos/a-stack-of-three-knitted-blankets-sitting-on-top-of-each-other-694K2AhsFLA)
https://images.unsplash.com/photo-1765337210325-768dafc12989?crop=entropy&cs=tinysrgb&fit=max&fm=jpg&ixid=M3w5OTUzMzZ8MHwxfHNlYXJjaHwzOHx8a25pdCUyMHN3ZWF0ZXIlMjBjbG90aGluZ3xlbnwxfDF8fHwxNzg0MDkyNTY3fDA&ixlib=rb-4.1.0&q=80&w=1080,Cream sweater,sweater,Young woman in a cream knit sweater and maroon collar,cream,10199,Good Faces on Unsplash (https://unsplash.com/photos/young-woman-in-a-cream-knit-sweater-and-maroon-collar-NedkbSj7tVw)
https://images.unsplash.com/photo-1782226739532-73cbe6cfb204?crop=entropy&cs=tinysrgb&fit=max&fm=jpg&ixid=M3w5OTUzMzZ8MHwxfHNlYXJjaHwzOXx8a25pdCUyMHN3ZWF0ZXIlMjBjbG90aGluZ3xlbnwxfDF8fHwxNzg0MDkyNTY3fDA&ixlib=rb-4.1.0&q=80&w=1080,Navy sweater,sweater,Textured blue and white striped knit fabric with folds.,navy,9549,Jonathan Adams on Unsplash (https://unsplash.com/photos/textured-blue-and-white-striped-knit-fabric-with-folds-Ddf5viqNPnU)
https://images.unsplash.com/photo-1713392899774-5f1c261c4a77?crop=entropy&cs=tinysrgb&fit=max&fm=jpg&ixid=M3w5OTUzMzZ8MHwxfHNlYXJjaHw0MHx8a25pdCUyMHN3ZWF0ZXIlMjBjbG90aGluZ3xlbnwxfDF8fHwxNzg0MDkyNTY3fDA&ixlib=rb-4.1.0&q=80&w=1080,Beige sweater,sweater,a man wearing glasses leaning against a wall,beige,6699,Aedrian Salazar on Unsplash (https://unsplash.com/photos/a-man-wearing-glasses-leaning-against-a-wall-tMgbJsHjF0Q)
https://images.unsplash.com/photo-1758981400298-78cd18eb6793?crop=entropy&cs=tinysrgb&fit=max&fm=jpg&ixid=M3w5OTUzMzZ8MHwxfHNlYXJjaHw0MXx8a25pdCUyMHN3ZWF0ZXIlMjBjbG90aGluZ3xlbnwxfDF8fHwxNzg0MDkyNTY3fDA&ixlib=rb-4.1.0&q=80&w=1080,Grey sweater,sweater,Rose knit cardigan with white yoke detail,grey,13949,Andreas Eriksson on Unsplash (https://unsplash.com/photos/rose-knit-cardigan-with-white-yoke-detail-MvulYlZRyFI)
https://images.unsplash.com/photo-1772615492602-bd4828382a43?crop=entropy&cs=tinysrgb&fit=max&fm=jpg&ixid=M3w5OTUzMzZ8MHwxfHNlYXJjaHw0Mnx8a25pdCUyMHN3ZWF0ZXIlMjBjbG90aGluZ3xlbnwxfDF8fHwxNzg0MDkyNTY3fDA&ixlib=rb-4.1.0&q=80&w=1080,Beige sweater,sweater,Woman in a cozy cream sweater with jewelry.,beige,7049,Kateryna Hliznitsova on Unsplash (https://unsplash.com/photos/woman-in-a-cozy-cream-sweater-with-jewelry-Zma9-Fq-e6w)
https://images.unsplash.com/photo-1760127537832-0bae1e09bfbb?crop=entropy&cs=tinysrgb&fit=max&fm=jpg&ixid=M3w5OTUzMzZ8MHwxfHNlYXJjaHw0M3x8a25pdCUyMHN3ZWF0ZXIlMjBjbG90aGluZ3xlbnwxfDF8fHwxNzg0MDkyNTY3fDA&ixlib=rb-4.1.0&q=80&w=1080,Black sweater,sweater,Green sweater with white daisy pattern,black,5399,Liana S on Unsplash (https://unsplash.com/photos/green-sweater-with-white-daisy-pattern-AiF7muLqvX8)
https://images.unsplash.com/photo-1758981400268-1181291b9503?crop=entropy&cs=tinysrgb&fit=max&fm=jpg&ixid=M3w5OTUzMzZ8MHwxfHNlYXJjaHw0NHx8a25pdCUyMHN3ZWF0ZXIlMjBjbG90aGluZ3xlbnwxfDF8fHwxNzg0MDkyNTY3fDA&ixlib=rb-4.1.0&q=80&w=1080,Brown sweater,sweater,Brown knitted cardigan with white nordic pattern,brown,9849,Andreas Eriksson on Unsplash (https://unsplash.com/photos/brown-knitted-cardigan-with-white-nordic-pattern-dBuGU_1PXj4)
https://images.unsplash.com/photo-1777449172780-c2889155bf1e?crop=entropy&cs=tinysrgb&fit=max&fm=jpg&ixid=M3w5OTUzMzZ8MHwxfHNlYXJjaHw0NXx8a25pdCUyMHN3ZWF0ZXIlMjBjbG90aGluZ3xlbnwxfDF8fHwxNzg0MDkyNTY3fDA&ixlib=rb-4.1.0&q=80&w=1080,White sweater,sweater,A young woman in a sweater stands in a field.,white,13499,Margo Evardson on Unsplash (https://unsplash.com/photos/a-young-woman-in-a-sweater-stands-in-a-field-fzTtFiLK6TI)
https://images.unsplash.com/photo-1760856269352-d0d5ca6ad3c7?crop=entropy&cs=tinysrgb&fit=max&fm=jpg&ixid=M3w5OTUzMzZ8MHwxfHNlYXJjaHw0Nnx8a25pdCUyMHN3ZWF0ZXIlMjBjbG90aGluZ3xlbnwxfDF8fHwxNzg0MDkyNTY3fDA&ixlib=rb-4.1.0&q=80&w=1080,Navy sweater,sweater,Baby clothes hanging in a dark closet,navy,11099,Nat. on Unsplash (https://unsplash.com/photos/baby-clothes-hanging-in-a-dark-closet-39-eX2QWaq4)
https://images.unsplash.com/photo-1766187309597-4b8e1184634e?crop=entropy&cs=tinysrgb&fit=max&fm=jpg&ixid=M3w5OTUzMzZ8MHwxfHNlYXJjaHw0N3x8a25pdCUyMHN3ZWF0ZXIlMjBjbG90aGluZ3xlbnwxfDF8fHwxNzg0MDkyNTY3fDA&ixlib=rb-4.1.0&q=80&w=1080,Cream sweater,sweater,Cozy sweaters with spices and orange for christmas,cream,9399,Stacy on Unsplash (https://unsplash.com/photos/cozy-sweaters-with-spices-and-orange-for-christmas-h33D-zAqhQY)
https://images.unsplash.com/photo-1774072657215-3c496df17443?crop=entropy&cs=tinysrgb&fit=max&fm=jpg&ixid=M3w5OTUzMzZ8MHwxfHNlYXJjaHw0OHx8a25pdCUyMHN3ZWF0ZXIlMjBjbG90aGluZ3xlbnwxfDF8fHwxNzg0MDkyNTY3fDA&ixlib=rb-4.1.0&q=80&w=1080,Brown sweater,sweater,Person wearing a yellow and white striped sweater,brown,5099,Liana S on Unsplash (https://unsplash.com/photos/person-wearing-a-yellow-and-white-striped-sweater-y68JzAOg_6U)
https://images.unsplash.com/photo-1774041553364-25efe2b9786e?crop=entropy&cs=tinysrgb&fit=max&fm=jpg&ixid=M3w5OTUzMzZ8MHwxfHNlYXJjaHw0OXx8a25pdCUyMHN3ZWF0ZXIlMjBjbG90aGluZ3xlbnwxfDF8fHwxNzg0MDkyNTY3fDA&ixlib=rb-4.1.0&q=80&w=1080,Navy sweater,sweater,A child's hands holding a blade of grass,navy,12549,Ana Curcan on Unsplash (https://unsplash.com/photos/a-childs-hands-holding-a-blade-of-grass-AiBWhKGkQlE)
https://images.unsplash.com/photo-1739671191251-508c25ec2593?crop=entropy&cs=tinysrgb&fit=max&fm=jpg&ixid=M3w5OTUzMzZ8MHwxfHNlYXJjaHw1MHx8a25pdCUyMHN3ZWF0ZXIlMjBjbG90aGluZ3xlbnwxfDF8fHwxNzg0MDkyNTY3fDA&ixlib=rb-4.1.0&q=80&w=1080,Navy sweater,sweater,A man in a red hoodie standing in a dark room,navy,12249,Nicholas Sancenito on Unsplash (https://unsplash.com/photos/a-man-in-a-red-hoodie-standing-in-a-dark-room-kiJuasThW44)
https://images.unsplash.com/photo-1728044993209-cbdee6279a7a?crop=entropy&cs=tinysrgb&fit=max&fm=jpg&ixid=M3w5OTUzMzZ8MHwxfHNlYXJjaHw1MXx8a25pdCUyMHN3ZWF0ZXIlMjBjbG90aGluZ3xlbnwxfDF8fHwxNzg0MDkyNTY3fDA&ixlib=rb-4.1.0&q=80&w=1080,Grey sweater,sweater,A little boy in a yellow jacket walking through leaves,grey,5099,Amy Burgess on Unsplash (https://unsplash.com/photos/a-little-boy-in-a-yellow-jacket-walking-through-leaves-mE6SJvhDbpg)
https://images.unsplash.com/photo-1765337210302-cb6271ae6f9f?crop=entropy&cs=tinysrgb&fit=max&fm=jpg&ixid=M3w5OTUzMzZ8MHwxfHNlYXJjaHw1Mnx8a25pdCUyMHN3ZWF0ZXIlMjBjbG90aGluZ3xlbnwxfDF8fHwxNzg0MDkyNTY3fDA&ixlib=rb-4.1.0&q=80&w=1080,Cream sweater,sweater,Young woman wearing a cream sweater and maroon shirt.,cream,8999,Good Faces on Unsplash (https://unsplash.com/photos/young-woman-wearing-a-cream-sweater-and-maroon-shirt-VjE0Lt9Ix_8)
https://images.unsplash.com/photo-1773747488278-1c45a72f4458?crop=entropy&cs=tinysrgb&fit=max&fm=jpg&ixid=M3w5OTUzMzZ8MHwxfHNlYXJjaHw1M3x8a25pdCUyMHN3ZWF0ZXIlMjBjbG90aGluZ3xlbnwxfDF8fHwxNzg0MDkyNTY3fDA&ixlib=rb-4.1.0&q=80&w=1080,Pink sweater,sweater,Close-up of a fuzzy purple and pink knitted sweater,pink,11649,Yuliia Pakhomova on Unsplash (https://unsplash.com/photos/close-up-of-a-fuzzy-purple-and-pink-knitted-sweater-Qxfi3763uos)
https://images.unsplash.com/photo-1764697907906-e230a3e62873?crop=entropy&cs=tinysrgb&fit=max&fm=jpg&ixid=M3w5OTUzMzZ8MHwxfHNlYXJjaHw1NHx8a25pdCUyMHN3ZWF0ZXIlMjBjbG90aGluZ3xlbnwxfDF8fHwxNzg0MDkyNTY3fDA&ixlib=rb-4.1.0&q=80&w=1080,White sweater,sweater,Man in argyle sweater and cap outdoors,white,7549,sammy swae on Unsplash (https://unsplash.com/photos/man-in-argyle-sweater-and-cap-outdoors-3iYljYpYHaQ)
https://images.unsplash.com/photo-1764697908240-715428ea91cf?crop=entropy&cs=tinysrgb&fit=max&fm=jpg&ixid=M3w5OTUzMzZ8MHwxfHNlYXJjaHw1NXx8a25pdCUyMHN3ZWF0ZXIlMjBjbG90aGluZ3xlbnwxfDF8fHwxNzg0MDkyNTY3fDA&ixlib=rb-4.1.0&q=80&w=1080,White sweater,sweater,"Man wearing a cap, glasses, and scarf outdoors.",white,7499,sammy swae on Unsplash (https://unsplash.com/photos/man-wearing-a-cap-glasses-and-scarf-outdoors-Lkc5ruvG-v0)
https://images.unsplash.com/photo-1764697907662-98ae48a9f7cf?crop=entropy&cs=tinysrgb&fit=max&fm=jpg&ixid=M3w5OTUzMzZ8MHwxfHNlYXJjaHw1Nnx8a25pdCUyMHN3ZWF0ZXIlMjBjbG90aGluZ3xlbnwxfDF8fHwxNzg0MDkyNTY3fDA&ixlib=rb-4.1.0&q=80&w=1080,Cream sweater,sweater,Man in vintage clothing leaning on wooden fence,cream,5749,sammy swae on Unsplash (https://unsplash.com/photos/man-in-vintage-clothing-leaning-on-wooden-fence-gXzCwKG29hY)
https://images.unsplash.com/photo-1764697907425-62696b280b31?crop=entropy&cs=tinysrgb&fit=max&fm=jpg&ixid=M3w5OTUzMzZ8MHwxfHNlYXJjaHw1N3x8a25pdCUyMHN3ZWF0ZXIlMjBjbG90aGluZ3xlbnwxfDF8fHwxNzg0MDkyNTY3fDA&ixlib=rb-4.1.0&q=80&w=1080,White sweater,sweater,Man wearing a flat cap and scarf,white,7399,sammy swae on Unsplash (https://unsplash.com/photos/man-wearing-a-flat-cap-and-scarf-cRe1uG9uZlg)
https://images.unsplash.com/photo-1764697907673-eaba1d06205a?crop=entropy&cs=tinysrgb&fit=max&fm=jpg&ixid=M3w5OTUzMzZ8MHwxfHNlYXJjaHw1OHx8a25pdCUyMHN3ZWF0ZXIlMjBjbG90aGluZ3xlbnwxfDF8fHwxNzg0MDkyNTY3fDA&ixlib=rb-4.1.0&q=80&w=1080,Beige sweater,sweater,Man in flat cap and scarf stands near stone wall,beige,10399,sammy swae on Unsplash (https://unsplash.com/photos/man-in-flat-cap-and-scarf-stands-near-stone-wall-isIG3CiYIg4)
https://images.unsplash.com/photo-1764697907464-914c3c418137?crop=entropy&cs=tinysrgb&fit=max&fm=jpg&ixid=M3w5OTUzMzZ8MHwxfHNlYXJjaHw1OXx8a25pdCUyMHN3ZWF0ZXIlMjBjbG90aGluZ3xlbnwxfDF8fHwxNzg0MDkyNTY3fDA&ixlib=rb-4.1.0&q=80&w=1080,Grey sweater,sweater,Man wearing glasses and hat shields eyes from sun,grey,8349,sammy swae on Unsplash (https://unsplash.com/photos/man-wearing-glasses-and-hat-shields-eyes-from-sun-WGQOL3gAYXw)
https://images.unsplash.com/photo-1764697907661-322b4e1b51a8?crop=entropy&cs=tinysrgb&fit=max&fm=jpg&ixid=M3w5OTUzMzZ8MHwxfHNlYXJjaHw2MHx8a25pdCUyMHN3ZWF0ZXIlMjBjbG90aGluZ3xlbnwxfDF8fHwxNzg0MDkyNTY3fDA&ixlib=rb-4.1.0&q=80&w=1080,White sweater,sweater,Man in cap and scarf stands outside building,white,6399,sammy swae on Unsplash (https://unsplash.com/photos/man-in-cap-and-scarf-stands-outside-building-L6RJWVBXu1I)
https://images.unsplash.com/photo-1602293589930-45aad59ba3ab?crop=entropy&cs=tinysrgb&fit=max&fm=jpg&ixid=M3w5OTUzMzZ8MHwxfHNlYXJjaHwxfHxqZWFucyUyMGRlbmltJTIwcGFudHN8ZW58MXwxfHx8MTc4NDA5MjU2OXww&ixlib=rb-4.1.0&q=80&w=1080,Grey jeans,jeans,blue denim jeans on brown clothes hanger,grey,8949,Jason Leung on Unsplash (https://unsplash.com/photos/blue-denim-jeans-on-brown-clothes-hanger-EtOMMg1nSR8)
https://images.unsplash.com/photo-1714729382668-7bc3bb261662?crop=entropy&cs=tinysrgb&fit=max&fm=jpg&ixid=M3w5OTUzMzZ8MHwxfHNlYXJjaHwyfHxqZWFucyUyMGRlbmltJTIwcGFudHN8ZW58MXwxfHx8MTc4NDA5MjU2OXww&ixlib=rb-4.1.0&q=80&w=1080,White jeans,jeans,five pairs of jeans hanging on a clothes rack,white,13699,TuanAnh Blue on Unsplash (https://unsplash.com/photos/five-pairs-of-jeans-hanging-on-a-clothes-rack-2QSK4kFoVZE)
https://images.unsplash.com/photo-1624378439575-d8705ad7ae80?crop=entropy&cs=tinysrgb&fit=max&fm=jpg&ixid=M3w5OTUzMzZ8MHwxfHNlYXJjaHwzfHxqZWFucyUyMGRlbmltJTIwcGFudHN8ZW58MXwxfHx8MTc4NDA5MjU2OXww&ixlib=rb-4.1.0&q=80&w=1080,Navy jeans,jeans,blue denim jeans on white textile,navy,8149,Matthew Moloney on Unsplash (https://unsplash.com/photos/blue-denim-jeans-on-white-textile-YeGao3uk8kI)
https://images.unsplash.com/photo-1598554747436-c9293d6a588f?crop=entropy&cs=tinysrgb&fit=max&fm=jpg&ixid=M3w5OTUzMzZ8MHwxfHNlYXJjaHw0fHxqZWFucyUyMGRlbmltJTIwcGFudHN8ZW58MXwxfHx8MTc4NDA5MjU2OXww&ixlib=rb-4.1.0&q=80&w=1080,Cream jeans,jeans,woman in white tank top and blue denim jeans sitting on white chair,cream,5499,KAi'S PHOTOGRAPHY on Unsplash (https://unsplash.com/photos/woman-in-white-tank-top-and-blue-denim-jeans-sitting-on-white-chair-2s3GhhJz2uY)
https://images.unsplash.com/photo-1721637286605-ae9be19d681f?crop=entropy&cs=tinysrgb&fit=max&fm=jpg&ixid=M3w5OTUzMzZ8MHwxfHNlYXJjaHw1fHxqZWFucyUyMGRlbmltJTIwcGFudHN8ZW58MXwxfHx8MTc4NDA5MjU2OXww&ixlib=rb-4.1.0&q=80&w=1080,White jeans,jeans,A pile of jeans laying on top of each other,white,8549,TuanAnh Blue on Unsplash (https://unsplash.com/photos/a-pile-of-jeans-laying-on-top-of-each-other-XdXk39Bj3B0)
https://images.unsplash.com/photo-1541099649105-f69ad21f3246?crop=entropy&cs=tinysrgb&fit=max&fm=jpg&ixid=M3w5OTUzMzZ8MHwxfHNlYXJjaHw2fHxqZWFucyUyMGRlbmltJTIwcGFudHN8ZW58MXwxfHx8MTc4NDA5MjU2OXww&ixlib=rb-4.1.0&q=80&w=1080,Navy jeans,jeans,person wears blue jeans,navy,10899,Alicia Petresc on Unsplash (https://unsplash.com/photos/person-wears-blue-jeans-BciCcl8tjVU)
https://images.unsplash.com/photo-1671624759834-bcf0d3dd2517?crop=entropy&cs=tinysrgb&fit=max&fm=jpg&ixid=M3w5OTUzMzZ8MHwxfHNlYXJjaHw3fHxqZWFucyUyMGRlbmltJTIwcGFudHN8ZW58MXwxfHx8MTc4NDA5MjU2OXww&ixlib=rb-4.1.0&q=80&w=1080,Green jeans,jeans,a close up of a pair of blue jeans,green,5899,engin akyurt on Unsplash (https://unsplash.com/photos/a-close-up-of-a-pair-of-blue-jeans-bSy5fBdfOf0)
https://images.unsplash.com/photo-1541840031508-326b77c9a17e?crop=entropy&cs=tinysrgb&fit=max&fm=jpg&ixid=M3w5OTUzMzZ8MHwxfHNlYXJjaHw4fHxqZWFucyUyMGRlbmltJTIwcGFudHN8ZW58MXwxfHx8MTc4NDA5MjU2OXww&ixlib=rb-4.1.0&q=80&w=1080,Blue jeans,jeans,blue denim,blue,5499,Markus Spiske on Unsplash (https://unsplash.com/photos/blue-denim-RDZZs9F53LE)
https://images.unsplash.com/photo-1475178626620-a4d074967452?crop=entropy&cs=tinysrgb&fit=max&fm=jpg&ixid=M3w5OTUzMzZ8MHwxfHNlYXJjaHw5fHxqZWFucyUyMGRlbmltJTIwcGFudHN8ZW58MXwxfHx8MTc4NDA5MjU2OXww&ixlib=rb-4.1.0&q=80&w=1080,Cream jeans,jeans,woman standing wearing jeans and white top,cream,7949,Tamara Bellis on Unsplash (https://unsplash.com/photos/woman-standing-wearing-jeans-and-white-top-zDyJOj8ZXG0)
https://images.unsplash.com/photo-1721637222188-fa7bf56ceaf5?crop=entropy&cs=tinysrgb&fit=max&fm=jpg&ixid=M3w5OTUzMzZ8MHwxfHNlYXJjaHwxMHx8amVhbnMlMjBkZW5pbSUyMHBhbnRzfGVufDF8MXx8fDE3ODQwOTI1Njl8MA&ixlib=rb-4.1.0&q=80&w=1080,White jeans,jeans,A pair of jeans sitting on top of each other,white,11699,TuanAnh Blue on Unsplash (https://unsplash.com/photos/a-pair-of-jeans-sitting-on-top-of-each-other-rJQCoHb8XxA)
https://images.unsplash.com/photo-1713880453396-aa0493e308ec?crop=entropy&cs=tinysrgb&fit=max&fm=jpg&ixid=M3w5OTUzMzZ8MHwxfHNlYXJjaHwxMXx8amVhbnMlMjBkZW5pbSUyMHBhbnRzfGVufDF8MXx8fDE3ODQwOTI1Njl8MA&ixlib=rb-4.1.0&q=80&w=1080,Cream jeans,jeans,a stack of blue jeans sitting on top of each other,cream,9899,TuanAnh Blue on Unsplash (https://unsplash.com/photos/a-stack-of-blue-jeans-sitting-on-top-of-each-other-fB9Ex6Q5L_g)
https://images.unsplash.com/photo-1715758890151-2c15d5d482aa?crop=entropy&cs=tinysrgb&fit=max&fm=jpg&ixid=M3w5OTUzMzZ8MHwxfHNlYXJjaHwxMnx8amVhbnMlMjBkZW5pbSUyMHBhbnRzfGVufDF8MXx8fDE3ODQwOTI1Njl8MA&ixlib=rb-4.1.0&q=80&w=1080,Green jeans,jeans,a pair of jeans hanging on a clothes rack,green,8949,TuanAnh Blue on Unsplash (https://unsplash.com/photos/a-pair-of-jeans-hanging-on-a-clothes-rack-j_3IlDX-6uQ)
https://images.unsplash.com/photo-1727777840115-e173c91444e4?crop=entropy&cs=tinysrgb&fit=max&fm=jpg&ixid=M3w5OTUzMzZ8MHwxfHNlYXJjaHwxM3x8amVhbnMlMjBkZW5pbSUyMHBhbnRzfGVufDF8MXx8fDE3ODQwOTI1Njl8MA&ixlib=rb-4.1.0&q=80&w=1080,Beige jeans,jeans,A close up of a pair of blue jeans,beige,7149,Project:KENO on Unsplash (https://unsplash.com/photos/a-close-up-of-a-pair-of-blue-jeans-WoPlbpJta_c)
https://images.unsplash.com/photo-1592467674817-23092d6d3f3e?crop=entropy&cs=tinysrgb&fit=max&fm=jpg&ixid=M3w5OTUzMzZ8MHwxfHNlYXJjaHwxNHx8amVhbnMlMjBkZW5pbSUyMHBhbnRzfGVufDF8MXx8fDE3ODQwOTI1Njl8MA&ixlib=rb-4.1.0&q=80&w=1080,Beige jeans,jeans,gray and black pinstripe textile,beige,9699,engin akyurt on Unsplash (https://unsplash.com/photos/gray-and-black-pinstripe-textile-ldVIlJr7HXs)
https://images.unsplash.com/photo-1542574621-e088a4464f7e?crop=entropy&cs=tinysrgb&fit=max&fm=jpg&ixid=M3w5OTUzMzZ8MHwxfHNlYXJjaHwxNXx8amVhbnMlMjBkZW5pbSUyMHBhbnRzfGVufDF8MXx8fDE3ODQwOTI1Njl8MA&ixlib=rb-4.1.0&q=80&w=1080,Navy jeans,jeans,blue jeans,navy,5899,Crawford Jolly on Unsplash (https://unsplash.com/photos/blue-jeans-53_QShjkG1w)
https://images.unsplash.com/photo-1603202577997-003d15cfc20b?crop=entropy&cs=tinysrgb&fit=max&fm=jpg&ixid=M3w5OTUzMzZ8MHwxfHNlYXJjaHwxNnx8amVhbnMlMjBkZW5pbSUyMHBhbnRzfGVufDF8MXx8fDE3ODQwOTI1Njl8MA&ixlib=rb-4.1.0&q=80&w=1080,Beige jeans,jeans,blue denim jeans on white textile,beige,13149,Eda Ulu on Unsplash (https://unsplash.com/photos/blue-denim-jeans-on-white-textile-HWEjIe7rc7w)
https://images.unsplash.com/photo-1629045246540-16a761db8b35?crop=entropy&cs=tinysrgb&fit=max&fm=jpg&ixid=M3w5OTUzMzZ8MHwxfHNlYXJjaHwxN3x8amVhbnMlMjBkZW5pbSUyMHBhbnRzfGVufDF8MXx8fDE3ODQwOTI1Njl8MA&ixlib=rb-4.1.0&q=80&w=1080,Cream jeans,jeans,person in blue denim jeans standing on brown grass field during daytime,cream,12549,Hans on Unsplash (https://unsplash.com/photos/person-in-blue-denim-jeans-standing-on-brown-grass-field-during-daytime-QJfXnkKrtlo)
https://images.unsplash.com/photo-1715758890375-3a6c8ac2e640?crop=entropy&cs=tinysrgb&fit=max&fm=jpg&ixid=M3w5OTUzMzZ8MHwxfHNlYXJjaHwxOHx8amVhbnMlMjBkZW5pbSUyMHBhbnRzfGVufDF8MXx8fDE3ODQwOTI1Njl8MA&ixlib=rb-4.1.0&q=80&w=1080,Grey jeans,jeans,a pile of jeans sitting on top of a table,grey,13099,TuanAnh Blue on Unsplash (https://unsplash.com/photos/a-pile-of-jeans-sitting-on-top-of-a-table-1BTQNemHT0U)
https://images.unsplash.com/photo-1578693082747-50c396cacd81?crop=entropy&cs=tinysrgb&fit=max&fm=jpg&ixid=M3w5OTUzMzZ8MHwxfHNlYXJjaHwxOXx8amVhbnMlMjBkZW5pbSUyMHBhbnRzfGVufDF8MXx8fDE3ODQwOTI1Njl8MA&ixlib=rb-4.1.0&q=80&w=1080,Cream jeans,jeans,standing woman wearing blue denim split-side pants,cream,6949,Velizar Ivanov on Unsplash (https://unsplash.com/photos/standing-woman-wearing-blue-denim-split-side-pants-GycfRBqs-O4)
https://images.unsplash.com/photo-1721637284014-69d105a55fca?crop=entropy&cs=tinysrgb&fit=max&fm=jpg&ixid=M3w5OTUzMzZ8MHwxfHNlYXJjaHwyMHx8amVhbnMlMjBkZW5pbSUyMHBhbnRzfGVufDF8MXx8fDE3ODQwOTI1Njl8MA&ixlib=rb-4.1.0&q=80&w=1080,White jeans,jeans,A pair of jeans laying on top of each other,white,6549,TuanAnh Blue on Unsplash (https://unsplash.com/photos/a-pair-of-jeans-laying-on-top-of-each-other-KSVtSQrm9eo)
https://images.unsplash.com/photo-1721637245920-4073818252b2?crop=entropy&cs=tinysrgb&fit=max&fm=jpg&ixid=M3w5OTUzMzZ8MHwxfHNlYXJjaHwyMXx8amVhbnMlMjBkZW5pbSUyMHBhbnRzfGVufDF8MXx8fDE3ODQwOTI1Njl8MA&ixlib=rb-4.1.0&q=80&w=1080,White jeans,jeans,A pile of jeans laying on top of each other,white,7299,TuanAnh Blue on Unsplash (https://unsplash.com/photos/a-pile-of-jeans-laying-on-top-of-each-other-u-TajA5X5rg)
https://images.unsplash.com/photo-1754555009601-498e9873197e?crop=entropy&cs=tinysrgb&fit=max&fm=jpg&ixid=M3w5OTUzMzZ8MHwxfHNlYXJjaHwyMnx8amVhbnMlMjBkZW5pbSUyMHBhbnRzfGVufDF8MXx8fDE3ODQwOTI1Njl8MA&ixlib=rb-4.1.0&q=80&w=1080,White jeans,jeans,Jeans hang on a wooden hanger.,white,8499,Pesce Huang on Unsplash (https://unsplash.com/photos/jeans-hang-on-a-wooden-hanger-nC4-PXzKZcI)
https://images.unsplash.com/photo-1616411598297-e0053c6ee59d?crop=entropy&cs=tinysrgb&fit=max&fm=jpg&ixid=M3w5OTUzMzZ8MHwxfHNlYXJjaHwyM3x8amVhbnMlMjBkZW5pbSUyMHBhbnRzfGVufDF8MXx8fDE3ODQwOTI1Njl8MA&ixlib=rb-4.1.0&q=80&w=1080,Green jeans,jeans,person in blue denim jeans,green,10549,Daniel on Unsplash (https://unsplash.com/photos/person-in-blue-denim-jeans-OtgxvtVYKB4)
https://images.unsplash.com/photo-1721637217881-f0ad35dd4829?crop=entropy&cs=tinysrgb&fit=max&fm=jpg&ixid=M3w5OTUzMzZ8MHwxfHNlYXJjaHwyNHx8amVhbnMlMjBkZW5pbSUyMHBhbnRzfGVufDF8MXx8fDE3ODQwOTI1Njl8MA&ixlib=rb-4.1.0&q=80&w=1080,White jeans,jeans,Three pairs of jeans sitting next to each other,white,12149,TuanAnh Blue on Unsplash (https://unsplash.com/photos/three-pairs-of-jeans-sitting-next-to-each-other-2Xqp91-ikUA)
https://images.unsplash.com/photo-1713880453423-f9b1cd8e1749?crop=entropy&cs=tinysrgb&fit=max&fm=jpg&ixid=M3w5OTUzMzZ8MHwxfHNlYXJjaHwyNXx8amVhbnMlMjBkZW5pbSUyMHBhbnRzfGVufDF8MXx8fDE3ODQwOTI1Njl8MA&ixlib=rb-4.1.0&q=80&w=1080,Cream jeans,jeans,a chair made out of a pair of jeans,cream,5499,TuanAnh Blue on Unsplash (https://unsplash.com/photos/a-chair-made-out-of-a-pair-of-jeans-JmZ3MXXnf-w)
https://images.unsplash.com/photo-1633963643586-1a39077623be?crop=entropy&cs=tinysrgb&fit=max&fm=jpg&ixid=M3w5OTUzMzZ8MHwxfHNlYXJjaHwyNnx8amVhbnMlMjBkZW5pbSUyMHBhbnRzfGVufDF8MXx8fDE3ODQwOTI1Njl8MA&ixlib=rb-4.1.0&q=80&w=1080,White jeans,jeans,a close up of a pair of jeans,white,5099,Hamed darzi on Unsplash (https://unsplash.com/photos/a-close-up-of-a-pair-of-jeans-VBhEL_LV4FU)
https://images.unsplash.com/photo-1713880442867-7d47d3e18b35?crop=entropy&cs=tinysrgb&fit=max&fm=jpg&ixid=M3w5OTUzMzZ8MHwxfHNlYXJjaHwyN3x8amVhbnMlMjBkZW5pbSUyMHBhbnRzfGVufDF8MXx8fDE3ODQwOTI1Njl8MA&ixlib=rb-4.1.0&q=80&w=1080,Cream jeans,jeans,a pile of jeans sitting on top of a white table,cream,9749,TuanAnh Blue on Unsplash (https://unsplash.com/photos/a-pile-of-jeans-sitting-on-top-of-a-white-table-bvyfRQNmyug)
https://images.unsplash.com/photo-1696967648017-8a8d41bef9e8?crop=entropy&cs=tinysrgb&fit=max&fm=jpg&ixid=M3w5OTUzMzZ8MHwxfHNlYXJjaHwyOHx8amVhbnMlMjBkZW5pbSUyMHBhbnRzfGVufDF8MXx8fDE3ODQwOTI1Njl8MA&ixlib=rb-4.1.0&q=80&w=1080,Beige jeans,jeans,a pile of blue jeans stacked on top of each other,beige,8699,Roozbeh Eslami on Unsplash (https://unsplash.com/photos/a-pile-of-blue-jeans-stacked-on-top-of-each-other-omsbsgbXlB4)
https://images.unsplash.com/photo-1564322955382-5dda5a13efb8?crop=entropy&cs=tinysrgb&fit=max&fm=jpg&ixid=M3w5OTUzMzZ8MHwxfHNlYXJjaHwyOXx8amVhbnMlMjBkZW5pbSUyMHBhbnRzfGVufDF8MXx8fDE3ODQwOTI1Njl8MA&ixlib=rb-4.1.0&q=80&w=1080,Pink jeans,jeans,blue denim bottoms,pink,10749,Varun Gaba on Unsplash (https://unsplash.com/photos/blue-denim-bottoms-2nxZtytzr9w)
https://images.unsplash.com/photo-1713880442867-cbead575ecdd?crop=entropy&cs=tinysrgb&fit=max&fm=jpg&ixid=M3w5OTUzMzZ8MHwxfHNlYXJjaHwzMHx8amVhbnMlMjBkZW5pbSUyMHBhbnRzfGVufDF8MXx8fDE3ODQwOTI1Njl8MA&ixlib=rb-4.1.0&q=80&w=1080,Cream jeans,jeans,a chair made out of a pair of jeans,cream,12099,TuanAnh Blue on Unsplash (https://unsplash.com/photos/a-chair-made-out-of-a-pair-of-jeans-QeyiwPW4AsQ)
https://images.unsplash.com/photo-1616003471864-9abfeee24576?crop=entropy&cs=tinysrgb&fit=max&fm=jpg&ixid=M3w5OTUzMzZ8MHwxfHNlYXJjaHwzMXx8amVhbnMlMjBkZW5pbSUyMHBhbnRzfGVufDF8MXx8fDE3ODQwOTI1NzB8MA&ixlib=rb-4.1.0&q=80&w=1080,Grey jeans,jeans,woman in black long sleeve shirt and blue denim jeans standing on green grass field during,grey,10749,Henry Tuchez on Unsplash (https://unsplash.com/photos/woman-in-black-long-sleeve-shirt-and-blue-denim-jeans-standing-on-green-grass-field-during-Ve49Nc0EoDA)
https://images.unsplash.com/photo-1683126257977-5142e52acc7e?crop=entropy&cs=tinysrgb&fit=max&fm=jpg&ixid=M3w5OTUzMzZ8MHwxfHNlYXJjaHwzMnx8amVhbnMlMjBkZW5pbSUyMHBhbnRzfGVufDF8MXx8fDE3ODQwOTI1NzB8MA&ixlib=rb-4.1.0&q=80&w=1080,Beige jeans,jeans,a woman standing with her hands on her hips,beige,8099,Marlon Alves on Unsplash (https://unsplash.com/photos/a-woman-standing-with-her-hands-on-her-hips-IucjGzKvxno)
https://images.unsplash.com/photo-1715758889931-a4737e4b4503?crop=entropy&cs=tinysrgb&fit=max&fm=jpg&ixid=M3w5OTUzMzZ8MHwxfHNlYXJjaHwzM3x8amVhbnMlMjBkZW5pbSUyMHBhbnRzfGVufDF8MXx8fDE3ODQwOTI1NzB8MA&ixlib=rb-4.1.0&q=80&w=1080,White jeans,jeans,three pairs of jeans sitting on top of each other,white,8349,TuanAnh Blue on Unsplash (https://unsplash.com/photos/three-pairs-of-jeans-sitting-on-top-of-each-other-zkWihChjjRA)
https://images.unsplash.com/photo-1715758889624-36a0bfca4b68?crop=entropy&cs=tinysrgb&fit=max&fm=jpg&ixid=M3w5OTUzMzZ8MHwxfHNlYXJjaHwzNHx8amVhbnMlMjBkZW5pbSUyMHBhbnRzfGVufDF8MXx8fDE3ODQwOTI1NzB8MA&ixlib=rb-4.1.0&q=80&w=1080,Grey jeans,jeans,several pairs of jeans hanging on a rack,grey,5949,TuanAnh Blue on Unsplash (https://unsplash.com/photos/several-pairs-of-jeans-hanging-on-a-rack-ypYjc-SJkGs)
https://images.unsplash.com/photo-1725387072845-7431bbc453bc?crop=entropy&cs=tinysrgb&fit=max&fm=jpg&ixid=M3w5OTUzMzZ8MHwxfHNlYXJjaHwzNXx8amVhbnMlMjBkZW5pbSUyMHBhbnRzfGVufDF8MXx8fDE3ODQwOTI1NzB8MA&ixlib=rb-4.1.0&q=80&w=1080,Beige jeans,jeans,A pair of jeans laying on a tile floor,beige,12549,Anthony Massaro on Unsplash (https://unsplash.com/photos/a-pair-of-jeans-laying-on-a-tile-floor-jll9ZPrAVms)
https://images.unsplash.com/photo-1547410701-73b5a0ada51d?crop=entropy&cs=tinysrgb&fit=max&fm=jpg&ixid=M3w5OTUzMzZ8MHwxfHNlYXJjaHwzNnx8amVhbnMlMjBkZW5pbSUyMHBhbnRzfGVufDF8MXx8fDE3ODQwOTI1NzB8MA&ixlib=rb-4.1.0&q=80&w=1080,Cream jeans,jeans,person wearing blue denim bottoms,cream,7699,Ryan Moreno on Unsplash (https://unsplash.com/photos/person-wearing-blue-denim-bottoms--JiNZCU8nRs)
https://images.unsplash.com/photo-1588544622467-6df9eef29c7a?crop=entropy&cs=tinysrgb&fit=max&fm=jpg&ixid=M3w5OTUzMzZ8MHwxfHNlYXJjaHwzN3x8amVhbnMlMjBkZW5pbSUyMHBhbnRzfGVufDF8MXx8fDE3ODQwOTI1NzB8MA&ixlib=rb-4.1.0&q=80&w=1080,Beige jeans,jeans,person wearing blue denim jeans,beige,9749,Ashkan Forouzani on Unsplash (https://unsplash.com/photos/person-wearing-blue-denim-jeans-5C3A7b9Wc30)
https://images.unsplash.com/photo-1714729382608-9e6e7be861b7?crop=entropy&cs=tinysrgb&fit=max&fm=jpg&ixid=M3w5OTUzMzZ8MHwxfHNlYXJjaHwzOHx8amVhbnMlMjBkZW5pbSUyMHBhbnRzfGVufDF8MXx8fDE3ODQwOTI1NzB8MA&ixlib=rb-4.1.0&q=80&w=1080,White jeans,jeans,a pair of jeans with a cell phone in the back pocket,white,9899,TuanAnh Blue on Unsplash (https://unsplash.com/photos/a-pair-of-jeans-with-a-cell-phone-in-the-back-pocket-NYTKmB9U7zM)
https://images.unsplash.com/photo-1700844414385-0cedc33e4bd6?crop=entropy&cs=tinysrgb&fit=max&fm=jpg&ixid=M3w5OTUzMzZ8MHwxfHNlYXJjaHwzOXx8amVhbnMlMjBkZW5pbSUyMHBhbnRzfGVufDF8MXx8fDE3ODQwOTI1NzB8MA&ixlib=rb-4.1.0&q=80&w=1080,Black jeans,jeans,a close up of a pair of blue jeans,black,11149,Gilbert Ng on Unsplash (https://unsplash.com/photos/a-close-up-of-a-pair-of-blue-jeans-GqOE7f6aZ-w)
https://images.unsplash.com/photo-1734453195022-b0cbc53229ee?crop=entropy&cs=tinysrgb&fit=max&fm=jpg&ixid=M3w5OTUzMzZ8MHwxfHNlYXJjaHw0MHx8amVhbnMlMjBkZW5pbSUyMHBhbnRzfGVufDF8MXx8fDE3ODQwOTI1NzB8MA&ixlib=rb-4.1.0&q=80&w=1080,Navy jeans,jeans,A person wearing a pair of jeans with a label on their back pocket,navy,9349,Sameer Srivastava on Unsplash (https://unsplash.com/photos/a-person-wearing-a-pair-of-jeans-with-a-label-on-their-back-pocket-ksdnOaht30o)
https://images.unsplash.com/photo-1758018230837-89188346c36f?crop=entropy&cs=tinysrgb&fit=max&fm=jpg&ixid=M3w5OTUzMzZ8MHwxfHNlYXJjaHw0MXx8amVhbnMlMjBkZW5pbSUyMHBhbnRzfGVufDF8MXx8fDE3ODQwOTI1NzB8MA&ixlib=rb-4.1.0&q=80&w=1080,Grey jeans,jeans,Close-up of light blue denim jeans with zipper.,grey,11699,Mona Jain on Unsplash (https://unsplash.com/photos/close-up-of-light-blue-denim-jeans-with-zipper-b0JIbFPIMBg)
https://images.unsplash.com/photo-1734187920842-56a8808bfe1e?crop=entropy&cs=tinysrgb&fit=max&fm=jpg&ixid=M3w5OTUzMzZ8MHwxfHNlYXJjaHw0Mnx8amVhbnMlMjBkZW5pbSUyMHBhbnRzfGVufDF8MXx8fDE3ODQwOTI1NzB8MA&ixlib=rb-4.1.0&q=80&w=1080,Grey jeans,jeans,A pair of jeans with colored pencils sticking out of it,grey,12149,welcome . on Unsplash (https://unsplash.com/photos/a-pair-of-jeans-with-colored-pencils-sticking-out-of-it-JAxTv3e3WSk)
https://images.unsplash.com/photo-1699907939897-d8769bdf4658?crop=entropy&cs=tinysrgb&fit=max&fm=jpg&ixid=M3w5OTUzMzZ8MHwxfHNlYXJjaHw0M3x8amVhbnMlMjBkZW5pbSUyMHBhbnRzfGVufDF8MXx8fDE3ODQwOTI1NzB8MA&ixlib=rb-4.1.0&q=80&w=1080,Beige jeans,jeans,a close up of a person laying on a beach towel,beige,9699,Zeynep S. on Unsplash (https://unsplash.com/photos/a-close-up-of-a-person-laying-on-a-beach-towel-cX0caBgze_k)
https://images.unsplash.com/photo-1715758889732-e32ad90ac619?crop=entropy&cs=tinysrgb&fit=max&fm=jpg&ixid=M3w5OTUzMzZ8MHwxfHNlYXJjaHw0NHx8amVhbnMlMjBkZW5pbSUyMHBhbnRzfGVufDF8MXx8fDE3ODQwOTI1NzB8MA&ixlib=rb-4.1.0&q=80&w=1080,White jeans,jeans,a pair of jeans with a cell phone sticking out of the pocket,white,11149,TuanAnh Blue on Unsplash (https://unsplash.com/photos/a-pair-of-jeans-with-a-cell-phone-sticking-out-of-the-pocket-TIaGm1g8ozE)
https://images.unsplash.com/photo-1640336437338-5c36f7e1115f?crop=entropy&cs=tinysrgb&fit=max&fm=jpg&ixid=M3w5OTUzMzZ8MHwxfHNlYXJjaHw0NXx8amVhbnMlMjBkZW5pbSUyMHBhbnRzfGVufDF8MXx8fDE3ODQwOTI1NzB8MA&ixlib=rb-4.1.0&q=80&w=1080,Grey jeans,jeans,a hole in the back of a pair of jeans,grey,12749,Roberto Sorin on Unsplash (https://unsplash.com/photos/a-hole-in-the-back-of-a-pair-of-jeans-yj0TCfEJqYE)
https://images.unsplash.com/photo-1741943355114-af217a001fe9?crop=entropy&cs=tinysrgb&fit=max&fm=jpg&ixid=M3w5OTUzMzZ8MHwxfHNlYXJjaHw0Nnx8amVhbnMlMjBkZW5pbSUyMHBhbnRzfGVufDF8MXx8fDE3ODQwOTI1NzB8MA&ixlib=rb-4.1.0&q=80&w=1080,Green jeans,jeans,Denim patchwork corset lies on the floor.,green,10099,Lolita Timoshek on Unsplash (https://unsplash.com/photos/denim-patchwork-corset-lies-on-the-floor-bGunGEqJDLI)
https://images.unsplash.com/photo-1654193962364-dd6b6d8558b9?crop=entropy&cs=tinysrgb&fit=max&fm=jpg&ixid=M3w5OTUzMzZ8MHwxfHNlYXJjaHw0N3x8amVhbnMlMjBkZW5pbSUyMHBhbnRzfGVufDF8MXx8fDE3ODQwOTI1NzB8MA&ixlib=rb-4.1.0&q=80&w=1080,Navy jeans,jeans,a woman sitting on a chair in a bathroom,navy,8949,Sergey Sokolov on Unsplash (https://unsplash.com/photos/a-woman-sitting-on-a-chair-in-a-bathroom-erDFwl71EHk)
https://images.unsplash.com/photo-1714729382688-84602a1bd6ec?crop=entropy&cs=tinysrgb&fit=max&fm=jpg&ixid=M3w5OTUzMzZ8MHwxfHNlYXJjaHw0OHx8amVhbnMlMjBkZW5pbSUyMHBhbnRzfGVufDF8MXx8fDE3ODQwOTI1NzB8MA&ixlib=rb-4.1.0&q=80&w=1080,Navy jeans,jeans,a close up of a pair of blue jeans,navy,12299,TuanAnh Blue on Unsplash (https://unsplash.com/photos/a-close-up-of-a-pair-of-blue-jeans-Y3c_Ej6BrZw)
https://images.unsplash.com/photo-1707400131124-a688ed508a95?crop=entropy&cs=tinysrgb&fit=max&fm=jpg&ixid=M3w5OTUzMzZ8MHwxfHNlYXJjaHw1MHx8amVhbnMlMjBkZW5pbSUyMHBhbnRzfGVufDF8MXx8fDE3ODQwOTI1NzB8MA&ixlib=rb-4.1.0&q=80&w=1080,Navy jeans,jeans,a man is wearing a belt and jeans,navy,8499,Siep van Groningen on Unsplash (https://unsplash.com/photos/a-man-is-wearing-a-belt-and-jeans-qUJxJORcELQ)
https://images.unsplash.com/photo-1779040621437-f74e405f07d5?crop=entropy&cs=tinysrgb&fit=max&fm=jpg&ixid=M3w5OTUzMzZ8MHwxfHNlYXJjaHw1MXx8amVhbnMlMjBkZW5pbSUyMHBhbnRzfGVufDF8MXx8fDE3ODQwOTI1NzB8MA&ixlib=rb-4.1.0&q=80&w=1080,Black jeans,jeans,Hand with ring and bracelet on black bdg jeans.,black,9299,sammy swae on Unsplash (https://unsplash.com/photos/hand-with-ring-and-bracelet-on-black-bdg-jeans-N-z0F4JM9Kg)
https://images.unsplash.com/photo-1588586948584-5bff0ace6f92?crop=entropy&cs=tinysrgb&fit=max&fm=jpg&ixid=M3w5OTUzMzZ8MHwxfHNlYXJjaHw1Mnx8amVhbnMlMjBkZW5pbSUyMHBhbnRzfGVufDF8MXx8fDE3ODQwOTI1NzB8MA&ixlib=rb-4.1.0&q=80&w=1080,Black jeans,jeans,people holding white and black poster,black,6099,Francesca Di Pasqua on Unsplash (https://unsplash.com/photos/people-holding-white-and-black-poster-4dGAvS_fcC4)
https://images.unsplash.com/photo-1624378441864-6eda7eac51cb?crop=entropy&cs=tinysrgb&fit=max&fm=jpg&ixid=M3w5OTUzMzZ8MHwxfHNlYXJjaHw1M3x8amVhbnMlMjBkZW5pbSUyMHBhbnRzfGVufDF8MXx8fDE3ODQwOTI1NzB8MA&ixlib=rb-4.1.0&q=80&w=1080,Beige jeans,jeans,blue denim jeans on white textile,beige,8499,Matthew Moloney on Unsplash (https://unsplash.com/photos/blue-denim-jeans-on-white-textile-5NPId7L1_p4)
https://images.unsplash.com/photo-1608720844387-1e43f1e9ea9f?crop=entropy&cs=tinysrgb&fit=max&fm=jpg&ixid=M3w5OTUzMzZ8MHwxfHNlYXJjaHw1NHx8amVhbnMlMjBkZW5pbSUyMHBhbnRzfGVufDF8MXx8fDE3ODQwOTI1NzB8MA&ixlib=rb-4.1.0&q=80&w=1080,Brown jeans,jeans,woman in white long sleeve shirt and blue denim jeans standing on green grass field during,brown,9099,Marzie Vafa on Unsplash (https://unsplash.com/photos/woman-in-white-long-sleeve-shirt-and-blue-denim-jeans-standing-on-green-grass-field-during-pGjVm34-ksI)
https://images.unsplash.com/photo-1617026865654-666898c6250e?crop=entropy&cs=tinysrgb&fit=max&fm=jpg&ixid=M3w5OTUzMzZ8MHwxfHNlYXJjaHw1NXx8amVhbnMlMjBkZW5pbSUyMHBhbnRzfGVufDF8MXx8fDE3ODQwOTI1NzB8MA&ixlib=rb-4.1.0&q=80&w=1080,Orange jeans,jeans,woman in black coat standing beside glass wall,orange,6949,billow926 on Unsplash (https://unsplash.com/photos/woman-in-black-coat-standing-beside-glass-wall-pkt9CPXCgsA)
https://images.unsplash.com/photo-1616945766835-f43cf889e4ce?crop=entropy&cs=tinysrgb&fit=max&fm=jpg&ixid=M3w5OTUzMzZ8MHwxfHNlYXJjaHw1Nnx8amVhbnMlMjBkZW5pbSUyMHBhbnRzfGVufDF8MXx8fDE3ODQwOTI1NzB8MA&ixlib=rb-4.1.0&q=80&w=1080,Beige jeans,jeans,2 men sitting on bench near red brick wall,beige,11499,billow926 on Unsplash (https://unsplash.com/photos/2-men-sitting-on-bench-near-red-brick-wall-12-Wc-Zgx6Y)
https://images.unsplash.com/photo-1647073890878-10915e618e64?crop=entropy&cs=tinysrgb&fit=max&fm=jpg&ixid=M3w5OTUzMzZ8MHwxfHNlYXJjaHw1N3x8amVhbnMlMjBkZW5pbSUyMHBhbnRzfGVufDF8MXx8fDE3ODQwOTI1NzB8MA&ixlib=rb-4.1.0&q=80&w=1080,Cream jeans,jeans,a young man sitting on the steps of a building,cream,5499,Dejiour Etienne on Unsplash (https://unsplash.com/photos/a-young-man-sitting-on-the-steps-of-a-building-yv-k50kpbYQ)
https://images.unsplash.com/photo-1633817821457-398ebe7d74b8?crop=entropy&cs=tinysrgb&fit=max&fm=jpg&ixid=M3w5OTUzMzZ8MHwxfHNlYXJjaHw1OHx8amVhbnMlMjBkZW5pbSUyMHBhbnRzfGVufDF8MXx8fDE3ODQwOTI1NzB8MA&ixlib=rb-4.1.0&q=80&w=1080,Navy jeans,jeans,a person sitting on a bench writing on a piece of paper,navy,9499,Steven Rector on Unsplash (https://unsplash.com/photos/a-person-sitting-on-a-bench-writing-on-a-piece-of-paper-JUqILkncsnA)
https://images.unsplash.com/photo-1617893258454-100f84a0be92?crop=entropy&cs=tinysrgb&fit=max&fm=jpg&ixid=M3w5OTUzMzZ8MHwxfHNlYXJjaHw1OXx8amVhbnMlMjBkZW5pbSUyMHBhbnRzfGVufDF8MXx8fDE3ODQwOTI1NzB8MA&ixlib=rb-4.1.0&q=80&w=1080,Grey jeans,jeans,silver link bracelet square digital watch,grey,10099,Mihai Moisa on Unsplash (https://unsplash.com/photos/silver-link-bracelet-square-digital-watch-3YYSq_26hVQ)
https://images.unsplash.com/photo-1624378442362-d3247e8126ec?crop=entropy&cs=tinysrgb&fit=max&fm=jpg&ixid=M3w5OTUzMzZ8MHwxfHNlYXJjaHw2MHx8amVhbnMlMjBkZW5pbSUyMHBhbnRzfGVufDF8MXx8fDE3ODQwOTI1NzB8MA&ixlib=rb-4.1.0&q=80&w=1080,Navy jeans,jeans,black denim bottoms on white textile,navy,8949,Matthew Moloney on Unsplash (https://unsplash.com/photos/black-denim-bottoms-on-white-textile-BBH3z2Jv0WQ)
https://images.unsplash.com/photo-1694447814836-c93ab70f7398?crop=entropy&cs=tinysrgb&fit=max&fm=jpg&ixid=M3w5OTUzMzZ8MHwxfHNlYXJjaHwxfHx0YWlsb3JlZCUyMHRyb3VzZXJzJTIwcGFudHN8ZW58MXwxfHx8MTc4NDA5MjU3Mnww&ixlib=rb-4.1.0&q=80&w=1080,Beige trousers,trousers,a mannequin wearing a black shirt and pants,beige,12899,Ramsés Cervantes on Unsplash (https://unsplash.com/photos/a-mannequin-wearing-a-black-shirt-and-pants-WNYmTVGVDhA)
https://images.unsplash.com/photo-1775831726936-c8fb3698645f?crop=entropy&cs=tinysrgb&fit=max&fm=jpg&ixid=M3w5OTUzMzZ8MHwxfHNlYXJjaHwyfHx0YWlsb3JlZCUyMHRyb3VzZXJzJTIwcGFudHN8ZW58MXwxfHx8MTc4NDA5MjU3Mnww&ixlib=rb-4.1.0&q=80&w=1080,Red trousers,trousers,Man in a red suit with a black tie,red,10149,Dwayne joe on Unsplash (https://unsplash.com/photos/man-in-a-red-suit-with-a-black-tie-s9XzXlZz_GU)
https://images.unsplash.com/photo-1778161050906-032dff978452?crop=entropy&cs=tinysrgb&fit=max&fm=jpg&ixid=M3w5OTUzMzZ8MHwxfHNlYXJjaHwzfHx0YWlsb3JlZCUyMHRyb3VzZXJzJTIwcGFudHN8ZW58MXwxfHx8MTc4NDA5MjU3Mnww&ixlib=rb-4.1.0&q=80&w=1080,Black trousers,trousers,Mannequins display hats and clothing in a shop window.,black,7849,Haberdoedas on Unsplash (https://unsplash.com/photos/mannequins-display-hats-and-clothing-in-a-shop-window-PnPIPsGqCME)
https://images.unsplash.com/photo-1611937669166-be4e0503b115?crop=entropy&cs=tinysrgb&fit=max&fm=jpg&ixid=M3w5OTUzMzZ8MHwxfHNlYXJjaHw0fHx0YWlsb3JlZCUyMHRyb3VzZXJzJTIwcGFudHN8ZW58MXwxfHx8MTc4NDA5MjU3Mnww&ixlib=rb-4.1.0&q=80&w=1080,White trousers,trousers,person in blue denim jeans and black leather shoes,white,5099,Hermes Rivera on Unsplash (https://unsplash.com/photos/person-in-blue-denim-jeans-and-black-leather-shoes-F4qWxfcd5I0)
https://images.unsplash.com/photo-1670855822901-5786604e9c40?crop=entropy&cs=tinysrgb&fit=max&fm=jpg&ixid=M3w5OTUzMzZ8MHwxfHNlYXJjaHw1fHx0YWlsb3JlZCUyMHRyb3VzZXJzJTIwcGFudHN8ZW58MXwxfHx8MTc4NDA5MjU3Mnww&ixlib=rb-4.1.0&q=80&w=1080,Cream trousers,trousers,a man in a suit and tie walking down a street,cream,4649,Rafo Navasardyan on Unsplash (https://unsplash.com/photos/a-man-in-a-suit-and-tie-walking-down-a-street-L3473EOotp4)
https://images.unsplash.com/photo-1493357335960-4583bfa6f8d9?crop=entropy&cs=tinysrgb&fit=max&fm=jpg&ixid=M3w5OTUzMzZ8MHwxfHNlYXJjaHw2fHx0YWlsb3JlZCUyMHRyb3VzZXJzJTIwcGFudHN8ZW58MXwxfHx8MTc4NDA5MjU3Mnww&ixlib=rb-4.1.0&q=80&w=1080,Green trousers,trousers,person wearing gray dress pants with camera,green,11849,Clem Onojeghuo on Unsplash (https://unsplash.com/photos/person-wearing-gray-dress-pants-with-camera-kg3N8vqvMd8)
https://images.unsplash.com/photo-1587425206783-d51b608ea87e?crop=entropy&cs=tinysrgb&fit=max&fm=jpg&ixid=M3w5OTUzMzZ8MHwxfHNlYXJjaHw3fHx0YWlsb3JlZCUyMHRyb3VzZXJzJTIwcGFudHN8ZW58MXwxfHx8MTc4NDA5MjU3Mnww&ixlib=rb-4.1.0&q=80&w=1080,Cream trousers,trousers,person in black leather shoes standing on black metal fence,cream,5399,Nathan Dumlao on Unsplash (https://unsplash.com/photos/person-in-black-leather-shoes-standing-on-black-metal-fence-kMV7q-W2c1o)
https://images.unsplash.com/photo-1775970241220-1e7116e6d941?crop=entropy&cs=tinysrgb&fit=max&fm=jpg&ixid=M3w5OTUzMzZ8MHwxfHNlYXJjaHw4fHx0YWlsb3JlZCUyMHRyb3VzZXJzJTIwcGFudHN8ZW58MXwxfHx8MTc4NDA5MjU3Mnww&ixlib=rb-4.1.0&q=80&w=1080,Beige trousers,trousers,A person wearing light-colored pants and white sneakers.,beige,11049,Hofykz on Unsplash (https://unsplash.com/photos/a-person-wearing-light-colored-pants-and-white-sneakers-Ds5LpcwCPKc)
https://images.unsplash.com/photo-1549369130-1f99f678dc12?crop=entropy&cs=tinysrgb&fit=max&fm=jpg&ixid=M3w5OTUzMzZ8MHwxfHNlYXJjaHw5fHx0YWlsb3JlZCUyMHRyb3VzZXJzJTIwcGFudHN8ZW58MXwxfHx8MTc4NDA5MjU3Mnww&ixlib=rb-4.1.0&q=80&w=1080,Navy trousers,trousers,man standing near boat during daytime,navy,10149,Zakaria Zayane on Unsplash (https://unsplash.com/photos/man-standing-near-boat-during-daytime-YPzbuRd4uac)
https://images.unsplash.com/photo-1537805530001-047815a47122?crop=entropy&cs=tinysrgb&fit=max&fm=jpg&ixid=M3w5OTUzMzZ8MHwxfHNlYXJjaHwxMHx8dGFpbG9yZWQlMjB0cm91c2VycyUyMHBhbnRzfGVufDF8MXx8fDE3ODQwOTI1NzJ8MA&ixlib=rb-4.1.0&q=80&w=1080,Green trousers,trousers,person sitting on brown wooden chair,green,5699,ASANO TAKUYA on Unsplash (https://unsplash.com/photos/person-sitting-on-brown-wooden-chair-hLEfD4-8G4I)
https://images.unsplash.com/photo-1686704223352-366336b32263?crop=entropy&cs=tinysrgb&fit=max&fm=jpg&ixid=M3w5OTUzMzZ8MHwxfHNlYXJjaHwxMXx8dGFpbG9yZWQlMjB0cm91c2VycyUyMHBhbnRzfGVufDF8MXx8fDE3ODQwOTI1NzJ8MA&ixlib=rb-4.1.0&q=80&w=1080,Beige trousers,trousers,a man standing on a sidewalk holding a camera,beige,12649,Ravi Sharma on Unsplash (https://unsplash.com/photos/a-man-standing-on-a-sidewalk-holding-a-camera-iwsIYP0miAs)
https://images.unsplash.com/photo-1741605037041-acc44c229698?crop=entropy&cs=tinysrgb&fit=max&fm=jpg&ixid=M3w5OTUzMzZ8MHwxfHNlYXJjaHwxMnx8dGFpbG9yZWQlMjB0cm91c2VycyUyMHBhbnRzfGVufDF8MXx8fDE3ODQwOTI1NzJ8MA&ixlib=rb-4.1.0&q=80&w=1080,Black trousers,trousers,Woman poses on a stool in a brown studio.,black,4549,Sergey Sokolov on Unsplash (https://unsplash.com/photos/woman-poses-on-a-stool-in-a-brown-studio-_-1BhQq6f5Q)
https://images.unsplash.com/photo-1656600277214-590de525404d?crop=entropy&cs=tinysrgb&fit=max&fm=jpg&ixid=M3w5OTUzMzZ8MHwxfHNlYXJjaHwxM3x8dGFpbG9yZWQlMjB0cm91c2VycyUyMHBhbnRzfGVufDF8MXx8fDE3ODQwOTI1NzJ8MA&ixlib=rb-4.1.0&q=80&w=1080,Cream trousers,trousers,a man standing in a desert,cream,5149,Armin Karami on Unsplash (https://unsplash.com/photos/a-man-standing-in-a-desert-9UjNfnDV2TY)
https://images.unsplash.com/photo-1624468470821-04cfd6c26097?crop=entropy&cs=tinysrgb&fit=max&fm=jpg&ixid=M3w5OTUzMzZ8MHwxfHNlYXJjaHwxNHx8dGFpbG9yZWQlMjB0cm91c2VycyUyMHBhbnRzfGVufDF8MXx8fDE3ODQwOTI1NzJ8MA&ixlib=rb-4.1.0&q=80&w=1080,White trousers,trousers,woman in black blazer and gray pants standing beside window during daytime,white,12049,Olha Ivanova on Unsplash (https://unsplash.com/photos/woman-in-black-blazer-and-gray-pants-standing-beside-window-during-daytime-KQWTmTz5c14)
https://images.unsplash.com/photo-1744632154148-f88132538363?crop=entropy&cs=tinysrgb&fit=max&fm=jpg&ixid=M3w5OTUzMzZ8MHwxfHNlYXJjaHwxNXx8dGFpbG9yZWQlMjB0cm91c2VycyUyMHBhbnRzfGVufDF8MXx8fDE3ODQwOTI1NzJ8MA&ixlib=rb-4.1.0&q=80&w=1080,Beige trousers,trousers,A man in a suit leans against a wall.,beige,6599,Rodrigo Rodrigues | WOLF Λ R T on Unsplash (https://unsplash.com/photos/a-man-in-a-suit-leans-against-a-wall-x-aicRKjU_M)
https://images.unsplash.com/photo-1697542636504-2c04164eae5a?crop=entropy&cs=tinysrgb&fit=max&fm=jpg&ixid=M3w5OTUzMzZ8MHwxfHNlYXJjaHwxNnx8dGFpbG9yZWQlMjB0cm91c2VycyUyMHBhbnRzfGVufDF8MXx8fDE3ODQwOTI1NzJ8MA&ixlib=rb-4.1.0&q=80&w=1080,Cream trousers,trousers,a man in a suit and tie standing with his hands on his hips,cream,9949,Daniil Onischenko on Unsplash (https://unsplash.com/photos/a-man-in-a-suit-and-tie-standing-with-his-hands-on-his-hips-JhSg6GF1uzo)
https://images.unsplash.com/photo-1741605037162-b1f475a4a4d3?crop=entropy&cs=tinysrgb&fit=max&fm=jpg&ixid=M3w5OTUzMzZ8MHwxfHNlYXJjaHwxN3x8dGFpbG9yZWQlMjB0cm91c2VycyUyMHBhbnRzfGVufDF8MXx8fDE3ODQwOTI1NzJ8MA&ixlib=rb-4.1.0&q=80&w=1080,Black trousers,trousers,A woman poses elegantly on a wooden stool.,black,5399,Sergey Sokolov on Unsplash (https://unsplash.com/photos/a-woman-poses-elegantly-on-a-wooden-stool-8FruAR7J1Ow)
https://images.unsplash.com/photo-1638396637969-956ca903df87?crop=entropy&cs=tinysrgb&fit=max&fm=jpg&ixid=M3w5OTUzMzZ8MHwxfHNlYXJjaHwxOHx8dGFpbG9yZWQlMjB0cm91c2VycyUyMHBhbnRzfGVufDF8MXx8fDE3ODQwOTI1NzJ8MA&ixlib=rb-4.1.0&q=80&w=1080,Beige trousers,trousers,a woman wearing a white suit and heels,beige,6149,Vlad Deep on Unsplash (https://unsplash.com/photos/a-woman-wearing-a-white-suit-and-heels-WvLzM8bYXXc)
https://images.unsplash.com/photo-1591078771377-d06325f68465?crop=entropy&cs=tinysrgb&fit=max&fm=jpg&ixid=M3w5OTUzMzZ8MHwxfHNlYXJjaHwxOXx8dGFpbG9yZWQlMjB0cm91c2VycyUyMHBhbnRzfGVufDF8MXx8fDE3ODQwOTI1NzJ8MA&ixlib=rb-4.1.0&q=80&w=1080,Navy trousers,trousers,man in white dress shirt and gray pants standing on gray rock,navy,12549,Marius Muresan on Unsplash (https://unsplash.com/photos/man-in-white-dress-shirt-and-gray-pants-standing-on-gray-rock-I9HbOBaaWs8)
https://images.unsplash.com/photo-1695889073263-ef075b376e05?crop=entropy&cs=tinysrgb&fit=max&fm=jpg&ixid=M3w5OTUzMzZ8MHwxfHNlYXJjaHwyMHx8dGFpbG9yZWQlMjB0cm91c2VycyUyMHBhbnRzfGVufDF8MXx8fDE3ODQwOTI1NzJ8MA&ixlib=rb-4.1.0&q=80&w=1080,Navy trousers,trousers,a man in a suit and tie standing in front of a tree,navy,5299,Tamara Govedarovic on Unsplash (https://unsplash.com/photos/a-man-in-a-suit-and-tie-standing-in-front-of-a-tree-JHROFvO-7z8)
https://images.unsplash.com/photo-1611937663571-51248fbe6d7a?crop=entropy&cs=tinysrgb&fit=max&fm=jpg&ixid=M3w5OTUzMzZ8MHwxfHNlYXJjaHwyMXx8dGFpbG9yZWQlMjB0cm91c2VycyUyMHBhbnRzfGVufDF8MXx8fDE3ODQwOTI1NzJ8MA&ixlib=rb-4.1.0&q=80&w=1080,White trousers,trousers,person in blue denim jeans and black leather shoes,white,11199,Hermes Rivera on Unsplash (https://unsplash.com/photos/person-in-blue-denim-jeans-and-black-leather-shoes-owF6bg7lrUI)
https://images.unsplash.com/photo-1711044541746-e7a4d3fe505d?crop=entropy&cs=tinysrgb&fit=max&fm=jpg&ixid=M3w5OTUzMzZ8MHwxfHNlYXJjaHwyMnx8dGFpbG9yZWQlMjB0cm91c2VycyUyMHBhbnRzfGVufDF8MXx8fDE3ODQwOTI1NzJ8MA&ixlib=rb-4.1.0&q=80&w=1080,Grey trousers,trousers,a person in white pants and black shoes standing on grass,grey,8849,Noman Khan on Unsplash (https://unsplash.com/photos/a-person-in-white-pants-and-black-shoes-standing-on-grass-OfQkiN2V6vA)
https://images.unsplash.com/photo-1723295635728-e7f45196482e?crop=entropy&cs=tinysrgb&fit=max&fm=jpg&ixid=M3w5OTUzMzZ8MHwxfHNlYXJjaHwyM3x8dGFpbG9yZWQlMjB0cm91c2VycyUyMHBhbnRzfGVufDF8MXx8fDE3ODQwOTI1NzJ8MA&ixlib=rb-4.1.0&q=80&w=1080,Cream trousers,trousers,A man in a suit sitting on a couch,cream,7699,Nereid Ndreu on Unsplash (https://unsplash.com/photos/a-man-in-a-suit-sitting-on-a-couch-JztnYK02_k0)
https://images.unsplash.com/photo-1697542636506-06518c5b234a?crop=entropy&cs=tinysrgb&fit=max&fm=jpg&ixid=M3w5OTUzMzZ8MHwxfHNlYXJjaHwyNHx8dGFpbG9yZWQlMjB0cm91c2VycyUyMHBhbnRzfGVufDF8MXx8fDE3ODQwOTI1NzJ8MA&ixlib=rb-4.1.0&q=80&w=1080,Beige trousers,trousers,a man in a suit and tie posing for a picture,beige,7399,Daniil Onischenko on Unsplash (https://unsplash.com/photos/a-man-in-a-suit-and-tie-posing-for-a-picture-ghbriXcWdqo)
https://images.unsplash.com/photo-1741605037045-516447152dfa?crop=entropy&cs=tinysrgb&fit=max&fm=jpg&ixid=M3w5OTUzMzZ8MHwxfHNlYXJjaHwyNXx8dGFpbG9yZWQlMjB0cm91c2VycyUyMHBhbnRzfGVufDF8MXx8fDE3ODQwOTI1NzJ8MA&ixlib=rb-4.1.0&q=80&w=1080,Black trousers,trousers,Woman posing on a stool with eyes closed.,black,7199,Sergey Sokolov on Unsplash (https://unsplash.com/photos/woman-posing-on-a-stool-with-eyes-closed-J7k1iz__sHw)
https://images.unsplash.com/photo-1647103992458-e8254f49f268?crop=entropy&cs=tinysrgb&fit=max&fm=jpg&ixid=M3w5OTUzMzZ8MHwxfHNlYXJjaHwyNnx8dGFpbG9yZWQlMjB0cm91c2VycyUyMHBhbnRzfGVufDF8MXx8fDE3ODQwOTI1NzJ8MA&ixlib=rb-4.1.0&q=80&w=1080,Navy trousers,trousers,a man in a suit standing in front of a curtain,navy,12049,Ilyas Bolatov on Unsplash (https://unsplash.com/photos/a-man-in-a-suit-standing-in-front-of-a-curtain-qJ7Ufvz9kOI)
https://images.unsplash.com/photo-1675438615778-0236f1828ac7?crop=entropy&cs=tinysrgb&fit=max&fm=jpg&ixid=M3w5OTUzMzZ8MHwxfHNlYXJjaHwyN3x8dGFpbG9yZWQlMjB0cm91c2VycyUyMHBhbnRzfGVufDF8MXx8fDE3ODQwOTI1NzJ8MA&ixlib=rb-4.1.0&q=80&w=1080,White trousers,trousers,a man in white shirt and black pants holding a pair of shoes,white,10549,Boluwatife Oguns on Unsplash (https://unsplash.com/photos/a-man-in-white-shirt-and-black-pants-holding-a-pair-of-shoes-l3Qy1ZtK1TE)
https://images.unsplash.com/photo-1731612748502-8d2ce0dc4cd2?crop=entropy&cs=tinysrgb&fit=max&fm=jpg&ixid=M3w5OTUzMzZ8MHwxfHNlYXJjaHwyOHx8dGFpbG9yZWQlMjB0cm91c2VycyUyMHBhbnRzfGVufDF8MXx8fDE3ODQwOTI1NzJ8MA&ixlib=rb-4.1.0&q=80&w=1080,Green trousers,trousers,A pair of sunglasses attached to the side of a man's pants,green,9899,Abdul Raheem Kannath on Unsplash (https://unsplash.com/photos/a-pair-of-sunglasses-attached-to-the-side-of-a-mans-pants-eFyKrQnisCA)
https://images.unsplash.com/photo-1636533105123-a47d57a99aa1?crop=entropy&cs=tinysrgb&fit=max&fm=jpg&ixid=M3w5OTUzMzZ8MHwxfHNlYXJjaHwyOXx8dGFpbG9yZWQlMjB0cm91c2VycyUyMHBhbnRzfGVufDF8MXx8fDE3ODQwOTI1NzJ8MA&ixlib=rb-4.1.0&q=80&w=1080,Beige trousers,trousers,a man standing in front of a white backdrop,beige,5649,Golf Modz on Unsplash (https://unsplash.com/photos/a-man-standing-in-front-of-a-white-backdrop-IcbvdhmQ5B4)
https://images.unsplash.com/photo-1743764252813-386dedce1a8d?crop=entropy&cs=tinysrgb&fit=max&fm=jpg&ixid=M3w5OTUzMzZ8MHwxfHNlYXJjaHwzMHx8dGFpbG9yZWQlMjB0cm91c2VycyUyMHBhbnRzfGVufDF8MXx8fDE3ODQwOTI1NzJ8MA&ixlib=rb-4.1.0&q=80&w=1080,Grey trousers,trousers,A person wears neutral colored clothing.,grey,10399,morgane leisser on Unsplash (https://unsplash.com/photos/a-person-wears-neutral-colored-clothing-OkX0fYWjPLg)
https://images.unsplash.com/photo-1711443813147-def27861b9af?crop=entropy&cs=tinysrgb&fit=max&fm=jpg&ixid=M3w5OTUzMzZ8MHwxfHNlYXJjaHwzMXx8dGFpbG9yZWQlMjB0cm91c2VycyUyMHBhbnRzfGVufDF8MXx8fDE3ODQwOTI1NzR8MA&ixlib=rb-4.1.0&q=80&w=1080,Beige trousers,trousers,"a pair of glasses, a book, and a pair of pants on a table",beige,6449,saeed karimi on Unsplash (https://unsplash.com/photos/a-pair-of-glasses-a-book-and-a-pair-of-pants-on-a-table-lBi04ECUJfw)
https://images.unsplash.com/photo-1686704223341-5e351275b9b4?crop=entropy&cs=tinysrgb&fit=max&fm=jpg&ixid=M3w5OTUzMzZ8MHwxfHNlYXJjaHwzMnx8dGFpbG9yZWQlMjB0cm91c2VycyUyMHBhbnRzfGVufDF8MXx8fDE3ODQwOTI1NzR8MA&ixlib=rb-4.1.0&q=80&w=1080,Beige trousers,trousers,a man standing on a sidewalk holding a camera,beige,9099,Ravi Sharma on Unsplash (https://unsplash.com/photos/a-man-standing-on-a-sidewalk-holding-a-camera-DI1mgd4oi0g)
https://images.unsplash.com/photo-1704261638154-be3bdfa3efc6?crop=entropy&cs=tinysrgb&fit=max&fm=jpg&ixid=M3w5OTUzMzZ8MHwxfHNlYXJjaHwzM3x8dGFpbG9yZWQlMjB0cm91c2VycyUyMHBhbnRzfGVufDF8MXx8fDE3ODQwOTI1NzR8MA&ixlib=rb-4.1.0&q=80&w=1080,Brown trousers,trousers,a man standing in front of a coffee machine,brown,7249,Jason An on Unsplash (https://unsplash.com/photos/a-man-standing-in-front-of-a-coffee-machine-CBEXGiEzLQo)
https://images.unsplash.com/photo-1696451203476-7ee3bbfc882e?crop=entropy&cs=tinysrgb&fit=max&fm=jpg&ixid=M3w5OTUzMzZ8MHwxfHNlYXJjaHwzNHx8dGFpbG9yZWQlMjB0cm91c2VycyUyMHBhbnRzfGVufDF8MXx8fDE3ODQwOTI1NzR8MA&ixlib=rb-4.1.0&q=80&w=1080,Grey trousers,trousers,a woman walking down a street in a suit and tie,grey,5399,Lance Reis on Unsplash (https://unsplash.com/photos/a-woman-walking-down-a-street-in-a-suit-and-tie-PPLu3VUy6Q8)
https://images.unsplash.com/photo-1636452147682-e624f9fc70c4?crop=entropy&cs=tinysrgb&fit=max&fm=jpg&ixid=M3w5OTUzMzZ8MHwxfHNlYXJjaHwzNXx8dGFpbG9yZWQlMjB0cm91c2VycyUyMHBhbnRzfGVufDF8MXx8fDE3ODQwOTI1NzR8MA&ixlib=rb-4.1.0&q=80&w=1080,Beige trousers,trousers,a man in a blue suit stands in front of a backdrop,beige,5749,Golf Modz on Unsplash (https://unsplash.com/photos/a-man-in-a-blue-suit-stands-in-front-of-a-backdrop-4L-ZdOiSONs)
https://images.unsplash.com/photo-1724128188868-df77f9efd48d?crop=entropy&cs=tinysrgb&fit=max&fm=jpg&ixid=M3w5OTUzMzZ8MHwxfHNlYXJjaHwzNnx8dGFpbG9yZWQlMjB0cm91c2VycyUyMHBhbnRzfGVufDF8MXx8fDE3ODQwOTI1NzR8MA&ixlib=rb-4.1.0&q=80&w=1080,White trousers,trousers,A woman standing in front of a white background,white,5049,Jadon Johnson on Unsplash (https://unsplash.com/photos/a-woman-standing-in-front-of-a-white-background-jjb7_6nvMBc)
https://images.unsplash.com/photo-1656600277220-fe7de4e9453c?crop=entropy&cs=tinysrgb&fit=max&fm=jpg&ixid=M3w5OTUzMzZ8MHwxfHNlYXJjaHwzN3x8dGFpbG9yZWQlMjB0cm91c2VycyUyMHBhbnRzfGVufDF8MXx8fDE3ODQwOTI1NzR8MA&ixlib=rb-4.1.0&q=80&w=1080,Beige trousers,trousers,a man standing in the sand,beige,5099,Armin Karami on Unsplash (https://unsplash.com/photos/a-man-standing-in-the-sand-eGoDzmxOOW8)
https://images.unsplash.com/photo-1713636221226-4bc5f65b019e?crop=entropy&cs=tinysrgb&fit=max&fm=jpg&ixid=M3w5OTUzMzZ8MHwxfHNlYXJjaHwzOHx8dGFpbG9yZWQlMjB0cm91c2VycyUyMHBhbnRzfGVufDF8MXx8fDE3ODQwOTI1NzR8MA&ixlib=rb-4.1.0&q=80&w=1080,Navy trousers,trousers,a man standing in front of a wooden door,navy,6299,Mihaela Claudia Puscas on Unsplash (https://unsplash.com/photos/a-man-standing-in-front-of-a-wooden-door-gcw4-0jNu58)
https://images.unsplash.com/photo-1540704751673-44f9dfd188c0?crop=entropy&cs=tinysrgb&fit=max&fm=jpg&ixid=M3w5OTUzMzZ8MHwxfHNlYXJjaHwzOXx8dGFpbG9yZWQlMjB0cm91c2VycyUyMHBhbnRzfGVufDF8MXx8fDE3ODQwOTI1NzR8MA&ixlib=rb-4.1.0&q=80&w=1080,Navy trousers,trousers,person wearing grey dress shirt and brown pants,navy,11749,francisco aguilar on Unsplash (https://unsplash.com/photos/person-wearing-grey-dress-shirt-and-brown-pants-giLk1T92oFs)
https://images.unsplash.com/photo-1629124096116-48743a0cea58?crop=entropy&cs=tinysrgb&fit=max&fm=jpg&ixid=M3w5OTUzMzZ8MHwxfHNlYXJjaHw0MHx8dGFpbG9yZWQlMjB0cm91c2VycyUyMHBhbnRzfGVufDF8MXx8fDE3ODQwOTI1NzR8MA&ixlib=rb-4.1.0&q=80&w=1080,Beige trousers,trousers,man in blue denim jacket and blue denim jeans holding white paper,beige,8349,Paul White on Unsplash (https://unsplash.com/photos/man-in-blue-denim-jacket-and-blue-denim-jeans-holding-white-paper-YbprtI7NbXU)
https://images.unsplash.com/photo-1641839875097-ce22925a0c85?crop=entropy&cs=tinysrgb&fit=max&fm=jpg&ixid=M3w5OTUzMzZ8MHwxfHNlYXJjaHw0MXx8dGFpbG9yZWQlMjB0cm91c2VycyUyMHBhbnRzfGVufDF8MXx8fDE3ODQwOTI1NzR8MA&ixlib=rb-4.1.0&q=80&w=1080,Beige trousers,trousers,a woman wearing a brown shirt and red pants,beige,6999,Kristina Goncharova on Unsplash (https://unsplash.com/photos/a-woman-wearing-a-brown-shirt-and-red-pants-fmtH2oxWAqU)
https://images.unsplash.com/photo-1721917113611-33f71aa9f416?crop=entropy&cs=tinysrgb&fit=max&fm=jpg&ixid=M3w5OTUzMzZ8MHwxfHNlYXJjaHw0Mnx8dGFpbG9yZWQlMjB0cm91c2VycyUyMHBhbnRzfGVufDF8MXx8fDE3ODQwOTI1NzR8MA&ixlib=rb-4.1.0&q=80&w=1080,Beige trousers,trousers,A woman sitting on a chair with her legs crossed,beige,7899,Aleksandra Sapozhnikova on Unsplash (https://unsplash.com/photos/a-woman-sitting-on-a-chair-with-her-legs-crossed-33dYR-N79aY)
https://images.unsplash.com/photo-1596768600798-159ad10ddf94?crop=entropy&cs=tinysrgb&fit=max&fm=jpg&ixid=M3w5OTUzMzZ8MHwxfHNlYXJjaHw0M3x8dGFpbG9yZWQlMjB0cm91c2VycyUyMHBhbnRzfGVufDF8MXx8fDE3ODQwOTI1NzR8MA&ixlib=rb-4.1.0&q=80&w=1080,Navy trousers,trousers,man in black blazer and white and gray plaid pants,navy,6249,Prashant Patel on Unsplash (https://unsplash.com/photos/man-in-black-blazer-and-white-and-gray-plaid-pants-CU9UO-xYC84)
https://images.unsplash.com/photo-1673180608353-63292b332e84?crop=entropy&cs=tinysrgb&fit=max&fm=jpg&ixid=M3w5OTUzMzZ8MHwxfHNlYXJjaHw0NHx8dGFpbG9yZWQlMjB0cm91c2VycyUyMHBhbnRzfGVufDF8MXx8fDE3ODQwOTI1NzR8MA&ixlib=rb-4.1.0&q=80&w=1080,Grey trousers,trousers,a woman in a black top and white pants,grey,7449,Maxim Potkin ❄ on Unsplash (https://unsplash.com/photos/a-woman-in-a-black-top-and-white-pants-fT00Ac8C440)
https://images.unsplash.com/photo-1596518997956-ffcc79417faa?crop=entropy&cs=tinysrgb&fit=max&fm=jpg&ixid=M3w5OTUzMzZ8MHwxfHNlYXJjaHw0NXx8dGFpbG9yZWQlMjB0cm91c2VycyUyMHBhbnRzfGVufDF8MXx8fDE3ODQwOTI1NzR8MA&ixlib=rb-4.1.0&q=80&w=1080,Cream trousers,trousers,man in white sweater and gray pants standing beside man in black sweater,cream,6349,Raphael Nast on Unsplash (https://unsplash.com/photos/man-in-white-sweater-and-gray-pants-standing-beside-man-in-black-sweater-INzMrCbUheU)
https://images.unsplash.com/photo-1697648266964-efd056368447?crop=entropy&cs=tinysrgb&fit=max&fm=jpg&ixid=M3w5OTUzMzZ8MHwxfHNlYXJjaHw0Nnx8dGFpbG9yZWQlMjB0cm91c2VycyUyMHBhbnRzfGVufDF8MXx8fDE3ODQwOTI1NzR8MA&ixlib=rb-4.1.0&q=80&w=1080,Navy trousers,trousers,a woman wearing a black suit and pants,navy,5999,atiyeh fathi on Unsplash (https://unsplash.com/photos/a-woman-wearing-a-black-suit-and-pants-iVYFTxHD5W4)
https://images.unsplash.com/photo-1686485238414-2444d32d8c76?crop=entropy&cs=tinysrgb&fit=max&fm=jpg&ixid=M3w5OTUzMzZ8MHwxfHNlYXJjaHw0N3x8dGFpbG9yZWQlMjB0cm91c2VycyUyMHBhbnRzfGVufDF8MXx8fDE3ODQwOTI1NzR8MA&ixlib=rb-4.1.0&q=80&w=1080,Beige trousers,trousers,a woman sitting on a chair with her legs crossed,beige,7999,Kateryna Hliznitsova on Unsplash (https://unsplash.com/photos/a-woman-sitting-on-a-chair-with-her-legs-crossed-TG44IgZiIC8)
https://images.unsplash.com/photo-1627976238251-a0191b91145b?crop=entropy&cs=tinysrgb&fit=max&fm=jpg&ixid=M3w5OTUzMzZ8MHwxfHNlYXJjaHw0OHx8dGFpbG9yZWQlMjB0cm91c2VycyUyMHBhbnRzfGVufDF8MXx8fDE3ODQwOTI1NzR8MA&ixlib=rb-4.1.0&q=80&w=1080,White trousers,trousers,man in black zip up jacket and white pants,white,6349,Ahmed Sheraz on Unsplash (https://unsplash.com/photos/man-in-black-zip-up-jacket-and-white-pants-Y5-ORenlZbo)
https://images.unsplash.com/photo-1673180597733-dafaa1e8b08b?crop=entropy&cs=tinysrgb&fit=max&fm=jpg&ixid=M3w5OTUzMzZ8MHwxfHNlYXJjaHw0OXx8dGFpbG9yZWQlMjB0cm91c2VycyUyMHBhbnRzfGVufDF8MXx8fDE3ODQwOTI1NzR8MA&ixlib=rb-4.1.0&q=80&w=1080,Green trousers,trousers,a woman standing on a sidewalk in front of a building,green,11599,Maxim Potkin ❄ on Unsplash (https://unsplash.com/photos/a-woman-standing-on-a-sidewalk-in-front-of-a-building-aKN_jHIlZQI)
https://images.unsplash.com/photo-1649566650740-cb0a625e1b40?crop=entropy&cs=tinysrgb&fit=max&fm=jpg&ixid=M3w5OTUzMzZ8MHwxfHNlYXJjaHw1MHx8dGFpbG9yZWQlMjB0cm91c2VycyUyMHBhbnRzfGVufDF8MXx8fDE3ODQwOTI1NzR8MA&ixlib=rb-4.1.0&q=80&w=1080,Navy trousers,trousers,a close up of a person wearing plaid pants,navy,7249,Jometo Design on Unsplash (https://unsplash.com/photos/a-close-up-of-a-person-wearing-plaid-pants-rrUlH3zk8rM)
https://images.unsplash.com/photo-1676989633383-4659e9ebb4a4?crop=entropy&cs=tinysrgb&fit=max&fm=jpg&ixid=M3w5OTUzMzZ8MHwxfHNlYXJjaHw1MXx8dGFpbG9yZWQlMjB0cm91c2VycyUyMHBhbnRzfGVufDF8MXx8fDE3ODQwOTI1NzR8MA&ixlib=rb-4.1.0&q=80&w=1080,Yellow trousers,trousers,a woman in red pants and a white top,yellow,11749,Gracious Steve on Unsplash (https://unsplash.com/photos/a-woman-in-red-pants-and-a-white-top-nYiPmhZzJOY)
https://images.unsplash.com/photo-1775831727278-d95ed34edf81?crop=entropy&cs=tinysrgb&fit=max&fm=jpg&ixid=M3w5OTUzMzZ8MHwxfHNlYXJjaHw1Mnx8dGFpbG9yZWQlMjB0cm91c2VycyUyMHBhbnRzfGVufDF8MXx8fDE3ODQwOTI1NzR8MA&ixlib=rb-4.1.0&q=80&w=1080,Green trousers,trousers,Two people in suits standing on grass,green,10749,Dwayne joe on Unsplash (https://unsplash.com/photos/two-people-in-suits-standing-on-grass-Ieo8PeMuhMc)
https://images.unsplash.com/photo-1627361673985-6a1352d085f3?crop=entropy&cs=tinysrgb&fit=max&fm=jpg&ixid=M3w5OTUzMzZ8MHwxfHNlYXJjaHw1M3x8dGFpbG9yZWQlMjB0cm91c2VycyUyMHBhbnRzfGVufDF8MXx8fDE3ODQwOTI1NzR8MA&ixlib=rb-4.1.0&q=80&w=1080,Beige trousers,trousers,woman in black long sleeve shirt and beige pants standing on orange sofa,beige,5949,Anh Tuan To on Unsplash (https://unsplash.com/photos/woman-in-black-long-sleeve-shirt-and-beige-pants-standing-on-orange-sofa-OCLEe5fJq60)
https://images.unsplash.com/photo-1654512697735-d7ff21350443?crop=entropy&cs=tinysrgb&fit=max&fm=jpg&ixid=M3w5OTUzMzZ8MHwxfHNlYXJjaHw1NHx8dGFpbG9yZWQlMjB0cm91c2VycyUyMHBhbnRzfGVufDF8MXx8fDE3ODQwOTI1NzR8MA&ixlib=rb-4.1.0&q=80&w=1080,White trousers,trousers,a woman in a black suit is walking,white,9899,Ivan Kazlouskij on Unsplash (https://unsplash.com/photos/a-woman-in-a-black-suit-is-walking-H61LI9mIyQk)
https://images.unsplash.com/photo-1619292843545-96ba1f41c4f4?crop=entropy&cs=tinysrgb&fit=max&fm=jpg&ixid=M3w5OTUzMzZ8MHwxfHNlYXJjaHw1NXx8dGFpbG9yZWQlMjB0cm91c2VycyUyMHBhbnRzfGVufDF8MXx8fDE3ODQwOTI1NzR8MA&ixlib=rb-4.1.0&q=80&w=1080,White trousers,trousers,woman in white crew neck t-shirt and gray pants standing beside brown wooden fence during,white,8649,Matthew Ye on Unsplash (https://unsplash.com/photos/woman-in-white-crew-neck-t-shirt-and-gray-pants-standing-beside-brown-wooden-fence-during-NxPKBxYEPpM)
https://images.unsplash.com/photo-1654013439342-0cfb07d00ba8?crop=entropy&cs=tinysrgb&fit=max&fm=jpg&ixid=M3w5OTUzMzZ8MHwxfHNlYXJjaHw1Nnx8dGFpbG9yZWQlMjB0cm91c2VycyUyMHBhbnRzfGVufDF8MXx8fDE3ODQwOTI1NzR8MA&ixlib=rb-4.1.0&q=80&w=1080,Navy trousers,trousers,a man standing in front of a wall holding a bottle,navy,6549,Reet Talreja on Unsplash (https://unsplash.com/photos/a-man-standing-in-front-of-a-wall-holding-a-bottle-HTzhPZ1iaE0)
https://images.unsplash.com/photo-1770918655041-5de83c95ccf9?crop=entropy&cs=tinysrgb&fit=max&fm=jpg&ixid=M3w5OTUzMzZ8MHwxfHNlYXJjaHw1N3x8dGFpbG9yZWQlMjB0cm91c2VycyUyMHBhbnRzfGVufDF8MXx8fDE3ODQwOTI1NzR8MA&ixlib=rb-4.1.0&q=80&w=1080,White trousers,trousers,A woman in a black crop top and blazer.,white,5299,GALINA BOGDANOVA on Unsplash (https://unsplash.com/photos/a-woman-in-a-black-crop-top-and-blazer-BjJNVibNro0)
https://images.unsplash.com/photo-1628938364552-44b9862579e5?crop=entropy&cs=tinysrgb&fit=max&fm=jpg&ixid=M3w5OTUzMzZ8MHwxfHNlYXJjaHw1OHx8dGFpbG9yZWQlMjB0cm91c2VycyUyMHBhbnRzfGVufDF8MXx8fDE3ODQwOTI1NzR8MA&ixlib=rb-4.1.0&q=80&w=1080,Navy trousers,trousers,man in gray formal suit standing on gray asphalt road during daytime,navy,10049,Amir Naseri on Unsplash (https://unsplash.com/photos/man-in-gray-formal-suit-standing-on-gray-asphalt-road-during-daytime-c3gKqsGIN18)
https://images.unsplash.com/photo-1707155531966-0626d67abd0c?crop=entropy&cs=tinysrgb&fit=max&fm=jpg&ixid=M3w5OTUzMzZ8MHwxfHNlYXJjaHw1OXx8dGFpbG9yZWQlMjB0cm91c2VycyUyMHBhbnRzfGVufDF8MXx8fDE3ODQwOTI1NzR8MA&ixlib=rb-4.1.0&q=80&w=1080,Navy trousers,trousers,a woman's hand with a ring on it,navy,9549,Diogo Ferrer on Unsplash (https://unsplash.com/photos/a-womans-hand-with-a-ring-on-it-S7hpeGZNuGI)
https://images.unsplash.com/photo-1636533105112-529fe9287b6d?crop=entropy&cs=tinysrgb&fit=max&fm=jpg&ixid=M3w5OTUzMzZ8MHwxfHNlYXJjaHw2MHx8dGFpbG9yZWQlMjB0cm91c2VycyUyMHBhbnRzfGVufDF8MXx8fDE3ODQwOTI1NzR8MA&ixlib=rb-4.1.0&q=80&w=1080,Beige trousers,trousers,a man sitting on a chair in a studio,beige,11249,Golf Modz on Unsplash (https://unsplash.com/photos/a-man-sitting-on-a-chair-in-a-studio-8U7HZ0BiAKE)
https://images.unsplash.com/photo-1708363390847-b4af54f45273?crop=entropy&cs=tinysrgb&fit=max&fm=jpg&ixid=M3w5OTUzMzZ8MHwxfHNlYXJjaHwxfHxza2lydCUyMGZhc2hpb24lMjBjbG90aGluZ3xlbnwxfDF8fHwxNzg0MDkyNTc2fDA&ixlib=rb-4.1.0&q=80&w=1080,Grey skirt,skirt,a woman with long hair wearing a white shirt and black skirt,grey,7149,Liviu Boldis on Unsplash (https://unsplash.com/photos/a-woman-with-long-hair-wearing-a-white-shirt-and-black-skirt-myWZQ5FHn9k)
https://images.unsplash.com/photo-1615898290907-0ad011905389?crop=entropy&cs=tinysrgb&fit=max&fm=jpg&ixid=M3w5OTUzMzZ8MHwxfHNlYXJjaHwyfHxza2lydCUyMGZhc2hpb24lMjBjbG90aGluZ3xlbnwxfDF8fHwxNzg0MDkyNTc2fDA&ixlib=rb-4.1.0&q=80&w=1080,Navy skirt,skirt,woman in black blazer and black and white skirt standing beside black metal stand,navy,4549,Vladimir Yelizarov on Unsplash (https://unsplash.com/photos/woman-in-black-blazer-and-black-and-white-skirt-standing-beside-black-metal-stand-8Ptqsbl_saQ)
https://images.unsplash.com/photo-1551163943-3f6a855d1153?crop=entropy&cs=tinysrgb&fit=max&fm=jpg&ixid=M3w5OTUzMzZ8MHwxfHNlYXJjaHwzfHxza2lydCUyMGZhc2hpb24lMjBjbG90aGluZ3xlbnwxfDF8fHwxNzg0MDkyNTc2fDA&ixlib=rb-4.1.0&q=80&w=1080,Navy skirt,skirt,woman sitting on chair in stage,navy,8899,Roman Khripkov on Unsplash (https://unsplash.com/photos/woman-sitting-on-chair-in-stage-tYjBScoVvhI)
https://images.unsplash.com/photo-1631408976110-3e85155760cc?crop=entropy&cs=tinysrgb&fit=max&fm=jpg&ixid=M3w5OTUzMzZ8MHwxfHNlYXJjaHw0fHxza2lydCUyMGZhc2hpb24lMjBjbG90aGluZ3xlbnwxfDF8fHwxNzg0MDkyNTc2fDA&ixlib=rb-4.1.0&q=80&w=1080,White skirt,skirt,a man with a beard wearing a kilt,white,5699,Vinicius Pittol on Unsplash (https://unsplash.com/photos/a-man-with-a-beard-wearing-a-kilt-qHg_KxHpbjw)
https://images.unsplash.com/photo-1631408281867-8557acdb16b8?crop=entropy&cs=tinysrgb&fit=max&fm=jpg&ixid=M3w5OTUzMzZ8MHwxfHNlYXJjaHw1fHxza2lydCUyMGZhc2hpb24lMjBjbG90aGluZ3xlbnwxfDF8fHwxNzg0MDkyNTc2fDA&ixlib=rb-4.1.0&q=80&w=1080,White skirt,skirt,a man standing in front of a building holding a cell phone,white,5699,Vinicius Pittol on Unsplash (https://unsplash.com/photos/a-man-standing-in-front-of-a-building-holding-a-cell-phone-WwHYzJOBWWw)
https://images.unsplash.com/photo-1561012020-355e6f23ec24?crop=entropy&cs=tinysrgb&fit=max&fm=jpg&ixid=M3w5OTUzMzZ8MHwxfHNlYXJjaHw2fHxza2lydCUyMGZhc2hpb24lMjBjbG90aGluZ3xlbnwxfDF8fHwxNzg0MDkyNTc2fDA&ixlib=rb-4.1.0&q=80&w=1080,Green skirt,skirt,woman wearing pink dress,green,6499,Yamaitrop Vioreenlack on Unsplash (https://unsplash.com/photos/woman-wearing-pink-dress-H9tqhwL_klY)
https://images.unsplash.com/photo-1774380543796-17324581a070?crop=entropy&cs=tinysrgb&fit=max&fm=jpg&ixid=M3w5OTUzMzZ8MHwxfHNlYXJjaHw3fHxza2lydCUyMGZhc2hpb24lMjBjbG90aGluZ3xlbnwxfDF8fHwxNzg0MDkyNTc2fDA&ixlib=rb-4.1.0&q=80&w=1080,Black skirt,skirt,Woman with henna tattoos holding a black handbag,black,8899,Dion Martins on Unsplash (https://unsplash.com/photos/woman-with-henna-tattoos-holding-a-black-handbag-N0irOm9PCZU)
https://images.unsplash.com/photo-1637227314917-3c0f595c3596?crop=entropy&cs=tinysrgb&fit=max&fm=jpg&ixid=M3w5OTUzMzZ8MHwxfHNlYXJjaHw4fHxza2lydCUyMGZhc2hpb24lMjBjbG90aGluZ3xlbnwxfDF8fHwxNzg0MDkyNTc2fDA&ixlib=rb-4.1.0&q=80&w=1080,Beige skirt,skirt,a woman wearing a pink shirt and a blue purse,beige,6349,Gabrielle Henderson on Unsplash (https://unsplash.com/photos/a-woman-wearing-a-pink-shirt-and-a-blue-purse-wmTe-eu6RqA)
https://images.unsplash.com/photo-1582410631768-84308c9fba82?crop=entropy&cs=tinysrgb&fit=max&fm=jpg&ixid=M3w5OTUzMzZ8MHwxfHNlYXJjaHw5fHxza2lydCUyMGZhc2hpb24lMjBjbG90aGluZ3xlbnwxfDF8fHwxNzg0MDkyNTc2fDA&ixlib=rb-4.1.0&q=80&w=1080,White skirt,skirt,woman in white long sleeve shirt standing beside railings during daytime,white,8749,Heber Barahona on Unsplash (https://unsplash.com/photos/woman-in-white-long-sleeve-shirt-standing-beside-railings-during-daytime-_RsDR1nsKTY)
https://images.unsplash.com/photo-1763256294122-75813e8ed730?crop=entropy&cs=tinysrgb&fit=max&fm=jpg&ixid=M3w5OTUzMzZ8MHwxfHNlYXJjaHwxMHx8c2tpcnQlMjBmYXNoaW9uJTIwY2xvdGhpbmd8ZW58MXwxfHx8MTc4NDA5MjU3Nnww&ixlib=rb-4.1.0&q=80&w=1080,Navy skirt,skirt,Woman with braided hair and patterned skirt posing.,navy,6099,Ufoma Ojo on Unsplash (https://unsplash.com/photos/woman-with-braided-hair-and-patterned-skirt-posing-faJ2X-8780U)
https://images.unsplash.com/photo-1763256293894-33a149cd9fc7?crop=entropy&cs=tinysrgb&fit=max&fm=jpg&ixid=M3w5OTUzMzZ8MHwxfHNlYXJjaHwxMXx8c2tpcnQlMjBmYXNoaW9uJTIwY2xvdGhpbmd8ZW58MXwxfHx8MTc4NDA5MjU3Nnww&ixlib=rb-4.1.0&q=80&w=1080,Grey skirt,skirt,"Woman in a tiered, patterned skirt and black turtleneck.",grey,4949,Ufoma Ojo on Unsplash (https://unsplash.com/photos/woman-in-a-tiered-patterned-skirt-and-black-turtleneck-SFYtaRhG28c)
https://images.unsplash.com/photo-1758186168047-00dd2621d27f?crop=entropy&cs=tinysrgb&fit=max&fm=jpg&ixid=M3w5OTUzMzZ8MHwxfHNlYXJjaHwxMnx8c2tpcnQlMjBmYXNoaW9uJTIwY2xvdGhpbmd8ZW58MXwxfHx8MTc4NDA5MjU3Nnww&ixlib=rb-4.1.0&q=80&w=1080,Grey skirt,skirt,Woman in long white skirt walking on tiled floor,grey,4149,Phuong Nguyen on Unsplash (https://unsplash.com/photos/woman-in-long-white-skirt-walking-on-tiled-floor-m6AGYiY-2Z8)
https://images.unsplash.com/photo-1574413230698-f80892c96e13?crop=entropy&cs=tinysrgb&fit=max&fm=jpg&ixid=M3w5OTUzMzZ8MHwxfHNlYXJjaHwxM3x8c2tpcnQlMjBmYXNoaW9uJTIwY2xvdGhpbmd8ZW58MXwxfHx8MTc4NDA5MjU3Nnww&ixlib=rb-4.1.0&q=80&w=1080,Cream skirt,skirt,woman in blue denim jacket walking on concrete pathway,cream,5749,Apostolos Vamvouras on Unsplash (https://unsplash.com/photos/woman-in-blue-denim-jacket-walking-on-concrete-pathway-zNcTmT0iYTM)
https://images.unsplash.com/photo-1677680127378-2525b64715b7?crop=entropy&cs=tinysrgb&fit=max&fm=jpg&ixid=M3w5OTUzMzZ8MHwxfHNlYXJjaHwxNHx8c2tpcnQlMjBmYXNoaW9uJTIwY2xvdGhpbmd8ZW58MXwxfHx8MTc4NDA5MjU3Nnww&ixlib=rb-4.1.0&q=80&w=1080,Green skirt,skirt,a woman in a short skirt and boots leaning against a wall,green,7499,1MilliKarat on Unsplash (https://unsplash.com/photos/a-woman-in-a-short-skirt-and-boots-leaning-against-a-wall-HpPGiZollBM)
https://images.unsplash.com/photo-1781510537033-bcde1aad206b?crop=entropy&cs=tinysrgb&fit=max&fm=jpg&ixid=M3w5OTUzMzZ8MHwxfHNlYXJjaHwxNXx8c2tpcnQlMjBmYXNoaW9uJTIwY2xvdGhpbmd8ZW58MXwxfHx8MTc4NDA5MjU3Nnww&ixlib=rb-4.1.0&q=80&w=1080,Beige skirt,skirt,Stylish woman in a striped skirt posing under green trees.,beige,6099,Michael Kyule on Unsplash (https://unsplash.com/photos/stylish-woman-in-a-striped-skirt-posing-under-green-trees-KznfmLs6tJc)
https://images.unsplash.com/photo-1762342676887-bf683bb21695?crop=entropy&cs=tinysrgb&fit=max&fm=jpg&ixid=M3w5OTUzMzZ8MHwxfHNlYXJjaHwxNnx8c2tpcnQlMjBmYXNoaW9uJTIwY2xvdGhpbmd8ZW58MXwxfHx8MTc4NDA5MjU3Nnww&ixlib=rb-4.1.0&q=80&w=1080,Cream skirt,skirt,Young woman in a black top and white skirt sitting.,cream,7749,Zulfugar Karimov on Unsplash (https://unsplash.com/photos/young-woman-in-a-black-top-and-white-skirt-sitting-LSuulpFI270)
https://images.unsplash.com/photo-1763256293902-da185662da29?crop=entropy&cs=tinysrgb&fit=max&fm=jpg&ixid=M3w5OTUzMzZ8MHwxfHNlYXJjaHwxN3x8c2tpcnQlMjBmYXNoaW9uJTIwY2xvdGhpbmd8ZW58MXwxfHx8MTc4NDA5MjU3Nnww&ixlib=rb-4.1.0&q=80&w=1080,Black skirt,skirt,Woman with braided hair and colorful skirt,black,4899,Ufoma Ojo on Unsplash (https://unsplash.com/photos/woman-with-braided-hair-and-colorful-skirt-l0NAbuRtOWE)
https://images.unsplash.com/photo-1720200595763-9733fa33c259?crop=entropy&cs=tinysrgb&fit=max&fm=jpg&ixid=M3w5OTUzMzZ8MHwxfHNlYXJjaHwxOXx8c2tpcnQlMjBmYXNoaW9uJTIwY2xvdGhpbmd8ZW58MXwxfHx8MTc4NDA5MjU3Nnww&ixlib=rb-4.1.0&q=80&w=1080,Black skirt,skirt,A woman in a black and white dress is dancing,black,7149,Vasi on Unsplash (https://unsplash.com/photos/a-woman-in-a-black-and-white-dress-is-dancing-c_zNpvkhRnY)
https://images.unsplash.com/photo-1646054224885-f978f5798312?crop=entropy&cs=tinysrgb&fit=max&fm=jpg&ixid=M3w5OTUzMzZ8MHwxfHNlYXJjaHwyMHx8c2tpcnQlMjBmYXNoaW9uJTIwY2xvdGhpbmd8ZW58MXwxfHx8MTc4NDA5MjU3Nnww&ixlib=rb-4.1.0&q=80&w=1080,White skirt,skirt,a woman wearing a skirt and a white sweater,white,6899,Sarah Crego on Unsplash (https://unsplash.com/photos/a-woman-wearing-a-skirt-and-a-white-sweater-Aiaz3O6I8Y0)
https://images.unsplash.com/photo-1774380255851-72e8a36d7a59?crop=entropy&cs=tinysrgb&fit=max&fm=jpg&ixid=M3w5OTUzMzZ8MHwxfHNlYXJjaHwyMXx8c2tpcnQlMjBmYXNoaW9uJTIwY2xvdGhpbmd8ZW58MXwxfHx8MTc4NDA5MjU3Nnww&ixlib=rb-4.1.0&q=80&w=1080,White skirt,skirt,A woman in a flowing colorful skirt and white top.,white,5949,Dion Martins on Unsplash (https://unsplash.com/photos/a-woman-in-a-flowing-colorful-skirt-and-white-top-plOUn-kWZ3o)
https://images.unsplash.com/photo-1645070494775-2ea0be9af5a6?crop=entropy&cs=tinysrgb&fit=max&fm=jpg&ixid=M3w5OTUzMzZ8MHwxfHNlYXJjaHwyMnx8c2tpcnQlMjBmYXNoaW9uJTIwY2xvdGhpbmd8ZW58MXwxfHx8MTc4NDA5MjU3Nnww&ixlib=rb-4.1.0&q=80&w=1080,Navy skirt,skirt,a woman wearing a polka dot hat and a red skirt,navy,5949,Dynamic Wang on Unsplash (https://unsplash.com/photos/a-woman-wearing-a-polka-dot-hat-and-a-red-skirt-6HQZEDzH5jE)
https://images.unsplash.com/photo-1763256294262-f09736325697?crop=entropy&cs=tinysrgb&fit=max&fm=jpg&ixid=M3w5OTUzMzZ8MHwxfHNlYXJjaHwyM3x8c2tpcnQlMjBmYXNoaW9uJTIwY2xvdGhpbmd8ZW58MXwxfHx8MTc4NDA5MjU3Nnww&ixlib=rb-4.1.0&q=80&w=1080,Navy skirt,skirt,Woman in a colorful ruffled skirt and black turtleneck.,navy,6699,Ufoma Ojo on Unsplash (https://unsplash.com/photos/woman-in-a-colorful-ruffled-skirt-and-black-turtleneck-6MkzgfkX74s)
https://images.unsplash.com/photo-1677680128514-07dacfcfbc38?crop=entropy&cs=tinysrgb&fit=max&fm=jpg&ixid=M3w5OTUzMzZ8MHwxfHNlYXJjaHwyNHx8c2tpcnQlMjBmYXNoaW9uJTIwY2xvdGhpbmd8ZW58MXwxfHx8MTc4NDA5MjU3Nnww&ixlib=rb-4.1.0&q=80&w=1080,Green skirt,skirt,a woman in a short skirt and black shirt,green,4099,1MilliKarat on Unsplash (https://unsplash.com/photos/a-woman-in-a-short-skirt-and-black-shirt-RU_c9YyztJY)
https://images.unsplash.com/photo-1763256294121-303b83e7e767?crop=entropy&cs=tinysrgb&fit=max&fm=jpg&ixid=M3w5OTUzMzZ8MHwxfHNlYXJjaHwyNXx8c2tpcnQlMjBmYXNoaW9uJTIwY2xvdGhpbmd8ZW58MXwxfHx8MTc4NDA5MjU3Nnww&ixlib=rb-4.1.0&q=80&w=1080,Grey skirt,skirt,Woman in tiered patterned skirt and black turtleneck,grey,8899,Ufoma Ojo on Unsplash (https://unsplash.com/photos/woman-in-tiered-patterned-skirt-and-black-turtleneck-KysymdDEj-M)
https://images.unsplash.com/photo-1762343041573-aa2827852bc9?crop=entropy&cs=tinysrgb&fit=max&fm=jpg&ixid=M3w5OTUzMzZ8MHwxfHNlYXJjaHwyNnx8c2tpcnQlMjBmYXNoaW9uJTIwY2xvdGhpbmd8ZW58MXwxfHx8MTc4NDA5MjU3Nnww&ixlib=rb-4.1.0&q=80&w=1080,Cream skirt,skirt,Young woman in a black top and white skirt poses.,cream,7899,Zulfugar Karimov on Unsplash (https://unsplash.com/photos/young-woman-in-a-black-top-and-white-skirt-poses-21OgHAVLaGM)
https://images.unsplash.com/photo-1551180452-cc3ca222cdfb?crop=entropy&cs=tinysrgb&fit=max&fm=jpg&ixid=M3w5OTUzMzZ8MHwxfHNlYXJjaHwyN3x8c2tpcnQlMjBmYXNoaW9uJTIwY2xvdGhpbmd8ZW58MXwxfHx8MTc4NDA5MjU3Nnww&ixlib=rb-4.1.0&q=80&w=1080,Beige skirt,skirt,woman wearing pink and gray dress,beige,3299,Olga Guryanova on Unsplash (https://unsplash.com/photos/woman-wearing-pink-and-gray-dress-8GIvE_7VjIc)
https://images.unsplash.com/photo-1763256293918-6d40f1439fa3?crop=entropy&cs=tinysrgb&fit=max&fm=jpg&ixid=M3w5OTUzMzZ8MHwxfHNlYXJjaHwyOHx8c2tpcnQlMjBmYXNoaW9uJTIwY2xvdGhpbmd8ZW58MXwxfHx8MTc4NDA5MjU3Nnww&ixlib=rb-4.1.0&q=80&w=1080,Navy skirt,skirt,Woman in a colorful tiered skirt and black turtleneck,navy,5349,Ufoma Ojo on Unsplash (https://unsplash.com/photos/woman-in-a-colorful-tiered-skirt-and-black-turtleneck-xBCfT5KKAk0)
https://images.unsplash.com/photo-1779399146690-03ae1211b456?crop=entropy&cs=tinysrgb&fit=max&fm=jpg&ixid=M3w5OTUzMzZ8MHwxfHNlYXJjaHwyOXx8c2tpcnQlMjBmYXNoaW9uJTIwY2xvdGhpbmd8ZW58MXwxfHx8MTc4NDA5MjU3Nnww&ixlib=rb-4.1.0&q=80&w=1080,Cream skirt,skirt,"Woman wearing a strapless top, patterned denim, and red boots.",cream,3699,ola szkolda on Unsplash (https://unsplash.com/photos/woman-wearing-a-strapless-top-patterned-denim-and-red-boots-JQv_5vOs0Ps)
https://images.unsplash.com/photo-1582800093065-3bca10dd2c98?crop=entropy&cs=tinysrgb&fit=max&fm=jpg&ixid=M3w5OTUzMzZ8MHwxfHNlYXJjaHwzMHx8c2tpcnQlMjBmYXNoaW9uJTIwY2xvdGhpbmd8ZW58MXwxfHx8MTc4NDA5MjU3Nnww&ixlib=rb-4.1.0&q=80&w=1080,Navy skirt,skirt,woman in red dress and white shoes standing on gray concrete stairs,navy,3349,Kamal Kant on Unsplash (https://unsplash.com/photos/woman-in-red-dress-and-white-shoes-standing-on-gray-concrete-stairs-x-BHBlnbJoY)
https://images.unsplash.com/photo-1774380543814-6370ab1a1c42?crop=entropy&cs=tinysrgb&fit=max&fm=jpg&ixid=M3w5OTUzMzZ8MHwxfHNlYXJjaHwzMXx8c2tpcnQlMjBmYXNoaW9uJTIwY2xvdGhpbmd8ZW58MXwxfHx8MTc4NDA5MjU3N3ww&ixlib=rb-4.1.0&q=80&w=1080,White skirt,skirt,Woman flexing arm in a colorful skirt,white,5749,Dion Martins on Unsplash (https://unsplash.com/photos/woman-flexing-arm-in-a-colorful-skirt-ctkcWOWceVI)
https://images.unsplash.com/photo-1783379800024-ee203699d0b0?crop=entropy&cs=tinysrgb&fit=max&fm=jpg&ixid=M3w5OTUzMzZ8MHwxfHNlYXJjaHwzMnx8c2tpcnQlMjBmYXNoaW9uJTIwY2xvdGhpbmd8ZW58MXwxfHx8MTc4NDA5MjU3N3ww&ixlib=rb-4.1.0&q=80&w=1080,Navy skirt,skirt,"Woman wearing green patterned top, black skirt, and silver heels",navy,4549,Ben Iwara on Unsplash (https://unsplash.com/photos/woman-wearing-green-patterned-top-black-skirt-and-silver-heels-p6kDN8oeDOU)
https://images.unsplash.com/photo-1762343036425-f20316fd98ed?crop=entropy&cs=tinysrgb&fit=max&fm=jpg&ixid=M3w5OTUzMzZ8MHwxfHNlYXJjaHwzM3x8c2tpcnQlMjBmYXNoaW9uJTIwY2xvdGhpbmd8ZW58MXwxfHx8MTc4NDA5MjU3N3ww&ixlib=rb-4.1.0&q=80&w=1080,Cream skirt,skirt,Woman in black top and white skirt by railing,cream,4499,Zulfugar Karimov on Unsplash (https://unsplash.com/photos/woman-in-black-top-and-white-skirt-by-railing-9rf-Sg3sDMk)
https://images.unsplash.com/photo-1779399157872-281a5ed3c2c3?crop=entropy&cs=tinysrgb&fit=max&fm=jpg&ixid=M3w5OTUzMzZ8MHwxfHNlYXJjaHwzNHx8c2tpcnQlMjBmYXNoaW9uJTIwY2xvdGhpbmd8ZW58MXwxfHx8MTc4NDA5MjU3N3ww&ixlib=rb-4.1.0&q=80&w=1080,Cream skirt,skirt,"Woman poses in denim skirt, strapless top, and red boots.",cream,3149,ola szkolda on Unsplash (https://unsplash.com/photos/woman-poses-in-denim-skirt-strapless-top-and-red-boots-IV1VqyAIjMI)
https://images.unsplash.com/photo-1780541249483-971a51694f31?crop=entropy&cs=tinysrgb&fit=max&fm=jpg&ixid=M3w5OTUzMzZ8MHwxfHNlYXJjaHwzNXx8c2tpcnQlMjBmYXNoaW9uJTIwY2xvdGhpbmd8ZW58MXwxfHx8MTc4NDA5MjU3N3ww&ixlib=rb-4.1.0&q=80&w=1080,White skirt,skirt,Stylish woman in black and white looks back at camera.,white,4549,Michael Kyule on Unsplash (https://unsplash.com/photos/stylish-woman-in-black-and-white-looks-back-at-camera-R8-M90v_F4U)
https://images.unsplash.com/photo-1762342685668-a76f1a57d7d1?crop=entropy&cs=tinysrgb&fit=max&fm=jpg&ixid=M3w5OTUzMzZ8MHwxfHNlYXJjaHwzNnx8c2tpcnQlMjBmYXNoaW9uJTIwY2xvdGhpbmd8ZW58MXwxfHx8MTc4NDA5MjU3N3ww&ixlib=rb-4.1.0&q=80&w=1080,Cream skirt,skirt,Woman in black top and white skirt by the water,cream,6499,Zulfugar Karimov on Unsplash (https://unsplash.com/photos/woman-in-black-top-and-white-skirt-by-the-water-6nf5xPLamY4)
https://images.unsplash.com/photo-1763766273194-2b47767adba3?crop=entropy&cs=tinysrgb&fit=max&fm=jpg&ixid=M3w5OTUzMzZ8MHwxfHNlYXJjaHwzN3x8c2tpcnQlMjBmYXNoaW9uJTIwY2xvdGhpbmd8ZW58MXwxfHx8MTc4NDA5MjU3N3ww&ixlib=rb-4.1.0&q=80&w=1080,Black skirt,skirt,Woman with curly gray hair in black dress,black,4349,Reza Shahriari on Unsplash (https://unsplash.com/photos/woman-with-curly-gray-hair-in-black-dress-L_fHeUvANfk)
https://images.unsplash.com/photo-1714567052311-1bb148528e3a?crop=entropy&cs=tinysrgb&fit=max&fm=jpg&ixid=M3w5OTUzMzZ8MHwxfHNlYXJjaHwzOHx8c2tpcnQlMjBmYXNoaW9uJTIwY2xvdGhpbmd8ZW58MXwxfHx8MTc4NDA5MjU3N3ww&ixlib=rb-4.1.0&q=80&w=1080,Brown skirt,skirt,a person in a dress and sneakers standing on a dirt road,brown,5699,Lika Yer on Unsplash (https://unsplash.com/photos/a-person-in-a-dress-and-sneakers-standing-on-a-dirt-road-N8vwECbT2pw)
https://images.unsplash.com/photo-1778590328057-5cb7f6af0d2d?crop=entropy&cs=tinysrgb&fit=max&fm=jpg&ixid=M3w5OTUzMzZ8MHwxfHNlYXJjaHwzOXx8c2tpcnQlMjBmYXNoaW9uJTIwY2xvdGhpbmd8ZW58MXwxfHx8MTc4NDA5MjU3N3ww&ixlib=rb-4.1.0&q=80&w=1080,Black skirt,skirt,Young woman in denim jacket and black skirt outdoors,black,8749,Alina Degli on Unsplash (https://unsplash.com/photos/young-woman-in-denim-jacket-and-black-skirt-outdoors-H3BwATQFSqQ)
https://images.unsplash.com/photo-1772723347968-33fe581852b7?crop=entropy&cs=tinysrgb&fit=max&fm=jpg&ixid=M3w5OTUzMzZ8MHwxfHNlYXJjaHw0MHx8c2tpcnQlMjBmYXNoaW9uJTIwY2xvdGhpbmd8ZW58MXwxfHx8MTc4NDA5MjU3N3ww&ixlib=rb-4.1.0&q=80&w=1080,Cream skirt,skirt,A woman in a white tiered skirt outdoors on grass,cream,7149,Brooke Balentine on Unsplash (https://unsplash.com/photos/a-woman-in-a-white-tiered-skirt-outdoors-on-grass-4hzlbwh4H2g)
https://images.unsplash.com/photo-1562041350-7778a082a797?crop=entropy&cs=tinysrgb&fit=max&fm=jpg&ixid=M3w5OTUzMzZ8MHwxfHNlYXJjaHw0MXx8c2tpcnQlMjBmYXNoaW9uJTIwY2xvdGhpbmd8ZW58MXwxfHx8MTc4NDA5MjU3N3ww&ixlib=rb-4.1.0&q=80&w=1080,Cream skirt,skirt,woman standing beside wall,cream,7499,Yamaitrop Vioreenlack on Unsplash (https://unsplash.com/photos/woman-standing-beside-wall-Ww8eY4LFrfc)
https://images.unsplash.com/photo-1754639544919-ea4d1cff7dce?crop=entropy&cs=tinysrgb&fit=max&fm=jpg&ixid=M3w5OTUzMzZ8MHwxfHNlYXJjaHw0Mnx8c2tpcnQlMjBmYXNoaW9uJTIwY2xvdGhpbmd8ZW58MXwxfHx8MTc4NDA5MjU3N3ww&ixlib=rb-4.1.0&q=80&w=1080,Navy skirt,skirt,Woman in black headscarf and white skirt,navy,3899,Sina Malek on Unsplash (https://unsplash.com/photos/woman-in-black-headscarf-and-white-skirt-BThVdI0ezZA)
https://images.unsplash.com/photo-1779150182406-accea37308c8?crop=entropy&cs=tinysrgb&fit=max&fm=jpg&ixid=M3w5OTUzMzZ8MHwxfHNlYXJjaHw0M3x8c2tpcnQlMjBmYXNoaW9uJTIwY2xvdGhpbmd8ZW58MXwxfHx8MTc4NDA5MjU3N3ww&ixlib=rb-4.1.0&q=80&w=1080,White skirt,skirt,Woman in white blazer and skirt walking on city street.,white,7549,Waylon Hobson on Unsplash (https://unsplash.com/photos/woman-in-white-blazer-and-skirt-walking-on-city-street-kMuS4Jm_eQ8)
https://images.unsplash.com/photo-1619627826693-8b40c611ca59?crop=entropy&cs=tinysrgb&fit=max&fm=jpg&ixid=M3w5OTUzMzZ8MHwxfHNlYXJjaHw0NHx8c2tpcnQlMjBmYXNoaW9uJTIwY2xvdGhpbmd8ZW58MXwxfHx8MTc4NDA5MjU3N3ww&ixlib=rb-4.1.0&q=80&w=1080,Navy skirt,skirt,woman in black and white floral shirt and blue skirt standing near brown wooden fence during,navy,7099,Edward Howell on Unsplash (https://unsplash.com/photos/woman-in-black-and-white-floral-shirt-and-blue-skirt-standing-near-brown-wooden-fence-during-lvv7YpLB4dg)
https://images.unsplash.com/photo-1771729262805-f8ea73f53c98?crop=entropy&cs=tinysrgb&fit=max&fm=jpg&ixid=M3w5OTUzMzZ8MHwxfHNlYXJjaHw0NXx8c2tpcnQlMjBmYXNoaW9uJTIwY2xvdGhpbmd8ZW58MXwxfHx8MTc4NDA5MjU3N3ww&ixlib=rb-4.1.0&q=80&w=1080,Brown skirt,skirt,Woman with handbag on subway platform,brown,6299,wael altawil on Unsplash (https://unsplash.com/photos/woman-with-handbag-on-subway-platform-TGG2fBFmQag)
https://images.unsplash.com/photo-1762342648495-39c28e042a46?crop=entropy&cs=tinysrgb&fit=max&fm=jpg&ixid=M3w5OTUzMzZ8MHwxfHNlYXJjaHw0Nnx8c2tpcnQlMjBmYXNoaW9uJTIwY2xvdGhpbmd8ZW58MXwxfHx8MTc4NDA5MjU3N3ww&ixlib=rb-4.1.0&q=80&w=1080,Cream skirt,skirt,Woman in black top and white skirt sitting outdoors,cream,8349,Zulfugar Karimov on Unsplash (https://unsplash.com/photos/woman-in-black-top-and-white-skirt-sitting-outdoors-usMkdKwFT-A)
https://images.unsplash.com/photo-1780355772246-6c1147a7a5db?crop=entropy&cs=tinysrgb&fit=max&fm=jpg&ixid=M3w5OTUzMzZ8MHwxfHNlYXJjaHw0N3x8c2tpcnQlMjBmYXNoaW9uJTIwY2xvdGhpbmd8ZW58MXwxfHx8MTc4NDA5MjU3N3ww&ixlib=rb-4.1.0&q=80&w=1080,Green skirt,skirt,Young blonde woman in sunglasses on a cobblestone street.,green,4899,Oksana Kurochkina on Unsplash (https://unsplash.com/photos/young-blonde-woman-in-sunglasses-on-a-cobblestone-street-lwSOArQQpeo)
https://images.unsplash.com/photo-1779406167158-e31a9fd91a46?crop=entropy&cs=tinysrgb&fit=max&fm=jpg&ixid=M3w5OTUzMzZ8MHwxfHNlYXJjaHw0OHx8c2tpcnQlMjBmYXNoaW9uJTIwY2xvdGhpbmd8ZW58MXwxfHx8MTc4NDA5MjU3N3ww&ixlib=rb-4.1.0&q=80&w=1080,Cream skirt,skirt,Young woman poses in a white shirt and green mini-skirt.,cream,8899,ola szkolda on Unsplash (https://unsplash.com/photos/young-woman-poses-in-a-white-shirt-and-green-mini-skirt-pL3wnc_fePw)
https://images.unsplash.com/photo-1779399147755-cb3c1a62c3de?crop=entropy&cs=tinysrgb&fit=max&fm=jpg&ixid=M3w5OTUzMzZ8MHwxfHNlYXJjaHw0OXx8c2tpcnQlMjBmYXNoaW9uJTIwY2xvdGhpbmd8ZW58MXwxfHx8MTc4NDA5MjU3N3ww&ixlib=rb-4.1.0&q=80&w=1080,Cream skirt,skirt,A woman in a black feathered top and leather skirt.,cream,4099,ola szkolda on Unsplash (https://unsplash.com/photos/a-woman-in-a-black-feathered-top-and-leather-skirt-NkF09FGrh08)
https://images.unsplash.com/photo-1783665617378-2db4448380a9?crop=entropy&cs=tinysrgb&fit=max&fm=jpg&ixid=M3w5OTUzMzZ8MHwxfHNlYXJjaHw1MHx8c2tpcnQlMjBmYXNoaW9uJTIwY2xvdGhpbmd8ZW58MXwxfHx8MTc4NDA5MjU3N3ww&ixlib=rb-4.1.0&q=80&w=1080,Navy skirt,skirt,Woman in striped top and dark skirt against a wall.,navy,8749,arman grigoryan on Unsplash (https://unsplash.com/photos/woman-in-striped-top-and-dark-skirt-against-a-wall-3QnW4zv6uQM)
https://images.unsplash.com/photo-1768745534103-138debdf5ee3?crop=entropy&cs=tinysrgb&fit=max&fm=jpg&ixid=M3w5OTUzMzZ8MHwxfHNlYXJjaHw1MXx8c2tpcnQlMjBmYXNoaW9uJTIwY2xvdGhpbmd8ZW58MXwxfHx8MTc4NDA5MjU3N3ww&ixlib=rb-4.1.0&q=80&w=1080,White skirt,skirt,Woman in brown winter outfit sitting on stool,white,8949,Prateek Saxena on Unsplash (https://unsplash.com/photos/woman-in-brown-winter-outfit-sitting-on-stool-mr7I1BRz1zI)
https://images.unsplash.com/photo-1774773136765-e9fede3f12e9?crop=entropy&cs=tinysrgb&fit=max&fm=jpg&ixid=M3w5OTUzMzZ8MHwxfHNlYXJjaHw1Mnx8c2tpcnQlMjBmYXNoaW9uJTIwY2xvdGhpbmd8ZW58MXwxfHx8MTc4NDA5MjU3N3ww&ixlib=rb-4.1.0&q=80&w=1080,Navy skirt,skirt,Woman in pink skirt with small white dog,navy,8499,Michael Kyule on Unsplash (https://unsplash.com/photos/woman-in-pink-skirt-with-small-white-dog-Ig8Jkm058hQ)
https://images.unsplash.com/photo-1777979156065-a7f6bc70ab2d?crop=entropy&cs=tinysrgb&fit=max&fm=jpg&ixid=M3w5OTUzMzZ8MHwxfHNlYXJjaHw1M3x8c2tpcnQlMjBmYXNoaW9uJTIwY2xvdGhpbmd8ZW58MXwxfHx8MTc4NDA5MjU3N3ww&ixlib=rb-4.1.0&q=80&w=1080,Navy skirt,skirt,A woman with long red hair wearing a denim skirt,navy,7299,Narbeh Arakil on Unsplash (https://unsplash.com/photos/a-woman-with-long-red-hair-wearing-a-denim-skirt--14-wQUZ3kA)
https://images.unsplash.com/photo-1762337675169-b5376c1a7bac?crop=entropy&cs=tinysrgb&fit=max&fm=jpg&ixid=M3w5OTUzMzZ8MHwxfHNlYXJjaHw1NHx8c2tpcnQlMjBmYXNoaW9uJTIwY2xvdGhpbmd8ZW58MXwxfHx8MTc4NDA5MjU3N3ww&ixlib=rb-4.1.0&q=80&w=1080,Beige skirt,skirt,Woman in leopard print skirt and white top stands outside.,beige,8349,Zulfugar Karimov on Unsplash (https://unsplash.com/photos/woman-in-leopard-print-skirt-and-white-top-stands-outside-RxGttZoT-OI)
https://images.unsplash.com/photo-1762342678733-b0a6b50f757b?crop=entropy&cs=tinysrgb&fit=max&fm=jpg&ixid=M3w5OTUzMzZ8MHwxfHNlYXJjaHw1NXx8c2tpcnQlMjBmYXNoaW9uJTIwY2xvdGhpbmd8ZW58MXwxfHx8MTc4NDA5MjU3N3ww&ixlib=rb-4.1.0&q=80&w=1080,Beige skirt,skirt,Woman in white skirt and black top by the water,beige,3149,Zulfugar Karimov on Unsplash (https://unsplash.com/photos/woman-in-white-skirt-and-black-top-by-the-water-TDCc2QHa8cs)
https://images.unsplash.com/photo-1778327670335-21baaea59d70?crop=entropy&cs=tinysrgb&fit=max&fm=jpg&ixid=M3w5OTUzMzZ8MHwxfHNlYXJjaHw1Nnx8c2tpcnQlMjBmYXNoaW9uJTIwY2xvdGhpbmd8ZW58MXwxfHx8MTc4NDA5MjU3N3ww&ixlib=rb-4.1.0&q=80&w=1080,Grey skirt,skirt,Woman in a hat posing amidst tall white feathery grass.,grey,8349,Liang Huang on Unsplash (https://unsplash.com/photos/woman-in-a-hat-posing-amidst-tall-white-feathery-grass-CiQfezADTwo)
https://images.unsplash.com/photo-1771730896851-d20644961c64?crop=entropy&cs=tinysrgb&fit=max&fm=jpg&ixid=M3w5OTUzMzZ8MHwxfHNlYXJjaHw1N3x8c2tpcnQlMjBmYXNoaW9uJTIwY2xvdGhpbmd8ZW58MXwxfHx8MTc4NDA5MjU3N3ww&ixlib=rb-4.1.0&q=80&w=1080,Brown skirt,skirt,A woman sitting by a window with a purse.,brown,4699,wael altawil on Unsplash (https://unsplash.com/photos/a-woman-sitting-by-a-window-with-a-purse-QayAfPd_Ed8)
https://images.unsplash.com/photo-1780566758461-8a2e9287abb2?crop=entropy&cs=tinysrgb&fit=max&fm=jpg&ixid=M3w5OTUzMzZ8MHwxfHNlYXJjaHw1OHx8c2tpcnQlMjBmYXNoaW9uJTIwY2xvdGhpbmd8ZW58MXwxfHx8MTc4NDA5MjU3N3ww&ixlib=rb-4.1.0&q=80&w=1080,White skirt,skirt,Stylish woman in denim skirt and sneakers holds black handbag.,white,3549,Anton K Wibowo on Unsplash (https://unsplash.com/photos/stylish-woman-in-denim-skirt-and-sneakers-holds-black-handbag-z0wibNSR7N8)
https://images.unsplash.com/photo-1774773136906-10b1e590db10?crop=entropy&cs=tinysrgb&fit=max&fm=jpg&ixid=M3w5OTUzMzZ8MHwxfHNlYXJjaHw1OXx8c2tpcnQlMjBmYXNoaW9uJTIwY2xvdGhpbmd8ZW58MXwxfHx8MTc4NDA5MjU3N3ww&ixlib=rb-4.1.0&q=80&w=1080,Brown skirt,skirt,A young woman poses by a vintage van.,brown,5149,Michael Kyule on Unsplash (https://unsplash.com/photos/a-young-woman-poses-by-a-vintage-van-AW-iQP1mMVE)
https://images.unsplash.com/photo-1762343039457-3f8ae1f9b063?crop=entropy&cs=tinysrgb&fit=max&fm=jpg&ixid=M3w5OTUzMzZ8MHwxfHNlYXJjaHw2MHx8c2tpcnQlMjBmYXNoaW9uJTIwY2xvdGhpbmd8ZW58MXwxfHx8MTc4NDA5MjU3N3ww&ixlib=rb-4.1.0&q=80&w=1080,Cream skirt,skirt,Woman in white skirt and black top by the water.,cream,8899,Zulfugar Karimov on Unsplash (https://unsplash.com/photos/woman-in-white-skirt-and-black-top-by-the-water-K8_I1OgK3lo)
https://images.unsplash.com/photo-1568163059147-8d321a0c5f71?crop=entropy&cs=tinysrgb&fit=max&fm=jpg&ixid=M3w5OTUzMzZ8MHwxfHNlYXJjaHwxfHxkcmVzcyUyMGZhc2hpb24lMjBtaW5pbWFsfGVufDF8MXx8fDE3ODQwOTI1Nzl8MA&ixlib=rb-4.1.0&q=80&w=1080,Navy dress,dress,woman standing near rocks at daytime,navy,8699,Genevieve Rusnac on Unsplash (https://unsplash.com/photos/woman-standing-near-rocks-at-daytime-BCJnwVS0yfg)
https://images.unsplash.com/photo-1636992269778-e1a925aee904?crop=entropy&cs=tinysrgb&fit=max&fm=jpg&ixid=M3w5OTUzMzZ8MHwxfHNlYXJjaHwyfHxkcmVzcyUyMGZhc2hpb24lMjBtaW5pbWFsfGVufDF8MXx8fDE3ODQwOTI1Nzl8MA&ixlib=rb-4.1.0&q=80&w=1080,Beige dress,dress,a close up of a person wearing a dress,beige,4299,Peter Kokhanets on Unsplash (https://unsplash.com/photos/a-close-up-of-a-person-wearing-a-dress-s4NzTHDuUyM)
https://images.unsplash.com/photo-1779400204302-d2c3ed9d003d?crop=entropy&cs=tinysrgb&fit=max&fm=jpg&ixid=M3w5OTUzMzZ8MHwxfHNlYXJjaHwzfHxkcmVzcyUyMGZhc2hpb24lMjBtaW5pbWFsfGVufDF8MXx8fDE3ODQwOTI1Nzl8MA&ixlib=rb-4.1.0&q=80&w=1080,Cream dress,dress,Blonde woman in black dress touching her hair.,cream,5949,ola szkolda on Unsplash (https://unsplash.com/photos/blonde-woman-in-black-dress-touching-her-hair-eAYv02ewbsI)
https://images.unsplash.com/photo-1768123881596-8451eb40608c?crop=entropy&cs=tinysrgb&fit=max&fm=jpg&ixid=M3w5OTUzMzZ8MHwxfHNlYXJjaHw0fHxkcmVzcyUyMGZhc2hpb24lMjBtaW5pbWFsfGVufDF8MXx8fDE3ODQwOTI1Nzl8MA&ixlib=rb-4.1.0&q=80&w=1080,Navy dress,dress,Woman in white dress leaning against a wall,navy,6699,Veronika Trushkevich on Unsplash (https://unsplash.com/photos/woman-in-white-dress-leaning-against-a-wall-6iDiVJRJQQM)
https://images.unsplash.com/photo-1589150339379-edfb6f86b7b2?crop=entropy&cs=tinysrgb&fit=max&fm=jpg&ixid=M3w5OTUzMzZ8MHwxfHNlYXJjaHw1fHxkcmVzcyUyMGZhc2hpb24lMjBtaW5pbWFsfGVufDF8MXx8fDE3ODQwOTI1Nzl8MA&ixlib=rb-4.1.0&q=80&w=1080,Beige dress,dress,woman in white and black stripe dress standing on green grass field during daytime,beige,14699,Rosa Rafael on Unsplash (https://unsplash.com/photos/woman-in-white-and-black-stripe-dress-standing-on-green-grass-field-during-daytime-aeyH1loRFCY)
https://images.unsplash.com/photo-1584287981937-67ab60932edf?crop=entropy&cs=tinysrgb&fit=max&fm=jpg&ixid=M3w5OTUzMzZ8MHwxfHNlYXJjaHw2fHxkcmVzcyUyMGZhc2hpb24lMjBtaW5pbWFsfGVufDF8MXx8fDE3ODQwOTI1Nzl8MA&ixlib=rb-4.1.0&q=80&w=1080,Cream dress,dress,woman in white spaghetti strap dress,cream,15299,Mike Von on Unsplash (https://unsplash.com/photos/woman-in-white-spaghetti-strap-dress-e7RyjcF2dLk)
https://images.unsplash.com/photo-1761014219695-21caf241810f?crop=entropy&cs=tinysrgb&fit=max&fm=jpg&ixid=M3w5OTUzMzZ8MHwxfHNlYXJjaHw3fHxkcmVzcyUyMGZhc2hpb24lMjBtaW5pbWFsfGVufDF8MXx8fDE3ODQwOTI1Nzl8MA&ixlib=rb-4.1.0&q=80&w=1080,Beige dress,dress,A young woman in a white dress outdoors,beige,12899,Elist Nguyen on Unsplash (https://unsplash.com/photos/a-young-woman-in-a-white-dress-outdoors-_0YE3prhWkU)
https://images.unsplash.com/photo-1761635491690-c792b0076592?crop=entropy&cs=tinysrgb&fit=max&fm=jpg&ixid=M3w5OTUzMzZ8MHwxfHNlYXJjaHw4fHxkcmVzcyUyMGZhc2hpb24lMjBtaW5pbWFsfGVufDF8MXx8fDE3ODQwOTI1Nzl8MA&ixlib=rb-4.1.0&q=80&w=1080,Black dress,dress,A woman in a long gold dress holding flowers,black,12099,Elist Nguyen on Unsplash (https://unsplash.com/photos/a-woman-in-a-long-gold-dress-holding-flowers-8-q5lBl-qT4)
https://images.unsplash.com/photo-1585672275656-4433fc0668e7?crop=entropy&cs=tinysrgb&fit=max&fm=jpg&ixid=M3w5OTUzMzZ8MHwxfHNlYXJjaHw5fHxkcmVzcyUyMGZhc2hpb24lMjBtaW5pbWFsfGVufDF8MXx8fDE3ODQwOTI1Nzl8MA&ixlib=rb-4.1.0&q=80&w=1080,Beige dress,dress,girl in blue dress walking on gray concrete floor,beige,5299,Mike Von on Unsplash (https://unsplash.com/photos/girl-in-blue-dress-walking-on-gray-concrete-floor-pDbDIx8rc4w)
https://images.unsplash.com/photo-1772443326247-77ae8f2d5fef?crop=entropy&cs=tinysrgb&fit=max&fm=jpg&ixid=M3w5OTUzMzZ8MHwxfHNlYXJjaHwxMHx8ZHJlc3MlMjBmYXNoaW9uJTIwbWluaW1hbHxlbnwxfDF8fHwxNzg0MDkyNTc5fDA&ixlib=rb-4.1.0&q=80&w=1080,Black dress,dress,Woman in traditional chinese dress standing in doorway.,black,7949,Elist Nguyen on Unsplash (https://unsplash.com/photos/woman-in-traditional-chinese-dress-standing-in-doorway-ymn5I0l1X9g)
https://images.unsplash.com/photo-1772443324147-0b81bd123546?crop=entropy&cs=tinysrgb&fit=max&fm=jpg&ixid=M3w5OTUzMzZ8MHwxfHNlYXJjaHwxMXx8ZHJlc3MlMjBmYXNoaW9uJTIwbWluaW1hbHxlbnwxfDF8fHwxNzg0MDkyNTc5fDA&ixlib=rb-4.1.0&q=80&w=1080,Black dress,dress,Woman in traditional chinese dress stands in doorway,black,7549,Elist Nguyen on Unsplash (https://unsplash.com/photos/woman-in-traditional-chinese-dress-stands-in-doorway-XM85Gh1x8Ko)
https://images.unsplash.com/photo-1759726995154-00475b4b38d7?crop=entropy&cs=tinysrgb&fit=max&fm=jpg&ixid=M3w5OTUzMzZ8MHwxfHNlYXJjaHwxMnx8ZHJlc3MlMjBmYXNoaW9uJTIwbWluaW1hbHxlbnwxfDF8fHwxNzg0MDkyNTc5fDA&ixlib=rb-4.1.0&q=80&w=1080,Grey dress,dress,Woman in red dress holding white shawl on sandy beach,grey,8699,Maximus Beaumont on Unsplash (https://unsplash.com/photos/woman-in-red-dress-holding-white-shawl-on-sandy-beach-zhiOMbHDj9g)
https://images.unsplash.com/photo-1772443325544-8a542f2df803?crop=entropy&cs=tinysrgb&fit=max&fm=jpg&ixid=M3w5OTUzMzZ8MHwxfHNlYXJjaHwxM3x8ZHJlc3MlMjBmYXNoaW9uJTIwbWluaW1hbHxlbnwxfDF8fHwxNzg0MDkyNTc5fDA&ixlib=rb-4.1.0&q=80&w=1080,Brown dress,dress,A young woman stands by a window with sheer curtains.,brown,15949,Elist Nguyen on Unsplash (https://unsplash.com/photos/a-young-woman-stands-by-a-window-with-sheer-curtains-mf5ELK4VMs4)
https://images.unsplash.com/photo-1625499706422-998dd9e31a66?crop=entropy&cs=tinysrgb&fit=max&fm=jpg&ixid=M3w5OTUzMzZ8MHwxfHNlYXJjaHwxNHx8ZHJlc3MlMjBmYXNoaW9uJTIwbWluaW1hbHxlbnwxfDF8fHwxNzg0MDkyNTc5fDA&ixlib=rb-4.1.0&q=80&w=1080,Beige dress,dress,woman in yellow sleeveless dress standing on gray concrete pavement,beige,11499,Good Faces on Unsplash (https://unsplash.com/photos/woman-in-yellow-sleeveless-dress-standing-on-gray-concrete-pavement-UGuOxJe7zmg)
https://images.unsplash.com/photo-1759726995349-76c81059e7db?crop=entropy&cs=tinysrgb&fit=max&fm=jpg&ixid=M3w5OTUzMzZ8MHwxfHNlYXJjaHwxNXx8ZHJlc3MlMjBmYXNoaW9uJTIwbWluaW1hbHxlbnwxfDF8fHwxNzg0MDkyNTc5fDA&ixlib=rb-4.1.0&q=80&w=1080,Brown dress,dress,Woman in red dress on beach with palm trees,brown,8749,Maximus Beaumont on Unsplash (https://unsplash.com/photos/woman-in-red-dress-on-beach-with-palm-trees-MFFILTdouNY)
https://images.unsplash.com/photo-1772443326289-8e1b89fc4af5?crop=entropy&cs=tinysrgb&fit=max&fm=jpg&ixid=M3w5OTUzMzZ8MHwxfHNlYXJjaHwxNnx8ZHJlc3MlMjBmYXNoaW9uJTIwbWluaW1hbHxlbnwxfDF8fHwxNzg0MDkyNTc5fDA&ixlib=rb-4.1.0&q=80&w=1080,Brown dress,dress,Woman in traditional vietnamese ao dai dress poses indoors,brown,14149,Elist Nguyen on Unsplash (https://unsplash.com/photos/woman-in-traditional-vietnamese-ao-dai-dress-poses-indoors-pVLh7iaJsiI)
https://images.unsplash.com/photo-1712917841241-5d9d0687fe95?crop=entropy&cs=tinysrgb&fit=max&fm=jpg&ixid=M3w5OTUzMzZ8MHwxfHNlYXJjaHwxN3x8ZHJlc3MlMjBmYXNoaW9uJTIwbWluaW1hbHxlbnwxfDF8fHwxNzg0MDkyNTc5fDA&ixlib=rb-4.1.0&q=80&w=1080,Cream dress,dress,a woman leaning against a wall with a red background,cream,12949,Niaz Ahmed on Unsplash (https://unsplash.com/photos/a-woman-leaning-against-a-wall-with-a-red-background-U5uHw6VMOYk)
https://images.unsplash.com/photo-1772443325335-fa757433a1ed?crop=entropy&cs=tinysrgb&fit=max&fm=jpg&ixid=M3w5OTUzMzZ8MHwxfHNlYXJjaHwxOHx8ZHJlc3MlMjBmYXNoaW9uJTIwbWluaW1hbHxlbnwxfDF8fHwxNzg0MDkyNTc5fDA&ixlib=rb-4.1.0&q=80&w=1080,Brown dress,dress,A woman in a green dress holding a flower,brown,10949,Elist Nguyen on Unsplash (https://unsplash.com/photos/a-woman-in-a-green-dress-holding-a-flower-c7jp-aR_W1Q)
https://images.unsplash.com/photo-1758539197906-d80a5e279e36?crop=entropy&cs=tinysrgb&fit=max&fm=jpg&ixid=M3w5OTUzMzZ8MHwxfHNlYXJjaHwxOXx8ZHJlc3MlMjBmYXNoaW9uJTIwbWluaW1hbHxlbnwxfDF8fHwxNzg0MDkyNTc5fDA&ixlib=rb-4.1.0&q=80&w=1080,Navy dress,dress,Woman in a hat and hijab sits in grass.,navy,12499,Aliyu bala on Unsplash (https://unsplash.com/photos/woman-in-a-hat-and-hijab-sits-in-grass-MDVmzwy_x_g)
https://images.unsplash.com/photo-1759726995149-d2d683fd38bf?crop=entropy&cs=tinysrgb&fit=max&fm=jpg&ixid=M3w5OTUzMzZ8MHwxfHNlYXJjaHwyMHx8ZHJlc3MlMjBmYXNoaW9uJTIwbWluaW1hbHxlbnwxfDF8fHwxNzg0MDkyNTc5fDA&ixlib=rb-4.1.0&q=80&w=1080,Cream dress,dress,Woman in red dress holding a shawl on a beach,cream,9949,Maximus Beaumont on Unsplash (https://unsplash.com/photos/woman-in-red-dress-holding-a-shawl-on-a-beach-hBJKjnhUiSM)
https://images.unsplash.com/photo-1545318596-1677d56933dd?crop=entropy&cs=tinysrgb&fit=max&fm=jpg&ixid=M3w5OTUzMzZ8MHwxfHNlYXJjaHwyMXx8ZHJlc3MlMjBmYXNoaW9uJTIwbWluaW1hbHxlbnwxfDF8fHwxNzg0MDkyNTc5fDA&ixlib=rb-4.1.0&q=80&w=1080,Cream dress,dress,white and blue floral dress,cream,10549,Kara Eads on Unsplash (https://unsplash.com/photos/white-and-blue-floral-dress-8Hs4N1o-bhI)
https://images.unsplash.com/photo-1761635491406-a5810e0a26f7?crop=entropy&cs=tinysrgb&fit=max&fm=jpg&ixid=M3w5OTUzMzZ8MHwxfHNlYXJjaHwyMnx8ZHJlc3MlMjBmYXNoaW9uJTIwbWluaW1hbHxlbnwxfDF8fHwxNzg0MDkyNTc5fDA&ixlib=rb-4.1.0&q=80&w=1080,Black dress,dress,A woman in a gold dress holding white flowers.,black,8349,Elist Nguyen on Unsplash (https://unsplash.com/photos/a-woman-in-a-gold-dress-holding-white-flowers-DP0hUSNLL58)
https://images.unsplash.com/photo-1772443326424-b6902abf35f5?crop=entropy&cs=tinysrgb&fit=max&fm=jpg&ixid=M3w5OTUzMzZ8MHwxfHNlYXJjaHwyM3x8ZHJlc3MlMjBmYXNoaW9uJTIwbWluaW1hbHxlbnwxfDF8fHwxNzg0MDkyNTc5fDA&ixlib=rb-4.1.0&q=80&w=1080,Grey dress,dress,A woman in a traditional dress walks on a balcony.,grey,15299,Elist Nguyen on Unsplash (https://unsplash.com/photos/a-woman-in-a-traditional-dress-walks-on-a-balcony-30W9rJwwyuA)
https://images.unsplash.com/photo-1761014219896-84159aa7c664?crop=entropy&cs=tinysrgb&fit=max&fm=jpg&ixid=M3w5OTUzMzZ8MHwxfHNlYXJjaHwyNHx8ZHJlc3MlMjBmYXNoaW9uJTIwbWluaW1hbHxlbnwxfDF8fHwxNzg0MDkyNTc5fDA&ixlib=rb-4.1.0&q=80&w=1080,Grey dress,dress,Young woman in a white dress standing outdoors.,grey,12749,Elist Nguyen on Unsplash (https://unsplash.com/photos/young-woman-in-a-white-dress-standing-outdoors-7dPofF0HuMA)
https://images.unsplash.com/photo-1772443325222-9bd29a740799?crop=entropy&cs=tinysrgb&fit=max&fm=jpg&ixid=M3w5OTUzMzZ8MHwxfHNlYXJjaHwyNXx8ZHJlc3MlMjBmYXNoaW9uJTIwbWluaW1hbHxlbnwxfDF8fHwxNzg0MDkyNTc5fDA&ixlib=rb-4.1.0&q=80&w=1080,Brown dress,dress,A woman in a light green dress holding a flower,brown,6749,Elist Nguyen on Unsplash (https://unsplash.com/photos/a-woman-in-a-light-green-dress-holding-a-flower-qpJhlXmCYaQ)
https://images.unsplash.com/photo-1772443324971-e8fbc5c3787e?crop=entropy&cs=tinysrgb&fit=max&fm=jpg&ixid=M3w5OTUzMzZ8MHwxfHNlYXJjaHwyNnx8ZHJlc3MlMjBmYXNoaW9uJTIwbWluaW1hbHxlbnwxfDF8fHwxNzg0MDkyNTc5fDA&ixlib=rb-4.1.0&q=80&w=1080,Black dress,dress,A woman in a traditional dress sits among plants.,black,10299,Elist Nguyen on Unsplash (https://unsplash.com/photos/a-woman-in-a-traditional-dress-sits-among-plants-tVVjZaMuMZ4)
https://images.unsplash.com/photo-1772443324846-cae4f6895a07?crop=entropy&cs=tinysrgb&fit=max&fm=jpg&ixid=M3w5OTUzMzZ8MHwxfHNlYXJjaHwyN3x8ZHJlc3MlMjBmYXNoaW9uJTIwbWluaW1hbHxlbnwxfDF8fHwxNzg0MDkyNTc5fDA&ixlib=rb-4.1.0&q=80&w=1080,Black dress,dress,Woman in traditional vietnamese ao dai walks outdoors.,black,8349,Elist Nguyen on Unsplash (https://unsplash.com/photos/woman-in-traditional-vietnamese-ao-dai-walks-outdoors-eR3yrGVmXpU)
https://images.unsplash.com/photo-1758539197604-146e8bbf19dc?crop=entropy&cs=tinysrgb&fit=max&fm=jpg&ixid=M3w5OTUzMzZ8MHwxfHNlYXJjaHwyOHx8ZHJlc3MlMjBmYXNoaW9uJTIwbWluaW1hbHxlbnwxfDF8fHwxNzg0MDkyNTc5fDA&ixlib=rb-4.1.0&q=80&w=1080,Grey dress,dress,Young woman wearing a hat and hijab outdoors,grey,10099,Aliyu bala on Unsplash (https://unsplash.com/photos/young-woman-wearing-a-hat-and-hijab-outdoors-nfh-C3rNcwM)
https://images.unsplash.com/photo-1772443325523-1be51183fd15?crop=entropy&cs=tinysrgb&fit=max&fm=jpg&ixid=M3w5OTUzMzZ8MHwxfHNlYXJjaHwyOXx8ZHJlc3MlMjBmYXNoaW9uJTIwbWluaW1hbHxlbnwxfDF8fHwxNzg0MDkyNTc5fDA&ixlib=rb-4.1.0&q=80&w=1080,Brown dress,dress,A woman in a traditional dress holds a small purse.,brown,6899,Elist Nguyen on Unsplash (https://unsplash.com/photos/a-woman-in-a-traditional-dress-holds-a-small-purse-n1ytbTiF0_4)
https://images.unsplash.com/photo-1772443325388-127c08486543?crop=entropy&cs=tinysrgb&fit=max&fm=jpg&ixid=M3w5OTUzMzZ8MHwxfHNlYXJjaHwzMHx8ZHJlc3MlMjBmYXNoaW9uJTIwbWluaW1hbHxlbnwxfDF8fHwxNzg0MDkyNTc5fDA&ixlib=rb-4.1.0&q=80&w=1080,Black dress,dress,A woman in a light green dress stands indoors.,black,7949,Elist Nguyen on Unsplash (https://unsplash.com/photos/a-woman-in-a-light-green-dress-stands-indoors-8s_efsgLjTo)
https://images.unsplash.com/photo-1783315001362-b2d92fe8c15a?crop=entropy&cs=tinysrgb&fit=max&fm=jpg&ixid=M3w5OTUzMzZ8MHwxfHNlYXJjaHwzMXx8ZHJlc3MlMjBmYXNoaW9uJTIwbWluaW1hbHxlbnwxfDF8fHwxNzg0MDkyNTgwfDA&ixlib=rb-4.1.0&q=80&w=1080,White dress,dress,Woman in floral dress standing in a field of wildflowers.,white,14299,arman grigoryan on Unsplash (https://unsplash.com/photos/woman-in-floral-dress-standing-in-a-field-of-wildflowers-k74aPjEpjxw)
https://images.unsplash.com/photo-1772443325539-0572726cb8c6?crop=entropy&cs=tinysrgb&fit=max&fm=jpg&ixid=M3w5OTUzMzZ8MHwxfHNlYXJjaHwzMnx8ZHJlc3MlMjBmYXNoaW9uJTIwbWluaW1hbHxlbnwxfDF8fHwxNzg0MDkyNTgwfDA&ixlib=rb-4.1.0&q=80&w=1080,Grey dress,dress,A woman in a traditional vietnamese dress walks outdoors.,grey,8149,Elist Nguyen on Unsplash (https://unsplash.com/photos/a-woman-in-a-traditional-vietnamese-dress-walks-outdoors-AbmN0xH1fZQ)
https://images.unsplash.com/photo-1772443327133-b0c049d9b5d6?crop=entropy&cs=tinysrgb&fit=max&fm=jpg&ixid=M3w5OTUzMzZ8MHwxfHNlYXJjaHwzM3x8ZHJlc3MlMjBmYXNoaW9uJTIwbWluaW1hbHxlbnwxfDF8fHwxNzg0MDkyNTgwfDA&ixlib=rb-4.1.0&q=80&w=1080,Brown dress,dress,Woman in traditional dress by rustic shelving,brown,6349,Elist Nguyen on Unsplash (https://unsplash.com/photos/woman-in-traditional-dress-by-rustic-shelving-vHMHbtbrUZM)
https://images.unsplash.com/photo-1772443325915-06ebf4d80fd3?crop=entropy&cs=tinysrgb&fit=max&fm=jpg&ixid=M3w5OTUzMzZ8MHwxfHNlYXJjaHwzNHx8ZHJlc3MlMjBmYXNoaW9uJTIwbWluaW1hbHxlbnwxfDF8fHwxNzg0MDkyNTgwfDA&ixlib=rb-4.1.0&q=80&w=1080,Grey dress,dress,Woman in traditional vietnamese ao dai dress,grey,4099,Elist Nguyen on Unsplash (https://unsplash.com/photos/woman-in-traditional-vietnamese-ao-dai-dress-IRqwI_QqEfs)
https://images.unsplash.com/photo-1772443324867-829fa5fa1a53?crop=entropy&cs=tinysrgb&fit=max&fm=jpg&ixid=M3w5OTUzMzZ8MHwxfHNlYXJjaHwzNXx8ZHJlc3MlMjBmYXNoaW9uJTIwbWluaW1hbHxlbnwxfDF8fHwxNzg0MDkyNTgwfDA&ixlib=rb-4.1.0&q=80&w=1080,Brown dress,dress,Woman in a traditional light green dress stands outdoors.,brown,9549,Elist Nguyen on Unsplash (https://unsplash.com/photos/woman-in-a-traditional-light-green-dress-stands-outdoors-cZLRIOsXw3M)
https://images.unsplash.com/photo-1761014219840-60329882ca51?crop=entropy&cs=tinysrgb&fit=max&fm=jpg&ixid=M3w5OTUzMzZ8MHwxfHNlYXJjaHwzNnx8ZHJlc3MlMjBmYXNoaW9uJTIwbWluaW1hbHxlbnwxfDF8fHwxNzg0MDkyNTgwfDA&ixlib=rb-4.1.0&q=80&w=1080,Beige dress,dress,Young woman in white dress with long dark hair,beige,14549,Elist Nguyen on Unsplash (https://unsplash.com/photos/young-woman-in-white-dress-with-long-dark-hair-BPsyjvPlbZE)
https://images.unsplash.com/photo-1772443324779-5dba4d146d72?crop=entropy&cs=tinysrgb&fit=max&fm=jpg&ixid=M3w5OTUzMzZ8MHwxfHNlYXJjaHwzN3x8ZHJlc3MlMjBmYXNoaW9uJTIwbWluaW1hbHxlbnwxfDF8fHwxNzg0MDkyNTgwfDA&ixlib=rb-4.1.0&q=80&w=1080,Black dress,dress,A woman in a flowing green dress stands outdoors.,black,7549,Elist Nguyen on Unsplash (https://unsplash.com/photos/a-woman-in-a-flowing-green-dress-stands-outdoors-eZXw9n0sAU8)
https://images.unsplash.com/photo-1772443325527-e39fa0d33f01?crop=entropy&cs=tinysrgb&fit=max&fm=jpg&ixid=M3w5OTUzMzZ8MHwxfHNlYXJjaHwzOHx8ZHJlc3MlMjBmYXNoaW9uJTIwbWluaW1hbHxlbnwxfDF8fHwxNzg0MDkyNTgwfDA&ixlib=rb-4.1.0&q=80&w=1080,Brown dress,dress,Woman in traditional vietnamese dress holding flowers,brown,9299,Elist Nguyen on Unsplash (https://unsplash.com/photos/woman-in-traditional-vietnamese-dress-holding-flowers-UhC6eAMFjwQ)
https://images.unsplash.com/photo-1772443326431-6061ee75e03c?crop=entropy&cs=tinysrgb&fit=max&fm=jpg&ixid=M3w5OTUzMzZ8MHwxfHNlYXJjaHwzOXx8ZHJlc3MlMjBmYXNoaW9uJTIwbWluaW1hbHxlbnwxfDF8fHwxNzg0MDkyNTgwfDA&ixlib=rb-4.1.0&q=80&w=1080,Black dress,dress,Woman in traditional dress holding a beaded purse,black,11949,Elist Nguyen on Unsplash (https://unsplash.com/photos/woman-in-traditional-dress-holding-a-beaded-purse-kqbj-C5-6kY)
https://images.unsplash.com/photo-1761014219855-4f598e712c26?crop=entropy&cs=tinysrgb&fit=max&fm=jpg&ixid=M3w5OTUzMzZ8MHwxfHNlYXJjaHw0MHx8ZHJlc3MlMjBmYXNoaW9uJTIwbWluaW1hbHxlbnwxfDF8fHwxNzg0MDkyNTgwfDA&ixlib=rb-4.1.0&q=80&w=1080,Grey dress,dress,A woman in a white ao dai stands outdoors.,grey,11299,Elist Nguyen on Unsplash (https://unsplash.com/photos/a-woman-in-a-white-ao-dai-stands-outdoors-qXPJ1JDZ6kg)
https://images.unsplash.com/photo-1761014219751-21a988fd9480?crop=entropy&cs=tinysrgb&fit=max&fm=jpg&ixid=M3w5OTUzMzZ8MHwxfHNlYXJjaHw0MXx8ZHJlc3MlMjBmYXNoaW9uJTIwbWluaW1hbHxlbnwxfDF8fHwxNzg0MDkyNTgwfDA&ixlib=rb-4.1.0&q=80&w=1080,Beige dress,dress,A woman in a white dress shielding her eyes,beige,4749,Elist Nguyen on Unsplash (https://unsplash.com/photos/a-woman-in-a-white-dress-shielding-her-eyes-21crOmeQW-0)
https://images.unsplash.com/photo-1759726995342-134e4ab32ae2?crop=entropy&cs=tinysrgb&fit=max&fm=jpg&ixid=M3w5OTUzMzZ8MHwxfHNlYXJjaHw0Mnx8ZHJlc3MlMjBmYXNoaW9uJTIwbWluaW1hbHxlbnwxfDF8fHwxNzg0MDkyNTgwfDA&ixlib=rb-4.1.0&q=80&w=1080,Brown dress,dress,Woman in red dress sits on driftwood near tropical plants.,brown,12099,Maximus Beaumont on Unsplash (https://unsplash.com/photos/woman-in-red-dress-sits-on-driftwood-near-tropical-plants-jucajX9vOqU)
https://images.unsplash.com/photo-1575633625496-e330445f63b2?crop=entropy&cs=tinysrgb&fit=max&fm=jpg&ixid=M3w5OTUzMzZ8MHwxfHNlYXJjaHw0M3x8ZHJlc3MlMjBmYXNoaW9uJTIwbWluaW1hbHxlbnwxfDF8fHwxNzg0MDkyNTgwfDA&ixlib=rb-4.1.0&q=80&w=1080,Navy dress,dress,woman wearing yellow jumpsuit,navy,10499,Roland Denes on Unsplash (https://unsplash.com/photos/woman-wearing-yellow-jumpsuit-HnIt4A_3E28)
https://images.unsplash.com/photo-1772443326796-c6ea7d9f8006?crop=entropy&cs=tinysrgb&fit=max&fm=jpg&ixid=M3w5OTUzMzZ8MHwxfHNlYXJjaHw0NHx8ZHJlc3MlMjBmYXNoaW9uJTIwbWluaW1hbHxlbnwxfDF8fHwxNzg0MDkyNTgwfDA&ixlib=rb-4.1.0&q=80&w=1080,Brown dress,dress,Woman in vintage dress by window,brown,8749,Elist Nguyen on Unsplash (https://unsplash.com/photos/woman-in-vintage-dress-by-window-cWy2wxR1TrU)
https://images.unsplash.com/photo-1772443325405-72f3d778480e?crop=entropy&cs=tinysrgb&fit=max&fm=jpg&ixid=M3w5OTUzMzZ8MHwxfHNlYXJjaHw0NXx8ZHJlc3MlMjBmYXNoaW9uJTIwbWluaW1hbHxlbnwxfDF8fHwxNzg0MDkyNTgwfDA&ixlib=rb-4.1.0&q=80&w=1080,Black dress,dress,Woman in traditional vietnamese ao dai dress,black,13699,Elist Nguyen on Unsplash (https://unsplash.com/photos/woman-in-traditional-vietnamese-ao-dai-dress-QyyE5V7GvO4)
https://images.unsplash.com/photo-1772443326318-d7694491494e?crop=entropy&cs=tinysrgb&fit=max&fm=jpg&ixid=M3w5OTUzMzZ8MHwxfHNlYXJjaHw0Nnx8ZHJlc3MlMjBmYXNoaW9uJTIwbWluaW1hbHxlbnwxfDF8fHwxNzg0MDkyNTgwfDA&ixlib=rb-4.1.0&q=80&w=1080,Black dress,dress,Woman in a light green dress standing in a courtyard.,black,15499,Elist Nguyen on Unsplash (https://unsplash.com/photos/woman-in-a-light-green-dress-standing-in-a-courtyard-hKCrOZytTfI)
https://images.unsplash.com/photo-1772443325468-6043b3a067a0?crop=entropy&cs=tinysrgb&fit=max&fm=jpg&ixid=M3w5OTUzMzZ8MHwxfHNlYXJjaHw0N3x8ZHJlc3MlMjBmYXNoaW9uJTIwbWluaW1hbHxlbnwxfDF8fHwxNzg0MDkyNTgwfDA&ixlib=rb-4.1.0&q=80&w=1080,Black dress,dress,Woman in traditional vietnamese dress holding a branch,black,9899,Elist Nguyen on Unsplash (https://unsplash.com/photos/woman-in-traditional-vietnamese-dress-holding-a-branch-UFCOJ_MLuMk)
https://images.unsplash.com/photo-1584956795062-4a8b589f7b5e?crop=entropy&cs=tinysrgb&fit=max&fm=jpg&ixid=M3w5OTUzMzZ8MHwxfHNlYXJjaHw0OHx8ZHJlc3MlMjBmYXNoaW9uJTIwbWluaW1hbHxlbnwxfDF8fHwxNzg0MDkyNTgwfDA&ixlib=rb-4.1.0&q=80&w=1080,Grey dress,dress,red and white card on blue denim jeans,grey,11149,omid armin on Unsplash (https://unsplash.com/photos/red-and-white-card-on-blue-denim-jeans-_yPoC7Am8Is)
https://images.unsplash.com/photo-1761014219718-23cf23b9b5cf?crop=entropy&cs=tinysrgb&fit=max&fm=jpg&ixid=M3w5OTUzMzZ8MHwxfHNlYXJjaHw0OXx8ZHJlc3MlMjBmYXNoaW9uJTIwbWluaW1hbHxlbnwxfDF8fHwxNzg0MDkyNTgwfDA&ixlib=rb-4.1.0&q=80&w=1080,Beige dress,dress,Young woman in a white ao dai dress,beige,11699,Elist Nguyen on Unsplash (https://unsplash.com/photos/young-woman-in-a-white-ao-dai-dress-9onhqx627Ic)
https://images.unsplash.com/photo-1761014219884-39f308cb1509?crop=entropy&cs=tinysrgb&fit=max&fm=jpg&ixid=M3w5OTUzMzZ8MHwxfHNlYXJjaHw1MHx8ZHJlc3MlMjBmYXNoaW9uJTIwbWluaW1hbHxlbnwxfDF8fHwxNzg0MDkyNTgwfDA&ixlib=rb-4.1.0&q=80&w=1080,Beige dress,dress,A woman in a white traditional dress,beige,7949,Elist Nguyen on Unsplash (https://unsplash.com/photos/a-woman-in-a-white-traditional-dress-4jl7MS8lNbo)
https://images.unsplash.com/photo-1761635491372-271565760322?crop=entropy&cs=tinysrgb&fit=max&fm=jpg&ixid=M3w5OTUzMzZ8MHwxfHNlYXJjaHw1MXx8ZHJlc3MlMjBmYXNoaW9uJTIwbWluaW1hbHxlbnwxfDF8fHwxNzg0MDkyNTgwfDA&ixlib=rb-4.1.0&q=80&w=1080,Black dress,dress,Woman in a golden dress holding white flowers,black,6699,Elist Nguyen on Unsplash (https://unsplash.com/photos/woman-in-a-golden-dress-holding-white-flowers-rMiW6qRXzC0)
https://images.unsplash.com/photo-1761014219659-25335c8f2b87?crop=entropy&cs=tinysrgb&fit=max&fm=jpg&ixid=M3w5OTUzMzZ8MHwxfHNlYXJjaHw1Mnx8ZHJlc3MlMjBmYXNoaW9uJTIwbWluaW1hbHxlbnwxfDF8fHwxNzg0MDkyNTgwfDA&ixlib=rb-4.1.0&q=80&w=1080,Beige dress,dress,A woman in a long white dress looks up.,beige,10299,Elist Nguyen on Unsplash (https://unsplash.com/photos/a-woman-in-a-long-white-dress-looks-up-X7ZyKkUbke0)
https://images.unsplash.com/photo-1761014219776-4ac940eca1c2?crop=entropy&cs=tinysrgb&fit=max&fm=jpg&ixid=M3w5OTUzMzZ8MHwxfHNlYXJjaHw1M3x8ZHJlc3MlMjBmYXNoaW9uJTIwbWluaW1hbHxlbnwxfDF8fHwxNzg0MDkyNTgwfDA&ixlib=rb-4.1.0&q=80&w=1080,Black dress,dress,A young woman in a long white dress,black,14549,Elist Nguyen on Unsplash (https://unsplash.com/photos/a-young-woman-in-a-long-white-dress-L32nBBTIEHA)
https://images.unsplash.com/photo-1772443326076-708c579b8dbf?crop=entropy&cs=tinysrgb&fit=max&fm=jpg&ixid=M3w5OTUzMzZ8MHwxfHNlYXJjaHw1NHx8ZHJlc3MlMjBmYXNoaW9uJTIwbWluaW1hbHxlbnwxfDF8fHwxNzg0MDkyNTgwfDA&ixlib=rb-4.1.0&q=80&w=1080,Brown dress,dress,A woman in a vintage dress stands by a window.,brown,7349,Elist Nguyen on Unsplash (https://unsplash.com/photos/a-woman-in-a-vintage-dress-stands-by-a-window-fv9zPZFkcbg)
https://images.unsplash.com/photo-1698823189208-195d77624fab?crop=entropy&cs=tinysrgb&fit=max&fm=jpg&ixid=M3w5OTUzMzZ8MHwxfHNlYXJjaHw1NXx8ZHJlc3MlMjBmYXNoaW9uJTIwbWluaW1hbHxlbnwxfDF8fHwxNzg0MDkyNTgwfDA&ixlib=rb-4.1.0&q=80&w=1080,Navy dress,dress,a person with their feet on a blanket near a swimming pool,navy,8149,Lena Polishko on Unsplash (https://unsplash.com/photos/a-person-with-their-feet-on-a-blanket-near-a-swimming-pool-WTV78bV4yw8)
https://images.unsplash.com/photo-1772443323934-2bf0282359c3?crop=entropy&cs=tinysrgb&fit=max&fm=jpg&ixid=M3w5OTUzMzZ8MHwxfHNlYXJjaHw1Nnx8ZHJlc3MlMjBmYXNoaW9uJTIwbWluaW1hbHxlbnwxfDF8fHwxNzg0MDkyNTgwfDA&ixlib=rb-4.1.0&q=80&w=1080,Black dress,dress,A woman in a light green traditional dress stands outdoors.,black,12149,Elist Nguyen on Unsplash (https://unsplash.com/photos/a-woman-in-a-light-green-traditional-dress-stands-outdoors-s4ZexC3oQXU)
https://images.unsplash.com/photo-1696075619122-f0bfe015d7ec?crop=entropy&cs=tinysrgb&fit=max&fm=jpg&ixid=M3w5OTUzMzZ8MHwxfHNlYXJjaHw1N3x8ZHJlc3MlMjBmYXNoaW9uJTIwbWluaW1hbHxlbnwxfDF8fHwxNzg0MDkyNTgwfDA&ixlib=rb-4.1.0&q=80&w=1080,Cream dress,dress,a woman in a blue dress standing on a pink staircase,cream,15749,Lena Polishko on Unsplash (https://unsplash.com/photos/a-woman-in-a-blue-dress-standing-on-a-pink-staircase-keZlNngYaso)
https://images.unsplash.com/photo-1772443324801-12f8ed846f4a?crop=entropy&cs=tinysrgb&fit=max&fm=jpg&ixid=M3w5OTUzMzZ8MHwxfHNlYXJjaHw1OHx8ZHJlc3MlMjBmYXNoaW9uJTIwbWluaW1hbHxlbnwxfDF8fHwxNzg0MDkyNTgwfDA&ixlib=rb-4.1.0&q=80&w=1080,Brown dress,dress,A woman in a light green traditional dress stands outdoors.,brown,10549,Elist Nguyen on Unsplash (https://unsplash.com/photos/a-woman-in-a-light-green-traditional-dress-stands-outdoors-q7ESAZstcZQ)
https://images.unsplash.com/photo-1761014219819-5cfb99c10d7f?crop=entropy&cs=tinysrgb&fit=max&fm=jpg&ixid=M3w5OTUzMzZ8MHwxfHNlYXJjaHw1OXx8ZHJlc3MlMjBmYXNoaW9uJTIwbWluaW1hbHxlbnwxfDF8fHwxNzg0MDkyNTgwfDA&ixlib=rb-4.1.0&q=80&w=1080,Beige dress,dress,A woman in a white dress stands outdoors.,beige,12949,Elist Nguyen on Unsplash (https://unsplash.com/photos/a-woman-in-a-white-dress-stands-outdoors-bUzXQRAbEyQ)
https://images.unsplash.com/photo-1772443324738-952f47bb52f4?crop=entropy&cs=tinysrgb&fit=max&fm=jpg&ixid=M3w5OTUzMzZ8MHwxfHNlYXJjaHw2MHx8ZHJlc3MlMjBmYXNoaW9uJTIwbWluaW1hbHxlbnwxfDF8fHwxNzg0MDkyNTgwfDA&ixlib=rb-4.1.0&q=80&w=1080,Black dress,dress,A woman in a traditional vietnamese dress holding a branch.,black,8699,Elist Nguyen on Unsplash (https://unsplash.com/photos/a-woman-in-a-traditional-vietnamese-dress-holding-a-branch-rnFzSRH-VS0)
https://images.unsplash.com/photo-1560769629-975ec94e6a86?crop=entropy&cs=tinysrgb&fit=max&fm=jpg&ixid=M3w5OTUzMzZ8MHwxfHNlYXJjaHwxfHxzbmVha2VycyUyMHNob2VzfGVufDF8MXx8fDE3ODQwOTI1ODJ8MA&ixlib=rb-4.1.0&q=80&w=1080,Cream sneakers,sneakers,pair of white-and-orange athletic shoes on white box,cream,17149,Irene Kredenets on Unsplash (https://unsplash.com/photos/pair-of-white-and-orange-athletic-shoes-on-white-box-dwKiHoqqxk8)
https://images.unsplash.com/photo-1512374382149-233c42b6a83b?crop=entropy&cs=tinysrgb&fit=max&fm=jpg&ixid=M3w5OTUzMzZ8MHwxfHNlYXJjaHwyfHxzbmVha2VycyUyMHNob2VzfGVufDF8MXx8fDE3ODQwOTI1ODJ8MA&ixlib=rb-4.1.0&q=80&w=1080,Green sneakers,sneakers,pair of white Nike high-top shoes,green,18349,Xavier Teo on Unsplash (https://unsplash.com/photos/pair-of-white-nike-high-top-shoes-SxAXphIPWeg)
https://images.unsplash.com/photo-1556906781-9a412961c28c?crop=entropy&cs=tinysrgb&fit=max&fm=jpg&ixid=M3w5OTUzMzZ8MHwxfHNlYXJjaHwzfHxzbmVha2VycyUyMHNob2VzfGVufDF8MXx8fDE3ODQwOTI1ODJ8MA&ixlib=rb-4.1.0&q=80&w=1080,Black sneakers,sneakers,man sitting on the ledge of a building wearing Air Jordan 1 low-top shoes,black,17299,Danilo Capece on Unsplash (https://unsplash.com/photos/man-sitting-on-the-ledge-of-a-building-wearing-air-jordan-1-low-top-shoes-NoVnXXmDNi0)
https://images.unsplash.com/photo-1603808033192-082d6919d3e1?crop=entropy&cs=tinysrgb&fit=max&fm=jpg&ixid=M3w5OTUzMzZ8MHwxfHNlYXJjaHw0fHxzbmVha2VycyUyMHNob2VzfGVufDF8MXx8fDE3ODQwOTI1ODJ8MA&ixlib=rb-4.1.0&q=80&w=1080,Red sneakers,sneakers,a pair of white and brown shoes on a table,red,19949,Mojtaba Fahiminia on Unsplash (https://unsplash.com/photos/a-pair-of-white-and-brown-shoes-on-a-table-t4g1gctAaKk)
https://images.unsplash.com/photo-1656944227421-416b1d2186c9?crop=entropy&cs=tinysrgb&fit=max&fm=jpg&ixid=M3w5OTUzMzZ8MHwxfHNlYXJjaHw1fHxzbmVha2VycyUyMHNob2VzfGVufDF8MXx8fDE3ODQwOTI1ODJ8MA&ixlib=rb-4.1.0&q=80&w=1080,Beige sneakers,sneakers,a red and white shoe,beige,16349,HamZa NOUASRIA on Unsplash (https://unsplash.com/photos/a-red-and-white-shoe-x_XDSQODS54)
https://images.unsplash.com/photo-1605523741177-cd660595c2cf?crop=entropy&cs=tinysrgb&fit=max&fm=jpg&ixid=M3w5OTUzMzZ8MHwxfHNlYXJjaHw2fHxzbmVha2VycyUyMHNob2VzfGVufDF8MXx8fDE3ODQwOTI1ODJ8MA&ixlib=rb-4.1.0&q=80&w=1080,Black sneakers,sneakers,white and red nike basketball shoes on green grass,black,10499,Ján Vlačuha on Unsplash (https://unsplash.com/photos/white-and-red-nike-basketball-shoes-on-green-grass-92_wMoF-yds)
https://images.unsplash.com/photo-1603808033176-9d134e6f2c74?crop=entropy&cs=tinysrgb&fit=max&fm=jpg&ixid=M3w5OTUzMzZ8MHwxfHNlYXJjaHw3fHxzbmVha2VycyUyMHNob2VzfGVufDF8MXx8fDE3ODQwOTI1ODJ8MA&ixlib=rb-4.1.0&q=80&w=1080,Red sneakers,sneakers,a pair of shoes sitting on top of a rock,red,14499,Mojtaba Fahiminia on Unsplash (https://unsplash.com/photos/a-pair-of-shoes-sitting-on-top-of-a-rock-q7lul0zB0Lg)
https://images.unsplash.com/photo-1656944227480-98180d2a5155?crop=entropy&cs=tinysrgb&fit=max&fm=jpg&ixid=M3w5OTUzMzZ8MHwxfHNlYXJjaHw4fHxzbmVha2VycyUyMHNob2VzfGVufDF8MXx8fDE3ODQwOTI1ODJ8MA&ixlib=rb-4.1.0&q=80&w=1080,White sneakers,sneakers,a red and white shoe,white,8899,HamZa NOUASRIA on Unsplash (https://unsplash.com/photos/a-red-and-white-shoe-8drAKKl1-_8)
https://images.unsplash.com/photo-1656164753657-8ff832063a71?crop=entropy&cs=tinysrgb&fit=max&fm=jpg&ixid=M3w5OTUzMzZ8MHwxfHNlYXJjaHw5fHxzbmVha2VycyUyMHNob2VzfGVufDF8MXx8fDE3ODQwOTI1ODJ8MA&ixlib=rb-4.1.0&q=80&w=1080,Black sneakers,sneakers,a pair of white shoes,black,12499,HamZa NOUASRIA on Unsplash (https://unsplash.com/photos/a-pair-of-white-shoes-ksrsdzqxCPg)
https://images.unsplash.com/photo-1628413993904-94ecb60f1239?crop=entropy&cs=tinysrgb&fit=max&fm=jpg&ixid=M3w5OTUzMzZ8MHwxfHNlYXJjaHwxMHx8c25lYWtlcnMlMjBzaG9lc3xlbnwxfDF8fHwxNzg0MDkyNTgyfDA&ixlib=rb-4.1.0&q=80&w=1080,Navy sneakers,sneakers,white and black nike air jordan 1 s,navy,7349,Deepal Tamang on Unsplash (https://unsplash.com/photos/white-and-black-nike-air-jordan-1-s--aMhLQwGd2g)
https://images.unsplash.com/photo-1618677831708-0e7fda3148b4?crop=entropy&cs=tinysrgb&fit=max&fm=jpg&ixid=M3w5OTUzMzZ8MHwxfHNlYXJjaHwxMXx8c25lYWtlcnMlMjBzaG9lc3xlbnwxfDF8fHwxNzg0MDkyNTgyfDA&ixlib=rb-4.1.0&q=80&w=1080,Navy sneakers,sneakers,white red and blue nike air jordan 1 s,navy,10099,Erik Mclean on Unsplash (https://unsplash.com/photos/white-red-and-blue-nike-air-jordan-1-s-e_qqXYMDyfM)
https://images.unsplash.com/photo-1656164603279-b989e21168ba?crop=entropy&cs=tinysrgb&fit=max&fm=jpg&ixid=M3w5OTUzMzZ8MHwxfHNlYXJjaHwxMnx8c25lYWtlcnMlMjBzaG9lc3xlbnwxfDF8fHwxNzg0MDkyNTgyfDA&ixlib=rb-4.1.0&q=80&w=1080,Black sneakers,sneakers,a white and black shoe,black,12549,HamZa NOUASRIA on Unsplash (https://unsplash.com/photos/a-white-and-black-shoe-9qyGYNJN0nI)
https://images.unsplash.com/photo-1678802910315-b1bf6ca9f6a6?crop=entropy&cs=tinysrgb&fit=max&fm=jpg&ixid=M3w5OTUzMzZ8MHwxfHNlYXJjaHwxM3x8c25lYWtlcnMlMjBzaG9lc3xlbnwxfDF8fHwxNzg0MDkyNTgyfDA&ixlib=rb-4.1.0&q=80&w=1080,Navy sneakers,sneakers,a black and blue shoe on a black surface,navy,7749,Solange M on Unsplash (https://unsplash.com/photos/a-black-and-blue-shoe-on-a-black-surface-uk2N4VIYJWQ)
https://images.unsplash.com/photo-1595909236612-9fd30b476365?crop=entropy&cs=tinysrgb&fit=max&fm=jpg&ixid=M3w5OTUzMzZ8MHwxfHNlYXJjaHwxNHx8c25lYWtlcnMlMjBzaG9lc3xlbnwxfDF8fHwxNzg0MDkyNTgyfDA&ixlib=rb-4.1.0&q=80&w=1080,Beige sneakers,sneakers,black and orange nike sneakers,beige,12899,Yalamber Limbu on Unsplash (https://unsplash.com/photos/black-and-orange-nike-sneakers-DS2ZIDNxWgk)
https://images.unsplash.com/photo-1650751909769-f918d36bab92?crop=entropy&cs=tinysrgb&fit=max&fm=jpg&ixid=M3w5OTUzMzZ8MHwxfHNlYXJjaHwxNXx8c25lYWtlcnMlMjBzaG9lc3xlbnwxfDF8fHwxNzg0MDkyNTgyfDA&ixlib=rb-4.1.0&q=80&w=1080,Navy sneakers,sneakers,a person's feet in a shoe on a shelf,navy,10349,Martin Błaszkiewicz on Unsplash (https://unsplash.com/photos/a-persons-feet-in-a-shoe-on-a-shelf-6E3Cid5vXRI)
https://images.unsplash.com/photo-1588099768550-4014589e03e0?crop=entropy&cs=tinysrgb&fit=max&fm=jpg&ixid=M3w5OTUzMzZ8MHwxfHNlYXJjaHwxNnx8c25lYWtlcnMlMjBzaG9lc3xlbnwxfDF8fHwxNzg0MDkyNTgyfDA&ixlib=rb-4.1.0&q=80&w=1080,White sneakers,sneakers,blue and orange nike high top sneakers,white,8899,Erik Mclean on Unsplash (https://unsplash.com/photos/blue-and-orange-nike-high-top-sneakers-SSb8DT51hX8)
https://images.unsplash.com/photo-1656230259229-aa2634e3352c?crop=entropy&cs=tinysrgb&fit=max&fm=jpg&ixid=M3w5OTUzMzZ8MHwxfHNlYXJjaHwxN3x8c25lYWtlcnMlMjBzaG9lc3xlbnwxfDF8fHwxNzg0MDkyNTgyfDA&ixlib=rb-4.1.0&q=80&w=1080,Navy sneakers,sneakers,a white shoe on a black background,navy,14299,HamZa NOUASRIA on Unsplash (https://unsplash.com/photos/a-white-shoe-on-a-black-background-sEEB0CtXsyI)
https://images.unsplash.com/photo-1557461761-c7c2b7a5fa97?crop=entropy&cs=tinysrgb&fit=max&fm=jpg&ixid=M3w5OTUzMzZ8MHwxfHNlYXJjaHwxOHx8c25lYWtlcnMlMjBzaG9lc3xlbnwxfDF8fHwxNzg0MDkyNTgyfDA&ixlib=rb-4.1.0&q=80&w=1080,Black sneakers,sneakers,unpaired black and white Nike sneaker on road,black,11299,Clint Bustrillos on Unsplash (https://unsplash.com/photos/unpaired-black-and-white-nike-sneaker-on-road-EpmJBf-kQRE)
https://images.unsplash.com/photo-1708088588197-bd7d8088019a?crop=entropy&cs=tinysrgb&fit=max&fm=jpg&ixid=M3w5OTUzMzZ8MHwxfHNlYXJjaHwxOXx8c25lYWtlcnMlMjBzaG9lc3xlbnwxfDF8fHwxNzg0MDkyNTgyfDA&ixlib=rb-4.1.0&q=80&w=1080,Green sneakers,sneakers,a large display of shoes in a black and white photo,green,18299,everysize on Unsplash (https://unsplash.com/photos/a-large-display-of-shoes-in-a-black-and-white-photo-dih2AY_9EAY)
https://images.unsplash.com/photo-1641997465126-c73cc4070337?crop=entropy&cs=tinysrgb&fit=max&fm=jpg&ixid=M3w5OTUzMzZ8MHwxfHNlYXJjaHwyMHx8c25lYWtlcnMlMjBzaG9lc3xlbnwxfDF8fHwxNzg0MDkyNTgyfDA&ixlib=rb-4.1.0&q=80&w=1080,White sneakers,sneakers,a pair of black and white sneakers on a white sheet,white,16949,Axel Bimashanda on Unsplash (https://unsplash.com/photos/a-pair-of-black-and-white-sneakers-on-a-white-sheet-q1CxL4K-fIg)
https://images.unsplash.com/photo-1512566793746-0f89bfe3cd06?crop=entropy&cs=tinysrgb&fit=max&fm=jpg&ixid=M3w5OTUzMzZ8MHwxfHNlYXJjaHwyMXx8c25lYWtlcnMlMjBzaG9lc3xlbnwxfDF8fHwxNzg0MDkyNTgyfDA&ixlib=rb-4.1.0&q=80&w=1080,Navy sneakers,sneakers,person holding white-and-red Nike running shoes,navy,17499,Andras Vas on Unsplash (https://unsplash.com/photos/person-holding-white-and-red-nike-running-shoes-IN5NlcSZJNY)
https://images.unsplash.com/photo-1727061180303-d91cdeca6f9c?crop=entropy&cs=tinysrgb&fit=max&fm=jpg&ixid=M3w5OTUzMzZ8MHwxfHNlYXJjaHwyMnx8c25lYWtlcnMlMjBzaG9lc3xlbnwxfDF8fHwxNzg0MDkyNTgyfDA&ixlib=rb-4.1.0&q=80&w=1080,White sneakers,sneakers,A pair of white sneakers sitting on top of a green box,white,13949,SJ 📸 on Unsplash (https://unsplash.com/photos/a-pair-of-white-sneakers-sitting-on-top-of-a-green-box-EgN1AQ37AuU)
https://images.unsplash.com/photo-1656944227425-5646be300a14?crop=entropy&cs=tinysrgb&fit=max&fm=jpg&ixid=M3w5OTUzMzZ8MHwxfHNlYXJjaHwyM3x8c25lYWtlcnMlMjBzaG9lc3xlbnwxfDF8fHwxNzg0MDkyNTgyfDA&ixlib=rb-4.1.0&q=80&w=1080,Black sneakers,sneakers,a person's hand holding a shoe,black,12899,HamZa NOUASRIA on Unsplash (https://unsplash.com/photos/a-persons-hand-holding-a-shoe-P5jD4-HwJVM)
https://images.unsplash.com/photo-1603808033596-5d1fa1629eae?crop=entropy&cs=tinysrgb&fit=max&fm=jpg&ixid=M3w5OTUzMzZ8MHwxfHNlYXJjaHwyNHx8c25lYWtlcnMlMjBzaG9lc3xlbnwxfDF8fHwxNzg0MDkyNTgyfDA&ixlib=rb-4.1.0&q=80&w=1080,Cream sneakers,sneakers,a pair of shoes sitting on top of a pile of rocks,cream,14699,Mojtaba Fahiminia on Unsplash (https://unsplash.com/photos/a-pair-of-shoes-sitting-on-top-of-a-pile-of-rocks-T9IqDhJVhEU)
https://images.unsplash.com/photo-1622760808027-095ea611f657?crop=entropy&cs=tinysrgb&fit=max&fm=jpg&ixid=M3w5OTUzMzZ8MHwxfHNlYXJjaHwyNXx8c25lYWtlcnMlMjBzaG9lc3xlbnwxfDF8fHwxNzg0MDkyNTgyfDA&ixlib=rb-4.1.0&q=80&w=1080,Cream sneakers,sneakers,a person holding onto a white tennis shoe,cream,10699,mojtaba mosayebzadeh on Unsplash (https://unsplash.com/photos/a-person-holding-onto-a-white-tennis-shoe-gGEt1xMn3ak)
https://images.unsplash.com/photo-1574946943172-4800feadfab7?crop=entropy&cs=tinysrgb&fit=max&fm=jpg&ixid=M3w5OTUzMzZ8MHwxfHNlYXJjaHwyNnx8c25lYWtlcnMlMjBzaG9lc3xlbnwxfDF8fHwxNzg0MDkyNTgyfDA&ixlib=rb-4.1.0&q=80&w=1080,Blue sneakers,sneakers,person wearing black-and-white Vans Sk8-Hi sneakers,blue,7349,Tamas Pap on Unsplash (https://unsplash.com/photos/person-wearing-black-and-white-vans-sk8-hi-sneakers-_PLpBPi6IB4)
https://images.unsplash.com/photo-1618677831741-6260a73ff4f9?crop=entropy&cs=tinysrgb&fit=max&fm=jpg&ixid=M3w5OTUzMzZ8MHwxfHNlYXJjaHwyN3x8c25lYWtlcnMlMjBzaG9lc3xlbnwxfDF8fHwxNzg0MDkyNTgyfDA&ixlib=rb-4.1.0&q=80&w=1080,Navy sneakers,sneakers,blue orange and white nike air max,navy,6149,Erik Mclean on Unsplash (https://unsplash.com/photos/blue-orange-and-white-nike-air-max-QusP3UCvP5Y)
https://images.unsplash.com/photo-1615440321519-dda3d4b5ccab?crop=entropy&cs=tinysrgb&fit=max&fm=jpg&ixid=M3w5OTUzMzZ8MHwxfHNlYXJjaHwyOHx8c25lYWtlcnMlMjBzaG9lc3xlbnwxfDF8fHwxNzg0MDkyNTgyfDA&ixlib=rb-4.1.0&q=80&w=1080,Beige sneakers,sneakers,person wearing white and red nike sneakers,beige,11099,LOGAN WEAVER | @LGNWVR on Unsplash (https://unsplash.com/photos/person-wearing-white-and-red-nike-sneakers-gFlJs7JEh3c)
https://images.unsplash.com/photo-1663179046056-538a182cfa8a?crop=entropy&cs=tinysrgb&fit=max&fm=jpg&ixid=M3w5OTUzMzZ8MHwxfHNlYXJjaHwyOXx8c25lYWtlcnMlMjBzaG9lc3xlbnwxfDF8fHwxNzg0MDkyNTgyfDA&ixlib=rb-4.1.0&q=80&w=1080,Navy sneakers,sneakers,a pair of shoes,navy,13549,Hitomi Bremmer on Unsplash (https://unsplash.com/photos/a-pair-of-shoes-ekt4EPEt4RQ)
https://images.unsplash.com/photo-1634671494478-18ae96453241?crop=entropy&cs=tinysrgb&fit=max&fm=jpg&ixid=M3w5OTUzMzZ8MHwxfHNlYXJjaHwzMHx8c25lYWtlcnMlMjBzaG9lc3xlbnwxfDF8fHwxNzg0MDkyNTgyfDA&ixlib=rb-4.1.0&q=80&w=1080,Black sneakers,sneakers,a pair of white shoes sitting on top of a wooden stool,black,12549,Kimia Zarifi on Unsplash (https://unsplash.com/photos/a-pair-of-white-shoes-sitting-on-top-of-a-wooden-stool-1NXsoyQaP5M)
https://images.unsplash.com/photo-1665517464780-ab4f42d8af95?crop=entropy&cs=tinysrgb&fit=max&fm=jpg&ixid=M3w5OTUzMzZ8MHwxfHNlYXJjaHwzMXx8c25lYWtlcnMlMjBzaG9lc3xlbnwxfDF8fHwxNzg0MDkyNTg0fDA&ixlib=rb-4.1.0&q=80&w=1080,Navy sneakers,sneakers,a pair of shoes on a bed,navy,10749,Ujjawal Gupta on Unsplash (https://unsplash.com/photos/a-pair-of-shoes-on-a-bed-goYYamcwi1Q)
https://images.unsplash.com/photo-1591370409347-2fd43b7842de?crop=entropy&cs=tinysrgb&fit=max&fm=jpg&ixid=M3w5OTUzMzZ8MHwxfHNlYXJjaHwzMnx8c25lYWtlcnMlMjBzaG9lc3xlbnwxfDF8fHwxNzg0MDkyNTg0fDA&ixlib=rb-4.1.0&q=80&w=1080,Cream sneakers,sneakers,brown and black lace up shoes,cream,12699,Klim Musalimov on Unsplash (https://unsplash.com/photos/brown-and-black-lace-up-shoes-XGJH7Xgd1x4)
https://images.unsplash.com/photo-1531851378526-c7c8eb5cb43f?crop=entropy&cs=tinysrgb&fit=max&fm=jpg&ixid=M3w5OTUzMzZ8MHwxfHNlYXJjaHwzM3x8c25lYWtlcnMlMjBzaG9lc3xlbnwxfDF8fHwxNzg0MDkyNTg0fDA&ixlib=rb-4.1.0&q=80&w=1080,Grey sneakers,sneakers,person in black pants sitting on gray concrete surface,grey,8349,Nicolas Lobos on Unsplash (https://unsplash.com/photos/person-in-black-pants-sitting-on-gray-concrete-surface-iCl-KU3QmJA)
https://images.unsplash.com/photo-1657595613172-f4968c73aa01?crop=entropy&cs=tinysrgb&fit=max&fm=jpg&ixid=M3w5OTUzMzZ8MHwxfHNlYXJjaHwzNHx8c25lYWtlcnMlMjBzaG9lc3xlbnwxfDF8fHwxNzg0MDkyNTg0fDA&ixlib=rb-4.1.0&q=80&w=1080,Brown sneakers,sneakers,diagram,brown,15949,HamZa NOUASRIA on Unsplash (https://unsplash.com/photos/diagram-MY3vOtJXCT4)
https://images.unsplash.com/photo-1726133812290-1fcc8a0658a4?crop=entropy&cs=tinysrgb&fit=max&fm=jpg&ixid=M3w5OTUzMzZ8MHwxfHNlYXJjaHwzNXx8c25lYWtlcnMlMjBzaG9lc3xlbnwxfDF8fHwxNzg0MDkyNTg0fDA&ixlib=rb-4.1.0&q=80&w=1080,Yellow sneakers,sneakers,A pair of shoes that are on top of a pole,yellow,8549,Rohit Sharma on Unsplash (https://unsplash.com/photos/a-pair-of-shoes-that-are-on-top-of-a-pole-FZPBDun6FKY)
https://images.unsplash.com/photo-1547701865-941c3731e8af?crop=entropy&cs=tinysrgb&fit=max&fm=jpg&ixid=M3w5OTUzMzZ8MHwxfHNlYXJjaHwzNnx8c25lYWtlcnMlMjBzaG9lc3xlbnwxfDF8fHwxNzg0MDkyNTg0fDA&ixlib=rb-4.1.0&q=80&w=1080,White sneakers,sneakers,"person holding blue, white, and brown running shoe",white,12949,Charles Etoroma on Unsplash (https://unsplash.com/photos/person-holding-blue-white-and-brown-running-shoe-DNm_VO7tgUI)
https://images.unsplash.com/photo-1650320079970-b4ee8f0dae33?crop=entropy&cs=tinysrgb&fit=max&fm=jpg&ixid=M3w5OTUzMzZ8MHwxfHNlYXJjaHwzN3x8c25lYWtlcnMlMjBzaG9lc3xlbnwxfDF8fHwxNzg0MDkyNTg0fDA&ixlib=rb-4.1.0&q=80&w=1080,Green sneakers,sneakers,a pair of red sneakers with white laces,green,16949,Paulina Milde-Jachowska on Unsplash (https://unsplash.com/photos/a-pair-of-red-sneakers-with-white-laces-bJqg5g6EANs)
https://images.unsplash.com/photo-1634579335989-769a493be0ef?crop=entropy&cs=tinysrgb&fit=max&fm=jpg&ixid=M3w5OTUzMzZ8MHwxfHNlYXJjaHwzOHx8c25lYWtlcnMlMjBzaG9lc3xlbnwxfDF8fHwxNzg0MDkyNTg0fDA&ixlib=rb-4.1.0&q=80&w=1080,Black sneakers,sneakers,a person standing on top of a lush green field,black,14899,Tony Sebastian on Unsplash (https://unsplash.com/photos/a-person-standing-on-top-of-a-lush-green-field-GUo4dFcobkg)
https://images.unsplash.com/photo-1780824946673-5361771bf8a0?crop=entropy&cs=tinysrgb&fit=max&fm=jpg&ixid=M3w5OTUzMzZ8MHwxfHNlYXJjaHwzOXx8c25lYWtlcnMlMjBzaG9lc3xlbnwxfDF8fHwxNzg0MDkyNTg0fDA&ixlib=rb-4.1.0&q=80&w=1080,Cream sneakers,sneakers,Stylish white sneaker with gold emblem in dramatic lighting.,cream,19899,Jordan Hou on Unsplash (https://unsplash.com/photos/stylish-white-sneaker-with-gold-emblem-in-dramatic-lighting-_0_b9c0HZPM)
https://images.unsplash.com/photo-1778521157912-620fd0d3c6e1?crop=entropy&cs=tinysrgb&fit=max&fm=jpg&ixid=M3w5OTUzMzZ8MHwxfHNlYXJjaHw0MHx8c25lYWtlcnMlMjBzaG9lc3xlbnwxfDF8fHwxNzg0MDkyNTg0fDA&ixlib=rb-4.1.0&q=80&w=1080,Black sneakers,sneakers,"Sneakers on display stands under warm, focused lighting.",black,18749,Sou Jest on Unsplash (https://unsplash.com/photos/sneakers-on-display-stands-under-warm-focused-lighting-DXTT02-ee-8)
https://images.unsplash.com/photo-1780824946972-bcba0d6df87a?crop=entropy&cs=tinysrgb&fit=max&fm=jpg&ixid=M3w5OTUzMzZ8MHwxfHNlYXJjaHw0MXx8c25lYWtlcnMlMjBzaG9lc3xlbnwxfDF8fHwxNzg0MDkyNTg0fDA&ixlib=rb-4.1.0&q=80&w=1080,Navy sneakers,sneakers,White and brown sneaker illuminated by sunlight.,navy,9549,Jordan Hou on Unsplash (https://unsplash.com/photos/white-and-brown-sneaker-illuminated-by-sunlight-F08HGIpHpdg)
https://images.unsplash.com/photo-1778854290517-8c7fc019f49e?crop=entropy&cs=tinysrgb&fit=max&fm=jpg&ixid=M3w5OTUzMzZ8MHwxfHNlYXJjaHw0Mnx8c25lYWtlcnMlMjBzaG9lc3xlbnwxfDF8fHwxNzg0MDkyNTg0fDA&ixlib=rb-4.1.0&q=80&w=1080,Grey sneakers,sneakers,Pair of grey athletic shoes resting on black leather,grey,14149,N1CE on Unsplash (https://unsplash.com/photos/pair-of-grey-athletic-shoes-resting-on-black-leather-d6A01mXazVQ)
https://images.unsplash.com/photo-1780824947013-dc7e01284025?crop=entropy&cs=tinysrgb&fit=max&fm=jpg&ixid=M3w5OTUzMzZ8MHwxfHNlYXJjaHw0M3x8c25lYWtlcnMlMjBzaG9lc3xlbnwxfDF8fHwxNzg0MDkyNTg0fDA&ixlib=rb-4.1.0&q=80&w=1080,Cream sneakers,sneakers,A white sneaker with brown lining against a light wall.,cream,6149,Jordan Hou on Unsplash (https://unsplash.com/photos/a-white-sneaker-with-brown-lining-against-a-light-wall-JuTTrDggKvg)
https://images.unsplash.com/photo-1759542890353-35f5568c1c90?crop=entropy&cs=tinysrgb&fit=max&fm=jpg&ixid=M3w5OTUzMzZ8MHwxfHNlYXJjaHw0NHx8c25lYWtlcnMlMjBzaG9lc3xlbnwxfDF8fHwxNzg0MDkyNTg0fDA&ixlib=rb-4.1.0&q=80&w=1080,Navy sneakers,sneakers,A person wearing white sneakers on a brick path.,navy,14499,Miguel luiz Tinoco on Unsplash (https://unsplash.com/photos/a-person-wearing-white-sneakers-on-a-brick-path-q7sKe0Af6hc)
https://images.unsplash.com/photo-1772116278423-732c1f32c1a7?crop=entropy&cs=tinysrgb&fit=max&fm=jpg&ixid=M3w5OTUzMzZ8MHwxfHNlYXJjaHw0NXx8c25lYWtlcnMlMjBzaG9lc3xlbnwxfDF8fHwxNzg0MDkyNTg0fDA&ixlib=rb-4.1.0&q=80&w=1080,Black sneakers,sneakers,Close up of orange basketball shoes on a wooden court,black,17299,Kevin Venegas-Gallardo on Unsplash (https://unsplash.com/photos/close-up-of-orange-basketball-shoes-on-a-wooden-court-MTJmuNTSMLw)
https://images.unsplash.com/photo-1619448889339-f5714e1c7eae?crop=entropy&cs=tinysrgb&fit=max&fm=jpg&ixid=M3w5OTUzMzZ8MHwxfHNlYXJjaHw0Nnx8c25lYWtlcnMlMjBzaG9lc3xlbnwxfDF8fHwxNzg0MDkyNTg0fDA&ixlib=rb-4.1.0&q=80&w=1080,Navy sneakers,sneakers,person in blue denim jeans and black and white converse all star high top sneakers,navy,10749,Andrea Seiler on Unsplash (https://unsplash.com/photos/person-in-blue-denim-jeans-and-black-and-white-converse-all-star-high-top-sneakers-4bFdBU-SvWs)
https://images.unsplash.com/photo-1578314921455-34dd4626b38d?crop=entropy&cs=tinysrgb&fit=max&fm=jpg&ixid=M3w5OTUzMzZ8MHwxfHNlYXJjaHw0N3x8c25lYWtlcnMlMjBzaG9lc3xlbnwxfDF8fHwxNzg0MDkyNTg0fDA&ixlib=rb-4.1.0&q=80&w=1080,Beige sneakers,sneakers,shallow focus photo of pair of white-and-black running shoes,beige,7699,Mayur on Unsplash (https://unsplash.com/photos/shallow-focus-photo-of-pair-of-white-and-black-running-shoes-Ijp_wDimUMc)
https://images.unsplash.com/photo-1608314122611-583bb07de55d?crop=entropy&cs=tinysrgb&fit=max&fm=jpg&ixid=M3w5OTUzMzZ8MHwxfHNlYXJjaHw0OHx8c25lYWtlcnMlMjBzaG9lc3xlbnwxfDF8fHwxNzg0MDkyNTg0fDA&ixlib=rb-4.1.0&q=80&w=1080,Navy sneakers,sneakers,green and black nike high top sneakers,navy,15749,Love Arya on Unsplash (https://unsplash.com/photos/green-and-black-nike-high-top-sneakers-SO6_614fZHM)
https://images.unsplash.com/photo-1686067186305-66bbacac007b?crop=entropy&cs=tinysrgb&fit=max&fm=jpg&ixid=M3w5OTUzMzZ8MHwxfHNlYXJjaHw0OXx8c25lYWtlcnMlMjBzaG9lc3xlbnwxfDF8fHwxNzg0MDkyNTg0fDA&ixlib=rb-4.1.0&q=80&w=1080,Black sneakers,sneakers,a pair of tennis shoes sitting on the ground,black,6149,amir maleky on Unsplash (https://unsplash.com/photos/a-pair-of-tennis-shoes-sitting-on-the-ground-zKiZs8wz3us)
https://images.unsplash.com/photo-1626379577015-757070c9c17a?crop=entropy&cs=tinysrgb&fit=max&fm=jpg&ixid=M3w5OTUzMzZ8MHwxfHNlYXJjaHw1MHx8c25lYWtlcnMlMjBzaG9lc3xlbnwxfDF8fHwxNzg0MDkyNTg0fDA&ixlib=rb-4.1.0&q=80&w=1080,Cream sneakers,sneakers,white and blue nike sneakers,cream,13349,Maria Fernanda Pissioli on Unsplash (https://unsplash.com/photos/white-and-blue-nike-sneakers-uB--pKoJ1tw)
https://images.unsplash.com/photo-1626379578064-a4bb99c63733?crop=entropy&cs=tinysrgb&fit=max&fm=jpg&ixid=M3w5OTUzMzZ8MHwxfHNlYXJjaHw1MXx8c25lYWtlcnMlMjBzaG9lc3xlbnwxfDF8fHwxNzg0MDkyNTg0fDA&ixlib=rb-4.1.0&q=80&w=1080,Navy sneakers,sneakers,white and black nike athletic shoes on brown wooden table,navy,14549,Maria Fernanda Pissioli on Unsplash (https://unsplash.com/photos/white-and-black-nike-athletic-shoes-on-brown-wooden-table-6SID2NJytmA)
https://images.unsplash.com/photo-1709258228137-19a8c193be39?crop=entropy&cs=tinysrgb&fit=max&fm=jpg&ixid=M3w5OTUzMzZ8MHwxfHNlYXJjaHw1Mnx8c25lYWtlcnMlMjBzaG9lc3xlbnwxfDF8fHwxNzg0MDkyNTg0fDA&ixlib=rb-4.1.0&q=80&w=1080,Green sneakers,sneakers,a pair of running shoes sitting on top of a table,green,12149,Tanaphong Toochinda on Unsplash (https://unsplash.com/photos/a-pair-of-running-shoes-sitting-on-top-of-a-table-WWDMEVcGPbU)
https://images.unsplash.com/photo-1570132167884-9cb5adee83fd?crop=entropy&cs=tinysrgb&fit=max&fm=jpg&ixid=M3w5OTUzMzZ8MHwxfHNlYXJjaHw1M3x8c25lYWtlcnMlMjBzaG9lc3xlbnwxfDF8fHwxNzg0MDkyNTg0fDA&ixlib=rb-4.1.0&q=80&w=1080,Cream sneakers,sneakers,unpaired brown low-top shoe,cream,11749,Case Hubbart on Unsplash (https://unsplash.com/photos/unpaired-brown-low-top-shoe-XXzYO43orlA)
https://images.unsplash.com/photo-1669959919520-df8a43c6ff39?crop=entropy&cs=tinysrgb&fit=max&fm=jpg&ixid=M3w5OTUzMzZ8MHwxfHNlYXJjaHw1NHx8c25lYWtlcnMlMjBzaG9lc3xlbnwxfDF8fHwxNzg0MDkyNTg0fDA&ixlib=rb-4.1.0&q=80&w=1080,White sneakers,sneakers,a group of shoes on a shelf,white,16749,Scott Elkins on Unsplash (https://unsplash.com/photos/a-group-of-shoes-on-a-shelf-W-C4JRidLPc)
https://images.unsplash.com/photo-1663179054951-1cbabe00522f?crop=entropy&cs=tinysrgb&fit=max&fm=jpg&ixid=M3w5OTUzMzZ8MHwxfHNlYXJjaHw1NXx8c25lYWtlcnMlMjBzaG9lc3xlbnwxfDF8fHwxNzg0MDkyNTg0fDA&ixlib=rb-4.1.0&q=80&w=1080,Navy sneakers,sneakers,a pair of black and white sneakers,navy,15899,Hitomi Bremmer on Unsplash (https://unsplash.com/photos/a-pair-of-black-and-white-sneakers-8mrKa1lTmmU)
https://images.unsplash.com/photo-1570132151768-55adb52c3887?crop=entropy&cs=tinysrgb&fit=max&fm=jpg&ixid=M3w5OTUzMzZ8MHwxfHNlYXJjaHw1Nnx8c25lYWtlcnMlMjBzaG9lc3xlbnwxfDF8fHwxNzg0MDkyNTg0fDA&ixlib=rb-4.1.0&q=80&w=1080,Cream sneakers,sneakers,assorted-color Nike basketball shoes,cream,7899,Case Hubbart on Unsplash (https://unsplash.com/photos/assorted-color-nike-basketball-shoes-RdwzfZ4yhkc)
https://images.unsplash.com/photo-1652856033778-362bd6925708?crop=entropy&cs=tinysrgb&fit=max&fm=jpg&ixid=M3w5OTUzMzZ8MHwxfHNlYXJjaHw1N3x8c25lYWtlcnMlMjBzaG9lc3xlbnwxfDF8fHwxNzg0MDkyNTg0fDA&ixlib=rb-4.1.0&q=80&w=1080,Navy sneakers,sneakers,a person standing on top of a pile of rocks,navy,13149,Pavol Duracka on Unsplash (https://unsplash.com/photos/a-person-standing-on-top-of-a-pile-of-rocks-rqwvi-N1DUc)
https://images.unsplash.com/photo-1599670998937-441a3a74b2f1?crop=entropy&cs=tinysrgb&fit=max&fm=jpg&ixid=M3w5OTUzMzZ8MHwxfHNlYXJjaHw1OHx8c25lYWtlcnMlMjBzaG9lc3xlbnwxfDF8fHwxNzg0MDkyNTg0fDA&ixlib=rb-4.1.0&q=80&w=1080,Beige sneakers,sneakers,person wearing white low top sneakers,beige,9949,LOGAN WEAVER | @LGNWVR on Unsplash (https://unsplash.com/photos/person-wearing-white-low-top-sneakers-GILIG9XVfo4)
https://images.unsplash.com/photo-1570132184874-1d1b6cc09f69?crop=entropy&cs=tinysrgb&fit=max&fm=jpg&ixid=M3w5OTUzMzZ8MHwxfHNlYXJjaHw1OXx8c25lYWtlcnMlMjBzaG9lc3xlbnwxfDF8fHwxNzg0MDkyNTg0fDA&ixlib=rb-4.1.0&q=80&w=1080,Cream sneakers,sneakers,three unpaired gray adidas running shoes with boxes,cream,15499,Case Hubbart on Unsplash (https://unsplash.com/photos/three-unpaired-gray-adidas-running-shoes-with-boxes-hBTEv3L_f1E)
https://images.unsplash.com/photo-1619253341026-74c609e6ce50?crop=entropy&cs=tinysrgb&fit=max&fm=jpg&ixid=M3w5OTUzMzZ8MHwxfHNlYXJjaHw2MHx8c25lYWtlcnMlMjBzaG9lc3xlbnwxfDF8fHwxNzg0MDkyNTg0fDA&ixlib=rb-4.1.0&q=80&w=1080,Pink sneakers,sneakers,black and white nike athletic shoes,pink,9099,Mana Akbarzadegan on Unsplash (https://unsplash.com/photos/black-and-white-nike-athletic-shoes-kLnlaZJ4SMA)
https://images.unsplash.com/photo-1605812860427-4024433a70fd?crop=entropy&cs=tinysrgb&fit=max&fm=jpg&ixid=M3w5OTUzMzZ8MHwxfHNlYXJjaHwxfHxsZWF0aGVyJTIwYm9vdHMlMjBzaG9lc3xlbnwxfDF8fHwxNzg0MDkyNTg2fDA&ixlib=rb-4.1.0&q=80&w=1080,Navy boots,boots,brown leather lace up boot,navy,10549,Maxim Hopman on Unsplash (https://unsplash.com/photos/brown-leather-lace-up-boot-8cT5ja0P_N4)
https://images.unsplash.com/photo-1608256246200-53e635b5b65f?crop=entropy&cs=tinysrgb&fit=max&fm=jpg&ixid=M3w5OTUzMzZ8MHwxfHNlYXJjaHwyfHxsZWF0aGVyJTIwYm9vdHMlMjBzaG9lc3xlbnwxfDF8fHwxNzg0MDkyNTg2fDA&ixlib=rb-4.1.0&q=80&w=1080,Navy boots,boots,brown leather lace up boots,navy,16949,Zac Wolff on Unsplash (https://unsplash.com/photos/brown-leather-lace-up-boots-esxf7PJmExQ)
https://images.unsplash.com/photo-1706587161985-abec97ad6af8?crop=entropy&cs=tinysrgb&fit=max&fm=jpg&ixid=M3w5OTUzMzZ8MHwxfHNlYXJjaHwzfHxsZWF0aGVyJTIwYm9vdHMlMjBzaG9lc3xlbnwxfDF8fHwxNzg0MDkyNTg2fDA&ixlib=rb-4.1.0&q=80&w=1080,Green boots,boots,a pair of brown boots sitting on top of a wooden floor,green,19499,Coekieshots on Unsplash (https://unsplash.com/photos/a-pair-of-brown-boots-sitting-on-top-of-a-wooden-floor-ixAV_QuvHYE)
https://images.unsplash.com/photo-1621996659546-b0dd8b7e57af?crop=entropy&cs=tinysrgb&fit=max&fm=jpg&ixid=M3w5OTUzMzZ8MHwxfHNlYXJjaHw0fHxsZWF0aGVyJTIwYm9vdHMlMjBzaG9lc3xlbnwxfDF8fHwxNzg0MDkyNTg2fDA&ixlib=rb-4.1.0&q=80&w=1080,Black boots,boots,black and brown leather lace up boots,black,18549,Kier in Sight Archives on Unsplash (https://unsplash.com/photos/black-and-brown-leather-lace-up-boots-R0mbwH2wxj0)
https://images.unsplash.com/photo-1581803274518-8d42d0c961de?crop=entropy&cs=tinysrgb&fit=max&fm=jpg&ixid=M3w5OTUzMzZ8MHwxfHNlYXJjaHw1fHxsZWF0aGVyJTIwYm9vdHMlMjBzaG9lc3xlbnwxfDF8fHwxNzg0MDkyNTg2fDA&ixlib=rb-4.1.0&q=80&w=1080,Navy boots,boots,person in black leather boots standing on snow covered ground,navy,15549,LOGAN WEAVER | @LGNWVR on Unsplash (https://unsplash.com/photos/person-in-black-leather-boots-standing-on-snow-covered-ground-heXwI7ynVmE)
https://images.unsplash.com/photo-1558412915-9db18f878b23?crop=entropy&cs=tinysrgb&fit=max&fm=jpg&ixid=M3w5OTUzMzZ8MHwxfHNlYXJjaHw2fHxsZWF0aGVyJTIwYm9vdHMlMjBzaG9lc3xlbnwxfDF8fHwxNzg0MDkyNTg2fDA&ixlib=rb-4.1.0&q=80&w=1080,Grey boots,boots,pair of brown leather boots on pavement,grey,14949,Ben Weber on Unsplash (https://unsplash.com/photos/pair-of-brown-leather-boots-on-pavement-0ADu2oLJmHs)
https://images.unsplash.com/photo-1557673862-a2a470406a30?crop=entropy&cs=tinysrgb&fit=max&fm=jpg&ixid=M3w5OTUzMzZ8MHwxfHNlYXJjaHw3fHxsZWF0aGVyJTIwYm9vdHMlMjBzaG9lc3xlbnwxfDF8fHwxNzg0MDkyNTg2fDA&ixlib=rb-4.1.0&q=80&w=1080,Black boots,boots,unpaired brown boot,black,17299,matthew Feeney on Unsplash (https://unsplash.com/photos/unpaired-brown-boot-eTmZ2BEj1vU)
https://images.unsplash.com/photo-1638158980051-f7e67291efed?crop=entropy&cs=tinysrgb&fit=max&fm=jpg&ixid=M3w5OTUzMzZ8MHwxfHNlYXJjaHw4fHxsZWF0aGVyJTIwYm9vdHMlMjBzaG9lc3xlbnwxfDF8fHwxNzg0MDkyNTg2fDA&ixlib=rb-4.1.0&q=80&w=1080,Navy boots,boots,a pair of brown shoes sitting on top of a pile of rocks,navy,17499,Hans on Unsplash (https://unsplash.com/photos/a-pair-of-brown-shoes-sitting-on-top-of-a-pile-of-rocks-ZkldJg_O4Lc)
https://images.unsplash.com/photo-1638953173691-671b6c2692fa?crop=entropy&cs=tinysrgb&fit=max&fm=jpg&ixid=M3w5OTUzMzZ8MHwxfHNlYXJjaHw5fHxsZWF0aGVyJTIwYm9vdHMlMjBzaG9lc3xlbnwxfDF8fHwxNzg0MDkyNTg2fDA&ixlib=rb-4.1.0&q=80&w=1080,Green boots,boots,a pair of shoes sitting on top of a wooden shelf,green,10499,Paulina Milde-Jachowska on Unsplash (https://unsplash.com/photos/a-pair-of-shoes-sitting-on-top-of-a-wooden-shelf-XO9WoYVtf3w)
https://images.unsplash.com/photo-1621996659490-3275b4d0d951?crop=entropy&cs=tinysrgb&fit=max&fm=jpg&ixid=M3w5OTUzMzZ8MHwxfHNlYXJjaHwxMHx8bGVhdGhlciUyMGJvb3RzJTIwc2hvZXN8ZW58MXwxfHx8MTc4NDA5MjU4Nnww&ixlib=rb-4.1.0&q=80&w=1080,White boots,boots,womens brown leather peep toe heeled shoes,white,24699,Kier in Sight Archives on Unsplash (https://unsplash.com/photos/womens-brown-leather-peep-toe-heeled-shoes-b4Xk6bzgQWU)
https://images.unsplash.com/photo-1597606781340-e2661f37b5b3?crop=entropy&cs=tinysrgb&fit=max&fm=jpg&ixid=M3w5OTUzMzZ8MHwxfHNlYXJjaHwxMXx8bGVhdGhlciUyMGJvb3RzJTIwc2hvZXN8ZW58MXwxfHx8MTc4NDA5MjU4Nnww&ixlib=rb-4.1.0&q=80&w=1080,Navy boots,boots,brown and black hiking shoes on green grass,navy,8099,Scott Gummerson on Unsplash (https://unsplash.com/photos/brown-and-black-hiking-shoes-on-green-grass-YjvyRld9ZMw)
https://images.unsplash.com/photo-1777987601423-f350ac29b3e9?crop=entropy&cs=tinysrgb&fit=max&fm=jpg&ixid=M3w5OTUzMzZ8MHwxfHNlYXJjaHwxMnx8bGVhdGhlciUyMGJvb3RzJTIwc2hvZXN8ZW58MXwxfHx8MTc4NDA5MjU4Nnww&ixlib=rb-4.1.0&q=80&w=1080,Green boots,boots,A pair of brown leather chelsea boots on wood.,green,12149,Husien Bisky on Unsplash (https://unsplash.com/photos/a-pair-of-brown-leather-chelsea-boots-on-wood-ju-B5nlGXzE)
https://images.unsplash.com/photo-1774112071355-e96575421bd7?crop=entropy&cs=tinysrgb&fit=max&fm=jpg&ixid=M3w5OTUzMzZ8MHwxfHNlYXJjaHwxM3x8bGVhdGhlciUyMGJvb3RzJTIwc2hvZXN8ZW58MXwxfHx8MTc4NDA5MjU4Nnww&ixlib=rb-4.1.0&q=80&w=1080,Brown boots,boots,Person wearing brown leather boots and pants,brown,16949,Ravi Sharma on Unsplash (https://unsplash.com/photos/person-wearing-brown-leather-boots-and-pants-pkq0p-Fa0yA)
https://images.unsplash.com/photo-1783408356415-a4c33cd1d773?crop=entropy&cs=tinysrgb&fit=max&fm=jpg&ixid=M3w5OTUzMzZ8MHwxfHNlYXJjaHwxNHx8bGVhdGhlciUyMGJvb3RzJTIwc2hvZXN8ZW58MXwxfHx8MTc4NDA5MjU4Nnww&ixlib=rb-4.1.0&q=80&w=1080,Navy boots,boots,A wall display of various timberland boots in different colors.,navy,23299,Emmanuel M on Unsplash (https://unsplash.com/photos/a-wall-display-of-various-timberland-boots-in-different-colors-NIpNs-qpmec)
https://images.unsplash.com/photo-1777987601677-3059be0e1388?crop=entropy&cs=tinysrgb&fit=max&fm=jpg&ixid=M3w5OTUzMzZ8MHwxfHNlYXJjaHwxNXx8bGVhdGhlciUyMGJvb3RzJTIwc2hvZXN8ZW58MXwxfHx8MTc4NDA5MjU4Nnww&ixlib=rb-4.1.0&q=80&w=1080,Grey boots,boots,A pair of polished brown leather chelsea boots,grey,17499,Husien Bisky on Unsplash (https://unsplash.com/photos/a-pair-of-polished-brown-leather-chelsea-boots-AwhukWqsfSs)
https://images.unsplash.com/photo-1646522849589-555751657149?crop=entropy&cs=tinysrgb&fit=max&fm=jpg&ixid=M3w5OTUzMzZ8MHwxfHNlYXJjaHwxNnx8bGVhdGhlciUyMGJvb3RzJTIwc2hvZXN8ZW58MXwxfHx8MTc4NDA5MjU4Nnww&ixlib=rb-4.1.0&q=80&w=1080,Navy boots,boots,a person wearing a watch on their wrist,navy,21749,Travis on Unsplash (https://unsplash.com/photos/a-person-wearing-a-watch-on-their-wrist-8Idbi1rcS60)
https://images.unsplash.com/photo-1603587979462-2591fd6f5144?crop=entropy&cs=tinysrgb&fit=max&fm=jpg&ixid=M3w5OTUzMzZ8MHwxfHNlYXJjaHwxN3x8bGVhdGhlciUyMGJvb3RzJTIwc2hvZXN8ZW58MXwxfHx8MTc4NDA5MjU4Nnww&ixlib=rb-4.1.0&q=80&w=1080,Brown boots,boots,person wearing brown leather shoes standing on dried leaves,brown,14149,Clay Banks on Unsplash (https://unsplash.com/photos/person-wearing-brown-leather-shoes-standing-on-dried-leaves-kbrXlb5JQdk)
https://images.unsplash.com/photo-1723139673756-993980586129?crop=entropy&cs=tinysrgb&fit=max&fm=jpg&ixid=M3w5OTUzMzZ8MHwxfHNlYXJjaHwxOHx8bGVhdGhlciUyMGJvb3RzJTIwc2hvZXN8ZW58MXwxfHx8MTc4NDA5MjU4Nnww&ixlib=rb-4.1.0&q=80&w=1080,Navy boots,boots,A bunch of tires that are hanging on a wall,navy,10499,Julian Rösner on Unsplash (https://unsplash.com/photos/a-bunch-of-tires-that-are-hanging-on-a-wall-qrjz8rbnBjg)
https://images.unsplash.com/photo-1657369278679-07a777fee6f5?crop=entropy&cs=tinysrgb&fit=max&fm=jpg&ixid=M3w5OTUzMzZ8MHwxfHNlYXJjaHwxOXx8bGVhdGhlciUyMGJvb3RzJTIwc2hvZXN8ZW58MXwxfHx8MTc4NDA5MjU4Nnww&ixlib=rb-4.1.0&q=80&w=1080,Black boots,boots,a pair of brown shoes on a wooden table,black,17499,Harper Sunday on Unsplash (https://unsplash.com/photos/a-pair-of-brown-shoes-on-a-wooden-table-pSlMoNF6mXY)
https://images.unsplash.com/photo-1760817074821-329c6a9e78d9?crop=entropy&cs=tinysrgb&fit=max&fm=jpg&ixid=M3w5OTUzMzZ8MHwxfHNlYXJjaHwyMHx8bGVhdGhlciUyMGJvb3RzJTIwc2hvZXN8ZW58MXwxfHx8MTc4NDA5MjU4Nnww&ixlib=rb-4.1.0&q=80&w=1080,Beige boots,boots,Black lace-up boots on a gravel path,beige,15749,Tanya Barrow on Unsplash (https://unsplash.com/photos/black-lace-up-boots-on-a-gravel-path-MCdCebbKACs)
https://images.unsplash.com/photo-1783878734316-df3889e27e2d?crop=entropy&cs=tinysrgb&fit=max&fm=jpg&ixid=M3w5OTUzMzZ8MHwxfHNlYXJjaHwyMXx8bGVhdGhlciUyMGJvb3RzJTIwc2hvZXN8ZW58MXwxfHx8MTc4NDA5MjU4Nnww&ixlib=rb-4.1.0&q=80&w=1080,Navy boots,boots,Foot in a dark leather shoe on rough ground.,navy,16299,Mohamed Benziane on Unsplash (https://unsplash.com/photos/foot-in-a-dark-leather-shoe-on-rough-ground-nko6giH38po)
https://images.unsplash.com/photo-1758854486670-98ccb5d1d240?crop=entropy&cs=tinysrgb&fit=max&fm=jpg&ixid=M3w5OTUzMzZ8MHwxfHNlYXJjaHwyMnx8bGVhdGhlciUyMGJvb3RzJTIwc2hvZXN8ZW58MXwxfHx8MTc4NDA5MjU4Nnww&ixlib=rb-4.1.0&q=80&w=1080,Green boots,boots,Woman's legs wearing boots standing on grass,green,17299,Hưng Phạm on Unsplash (https://unsplash.com/photos/womans-legs-wearing-boots-standing-on-grass-tPdvTrWYBQM)
https://images.unsplash.com/photo-1781257924891-1f277226e16a?crop=entropy&cs=tinysrgb&fit=max&fm=jpg&ixid=M3w5OTUzMzZ8MHwxfHNlYXJjaHwyM3x8bGVhdGhlciUyMGJvb3RzJTIwc2hvZXN8ZW58MXwxfHx8MTc4NDA5MjU4Nnww&ixlib=rb-4.1.0&q=80&w=1080,Black boots,boots,Colorful shoes and yellow handbags displayed on blue shelves.,black,21899,Raathi Kugan on Unsplash (https://unsplash.com/photos/colorful-shoes-and-yellow-handbags-displayed-on-blue-shelves-udD91Uaxiqs)
https://images.unsplash.com/photo-1759793499903-bfdba8350627?crop=entropy&cs=tinysrgb&fit=max&fm=jpg&ixid=M3w5OTUzMzZ8MHwxfHNlYXJjaHwyNHx8bGVhdGhlciUyMGJvb3RzJTIwc2hvZXN8ZW58MXwxfHx8MTc4NDA5MjU4Nnww&ixlib=rb-4.1.0&q=80&w=1080,Black boots,boots,Perfume bottle between suede boots and dried flowers.,black,11499,Joe Calata on Unsplash (https://unsplash.com/photos/perfume-bottle-between-suede-boots-and-dried-flowers-aeaF5rWN0Zo)
https://images.unsplash.com/photo-1614870745479-3b262d73cea4?crop=entropy&cs=tinysrgb&fit=max&fm=jpg&ixid=M3w5OTUzMzZ8MHwxfHNlYXJjaHwyNXx8bGVhdGhlciUyMGJvb3RzJTIwc2hvZXN8ZW58MXwxfHx8MTc4NDA5MjU4Nnww&ixlib=rb-4.1.0&q=80&w=1080,White boots,boots,woman in black leather jacket sitting on yellow couch,white,13499,Arun Sharma on Unsplash (https://unsplash.com/photos/woman-in-black-leather-jacket-sitting-on-yellow-couch-qVxEvbkzr5Q)
https://images.unsplash.com/photo-1708515792135-09a95d8e9119?crop=entropy&cs=tinysrgb&fit=max&fm=jpg&ixid=M3w5OTUzMzZ8MHwxfHNlYXJjaHwyNnx8bGVhdGhlciUyMGJvb3RzJTIwc2hvZXN8ZW58MXwxfHx8MTc4NDA5MjU4Nnww&ixlib=rb-4.1.0&q=80&w=1080,Navy boots,boots,a pair of brown shoes sitting on top of a black cloth,navy,16949,Ruslan Sikunov on Unsplash (https://unsplash.com/photos/a-pair-of-brown-shoes-sitting-on-top-of-a-black-cloth-t1PhB3UIOgw)
https://images.unsplash.com/photo-1626432424546-104e5fdbe556?crop=entropy&cs=tinysrgb&fit=max&fm=jpg&ixid=M3w5OTUzMzZ8MHwxfHNlYXJjaHwyN3x8bGVhdGhlciUyMGJvb3RzJTIwc2hvZXN8ZW58MXwxfHx8MTc4NDA5MjU4Nnww&ixlib=rb-4.1.0&q=80&w=1080,Navy boots,boots,brown leather lace up boots,navy,19499,Ethan Rougon on Unsplash (https://unsplash.com/photos/brown-leather-lace-up-boots-wH63OABrR4E)
https://images.unsplash.com/photo-1635405030320-426028b2d192?crop=entropy&cs=tinysrgb&fit=max&fm=jpg&ixid=M3w5OTUzMzZ8MHwxfHNlYXJjaHwyOHx8bGVhdGhlciUyMGJvb3RzJTIwc2hvZXN8ZW58MXwxfHx8MTc4NDA5MjU4Nnww&ixlib=rb-4.1.0&q=80&w=1080,Orange boots,boots,a pair of shoes sitting on top of a bed,orange,21349,Aysegul Alp on Unsplash (https://unsplash.com/photos/a-pair-of-shoes-sitting-on-top-of-a-bed-9NQ5phLHDe4)
https://images.unsplash.com/photo-1595388710140-e7b90300ec73?crop=entropy&cs=tinysrgb&fit=max&fm=jpg&ixid=M3w5OTUzMzZ8MHwxfHNlYXJjaHwyOXx8bGVhdGhlciUyMGJvb3RzJTIwc2hvZXN8ZW58MXwxfHx8MTc4NDA5MjU4Nnww&ixlib=rb-4.1.0&q=80&w=1080,Brown boots,boots,brown leather shoes on brown wooden surface,brown,13699,James Lewis on Unsplash (https://unsplash.com/photos/brown-leather-shoes-on-brown-wooden-surface-GeXsUpTSYFg)
https://images.unsplash.com/photo-1608256285861-02f5c607e454?crop=entropy&cs=tinysrgb&fit=max&fm=jpg&ixid=M3w5OTUzMzZ8MHwxfHNlYXJjaHwzMHx8bGVhdGhlciUyMGJvb3RzJTIwc2hvZXN8ZW58MXwxfHx8MTc4NDA5MjU4Nnww&ixlib=rb-4.1.0&q=80&w=1080,Navy boots,boots,black leather shoe with silver chain,navy,15749,Zac Wolff on Unsplash (https://unsplash.com/photos/black-leather-shoe-with-silver-chain-dk5KGx_XazA)
https://images.unsplash.com/photo-1639306425355-7fd84115c249?crop=entropy&cs=tinysrgb&fit=max&fm=jpg&ixid=M3w5OTUzMzZ8MHwxfHNlYXJjaHwzMXx8bGVhdGhlciUyMGJvb3RzJTIwc2hvZXN8ZW58MXwxfHx8MTc4NDA5MjU4OHww&ixlib=rb-4.1.0&q=80&w=1080,Navy boots,boots,a pair of feet wearing blue shoes,navy,13699,Ethan Rougon on Unsplash (https://unsplash.com/photos/a-pair-of-feet-wearing-blue-shoes-L1DHBDxfHns)
https://images.unsplash.com/photo-1697551894213-26d89c8365d3?crop=entropy&cs=tinysrgb&fit=max&fm=jpg&ixid=M3w5OTUzMzZ8MHwxfHNlYXJjaHwzMnx8bGVhdGhlciUyMGJvb3RzJTIwc2hvZXN8ZW58MXwxfHx8MTc4NDA5MjU4OHww&ixlib=rb-4.1.0&q=80&w=1080,Brown boots,boots,a close up of a pair of brown boots,brown,9749,nimmafotugrapher on Unsplash (https://unsplash.com/photos/a-close-up-of-a-pair-of-brown-boots-Kd5SMlQPp_A)
https://images.unsplash.com/photo-1608256255256-411200dde1ee?crop=entropy&cs=tinysrgb&fit=max&fm=jpg&ixid=M3w5OTUzMzZ8MHwxfHNlYXJjaHwzM3x8bGVhdGhlciUyMGJvb3RzJTIwc2hvZXN8ZW58MXwxfHx8MTc4NDA5MjU4OHww&ixlib=rb-4.1.0&q=80&w=1080,Navy boots,boots,black leather lace up boots,navy,21499,Zac Wolff on Unsplash (https://unsplash.com/photos/black-leather-lace-up-boots-WV5kz6g5sFs)
https://images.unsplash.com/photo-1608256264403-74a5ab98311e?crop=entropy&cs=tinysrgb&fit=max&fm=jpg&ixid=M3w5OTUzMzZ8MHwxfHNlYXJjaHwzNHx8bGVhdGhlciUyMGJvb3RzJTIwc2hvZXN8ZW58MXwxfHx8MTc4NDA5MjU4OHww&ixlib=rb-4.1.0&q=80&w=1080,Navy boots,boots,brown leather lace up boots,navy,9299,Zac Wolff on Unsplash (https://unsplash.com/photos/brown-leather-lace-up-boots-818_HSWlayI)
https://images.unsplash.com/photo-1573688886816-d0072f2b8b77?crop=entropy&cs=tinysrgb&fit=max&fm=jpg&ixid=M3w5OTUzMzZ8MHwxfHNlYXJjaHwzNXx8bGVhdGhlciUyMGJvb3RzJTIwc2hvZXN8ZW58MXwxfHx8MTc4NDA5MjU4OHww&ixlib=rb-4.1.0&q=80&w=1080,Navy boots,boots,selective focus photography of boots beside wall,navy,10549,Jakub Durian on Unsplash (https://unsplash.com/photos/selective-focus-photography-of-boots-beside-wall-5IX5k4mjVoE)
https://images.unsplash.com/photo-1608256301056-3806c4970e64?crop=entropy&cs=tinysrgb&fit=max&fm=jpg&ixid=M3w5OTUzMzZ8MHwxfHNlYXJjaHwzNnx8bGVhdGhlciUyMGJvb3RzJTIwc2hvZXN8ZW58MXwxfHx8MTc4NDA5MjU4OHww&ixlib=rb-4.1.0&q=80&w=1080,Navy boots,boots,brown leather boots on black box,navy,18899,Zac Wolff on Unsplash (https://unsplash.com/photos/brown-leather-boots-on-black-box-lYAXbjiuInQ)
https://images.unsplash.com/photo-1698429518320-16d2363ca09e?crop=entropy&cs=tinysrgb&fit=max&fm=jpg&ixid=M3w5OTUzMzZ8MHwxfHNlYXJjaHwzN3x8bGVhdGhlciUyMGJvb3RzJTIwc2hvZXN8ZW58MXwxfHx8MTc4NDA5MjU4OHww&ixlib=rb-4.1.0&q=80&w=1080,Navy boots,boots,a pair of brown shoes sitting on top of a black floor,navy,16699,Ruslan Sikunov on Unsplash (https://unsplash.com/photos/a-pair-of-brown-shoes-sitting-on-top-of-a-black-floor-AOZUYn8Cui4)
https://images.unsplash.com/photo-1700228771867-fc52b415e364?crop=entropy&cs=tinysrgb&fit=max&fm=jpg&ixid=M3w5OTUzMzZ8MHwxfHNlYXJjaHwzOHx8bGVhdGhlciUyMGJvb3RzJTIwc2hvZXN8ZW58MXwxfHx8MTc4NDA5MjU4OHww&ixlib=rb-4.1.0&q=80&w=1080,Black boots,boots,a pair of shoes hanging from a rope,black,19349,Lukas K on Unsplash (https://unsplash.com/photos/a-pair-of-shoes-hanging-from-a-rope-eV1eIp8cWH8)
https://images.unsplash.com/photo-1553674478-24dd8af7259e?crop=entropy&cs=tinysrgb&fit=max&fm=jpg&ixid=M3w5OTUzMzZ8MHwxfHNlYXJjaHwzOXx8bGVhdGhlciUyMGJvb3RzJTIwc2hvZXN8ZW58MXwxfHx8MTc4NDA5MjU4OHww&ixlib=rb-4.1.0&q=80&w=1080,Black boots,boots,pair of black and brown leather high boots,black,10349,Nathalie Jolie on Unsplash (https://unsplash.com/photos/pair-of-black-and-brown-leather-high-boots-r0zzwPlJwOE)
https://images.unsplash.com/photo-1558874985-053169943eb6?crop=entropy&cs=tinysrgb&fit=max&fm=jpg&ixid=M3w5OTUzMzZ8MHwxfHNlYXJjaHw0MHx8bGVhdGhlciUyMGJvb3RzJTIwc2hvZXN8ZW58MXwxfHx8MTc4NDA5MjU4OHww&ixlib=rb-4.1.0&q=80&w=1080,Navy boots,boots,brown leather wingtip dress shoes,navy,15899,Devon Divine on Unsplash (https://unsplash.com/photos/brown-leather-wingtip-dress-shoes-kp_ltvEAreM)
https://images.unsplash.com/photo-1678816252748-72faaa664195?crop=entropy&cs=tinysrgb&fit=max&fm=jpg&ixid=M3w5OTUzMzZ8MHwxfHNlYXJjaHw0MXx8bGVhdGhlciUyMGJvb3RzJTIwc2hvZXN8ZW58MXwxfHx8MTc4NDA5MjU4OHww&ixlib=rb-4.1.0&q=80&w=1080,Navy boots,boots,a close up of a person riding a motorcycle,navy,20299,sayan Nath on Unsplash (https://unsplash.com/photos/a-close-up-of-a-person-riding-a-motorcycle-_EzUL7yuzIw)
https://images.unsplash.com/photo-1564484755318-b366082bf402?crop=entropy&cs=tinysrgb&fit=max&fm=jpg&ixid=M3w5OTUzMzZ8MHwxfHNlYXJjaHw0Mnx8bGVhdGhlciUyMGJvb3RzJTIwc2hvZXN8ZW58MXwxfHx8MTc4NDA5MjU4OHww&ixlib=rb-4.1.0&q=80&w=1080,Navy boots,boots,brown leather boots,navy,8349,Mandy Henry on Unsplash (https://unsplash.com/photos/brown-leather-boots-eiMZu9OrpIY)
https://images.unsplash.com/photo-1566241193497-6eed57e0f6f8?crop=entropy&cs=tinysrgb&fit=max&fm=jpg&ixid=M3w5OTUzMzZ8MHwxfHNlYXJjaHw0M3x8bGVhdGhlciUyMGJvb3RzJTIwc2hvZXN8ZW58MXwxfHx8MTc4NDA5MjU4OHww&ixlib=rb-4.1.0&q=80&w=1080,Beige boots,boots,man tying his shoes,beige,20899,Jeppe Mønster on Unsplash (https://unsplash.com/photos/man-tying-his-shoes-32lgl3KebXQ)
https://images.unsplash.com/photo-1727284263699-abd1a0c7f675?crop=entropy&cs=tinysrgb&fit=max&fm=jpg&ixid=M3w5OTUzMzZ8MHwxfHNlYXJjaHw0NHx8bGVhdGhlciUyMGJvb3RzJTIwc2hvZXN8ZW58MXwxfHx8MTc4NDA5MjU4OHww&ixlib=rb-4.1.0&q=80&w=1080,Navy boots,boots,A close up of a person's foot wearing a pair of black shoes,navy,21299,Jeka Demidov on Unsplash (https://unsplash.com/photos/a-close-up-of-a-persons-foot-wearing-a-pair-of-black-shoes-w3n4xhD8SUQ)
https://images.unsplash.com/photo-1573318575683-dd2b389e3241?crop=entropy&cs=tinysrgb&fit=max&fm=jpg&ixid=M3w5OTUzMzZ8MHwxfHNlYXJjaHw0NXx8bGVhdGhlciUyMGJvb3RzJTIwc2hvZXN8ZW58MXwxfHx8MTc4NDA5MjU4OHww&ixlib=rb-4.1.0&q=80&w=1080,Green boots,boots,person standing on grass,green,21499,Alexey Savchenko on Unsplash (https://unsplash.com/photos/person-standing-on-grass-aGbLZqO1xZA)
https://images.unsplash.com/photo-1629453500434-8a522ddfbb86?crop=entropy&cs=tinysrgb&fit=max&fm=jpg&ixid=M3w5OTUzMzZ8MHwxfHNlYXJjaHw0Nnx8bGVhdGhlciUyMGJvb3RzJTIwc2hvZXN8ZW58MXwxfHx8MTc4NDA5MjU4OHww&ixlib=rb-4.1.0&q=80&w=1080,Navy boots,boots,black leather gloves on black textile,navy,8349,Jamalludin Khaer on Unsplash (https://unsplash.com/photos/black-leather-gloves-on-black-textile-mw-CirbSVbg)
https://images.unsplash.com/photo-1783878734509-859abb2b4d96?crop=entropy&cs=tinysrgb&fit=max&fm=jpg&ixid=M3w5OTUzMzZ8MHwxfHNlYXJjaHw0N3x8bGVhdGhlciUyMGJvb3RzJTIwc2hvZXN8ZW58MXwxfHx8MTc4NDA5MjU4OHww&ixlib=rb-4.1.0&q=80&w=1080,Black boots,boots,Dirty work boots on rough ground.,black,13149,Mohamed Benziane on Unsplash (https://unsplash.com/photos/dirty-work-boots-on-rough-ground-4Cgnkp3gMoc)
https://images.unsplash.com/photo-1587860238287-9186c98aa254?crop=entropy&cs=tinysrgb&fit=max&fm=jpg&ixid=M3w5OTUzMzZ8MHwxfHNlYXJjaHw0OHx8bGVhdGhlciUyMGJvb3RzJTIwc2hvZXN8ZW58MXwxfHx8MTc4NDA5MjU4OHww&ixlib=rb-4.1.0&q=80&w=1080,Navy boots,boots,person wearing blue denim jeans and brown leather lace up shoes,navy,10099,Jonathan Cooper on Unsplash (https://unsplash.com/photos/person-wearing-blue-denim-jeans-and-brown-leather-lace-up-shoes-u_1mIT-Ws4E)
https://images.unsplash.com/photo-1550173093-3cab1f3b671f?crop=entropy&cs=tinysrgb&fit=max&fm=jpg&ixid=M3w5OTUzMzZ8MHwxfHNlYXJjaHw0OXx8bGVhdGhlciUyMGJvb3RzJTIwc2hvZXN8ZW58MXwxfHx8MTc4NDA5MjU4OHww&ixlib=rb-4.1.0&q=80&w=1080,Navy boots,boots,person wearing brown work boot,navy,12299,gaspar zaldo on Unsplash (https://unsplash.com/photos/person-wearing-brown-work-boot-HiEp4Cf2qvM)
https://images.unsplash.com/photo-1581803274668-261faa12dca7?crop=entropy&cs=tinysrgb&fit=max&fm=jpg&ixid=M3w5OTUzMzZ8MHwxfHNlYXJjaHw1MHx8bGVhdGhlciUyMGJvb3RzJTIwc2hvZXN8ZW58MXwxfHx8MTc4NDA5MjU4OHww&ixlib=rb-4.1.0&q=80&w=1080,Navy boots,boots,person wearing black leather boots,navy,21549,LOGAN WEAVER | @LGNWVR on Unsplash (https://unsplash.com/photos/person-wearing-black-leather-boots-M9lssCCs5WM)
https://images.unsplash.com/photo-1608256285689-dd2c74791005?crop=entropy&cs=tinysrgb&fit=max&fm=jpg&ixid=M3w5OTUzMzZ8MHwxfHNlYXJjaHw1MXx8bGVhdGhlciUyMGJvb3RzJTIwc2hvZXN8ZW58MXwxfHx8MTc4NDA5MjU4OHww&ixlib=rb-4.1.0&q=80&w=1080,Navy boots,boots,black leather lace up shoe,navy,12749,Zac Wolff on Unsplash (https://unsplash.com/photos/black-leather-lace-up-shoe-bgxN9it8EJg)
https://images.unsplash.com/photo-1626446883246-678f450ccc12?crop=entropy&cs=tinysrgb&fit=max&fm=jpg&ixid=M3w5OTUzMzZ8MHwxfHNlYXJjaHw1Mnx8bGVhdGhlciUyMGJvb3RzJTIwc2hvZXN8ZW58MXwxfHx8MTc4NDA5MjU4OHww&ixlib=rb-4.1.0&q=80&w=1080,Black boots,boots,brown lace up shoe with black background,black,15949,Ethan Rougon on Unsplash (https://unsplash.com/photos/brown-lace-up-shoe-with-black-background-O4NQV4rAr2A)
https://images.unsplash.com/photo-1611452416962-84935f992748?crop=entropy&cs=tinysrgb&fit=max&fm=jpg&ixid=M3w5OTUzMzZ8MHwxfHNlYXJjaHw1M3x8bGVhdGhlciUyMGJvb3RzJTIwc2hvZXN8ZW58MXwxfHx8MTc4NDA5MjU4OHww&ixlib=rb-4.1.0&q=80&w=1080,Navy boots,boots,person in blue denim jeans and brown leather boots standing on gray concrete floor,navy,20899,Venti Views on Unsplash (https://unsplash.com/photos/person-in-blue-denim-jeans-and-brown-leather-boots-standing-on-gray-concrete-floor-Wd43pq-sgVg)
https://images.unsplash.com/photo-1605737640001-3ed7090f6ee5?crop=entropy&cs=tinysrgb&fit=max&fm=jpg&ixid=M3w5OTUzMzZ8MHwxfHNlYXJjaHw1NHx8bGVhdGhlciUyMGJvb3RzJTIwc2hvZXN8ZW58MXwxfHx8MTc4NDA5MjU4OHww&ixlib=rb-4.1.0&q=80&w=1080,Cream boots,boots,person in black leather boots,cream,13899,Jordan Tallent on Unsplash (https://unsplash.com/photos/person-in-black-leather-boots--XCxWgpY6rk)
https://images.unsplash.com/photo-1639270602686-3c45cec05918?crop=entropy&cs=tinysrgb&fit=max&fm=jpg&ixid=M3w5OTUzMzZ8MHwxfHNlYXJjaHw1NXx8bGVhdGhlciUyMGJvb3RzJTIwc2hvZXN8ZW58MXwxfHx8MTc4NDA5MjU4OHww&ixlib=rb-4.1.0&q=80&w=1080,White boots,boots,a person standing in the snow wearing a pair of brown shoes,white,23099,steph washi on Unsplash (https://unsplash.com/photos/a-person-standing-in-the-snow-wearing-a-pair-of-brown-shoes-pj0A8jVrKWc)
https://images.unsplash.com/photo-1575394774673-63dc9a2a9053?crop=entropy&cs=tinysrgb&fit=max&fm=jpg&ixid=M3w5OTUzMzZ8MHwxfHNlYXJjaHw1Nnx8bGVhdGhlciUyMGJvb3RzJTIwc2hvZXN8ZW58MXwxfHx8MTc4NDA5MjU4OHww&ixlib=rb-4.1.0&q=80&w=1080,Black boots,boots,brown leather work boots,black,18899,omid armin on Unsplash (https://unsplash.com/photos/brown-leather-work-boots-XtiPkodjtZk)
https://images.unsplash.com/photo-1643226354613-260043e30011?crop=entropy&cs=tinysrgb&fit=max&fm=jpg&ixid=M3w5OTUzMzZ8MHwxfHNlYXJjaHw1N3x8bGVhdGhlciUyMGJvb3RzJTIwc2hvZXN8ZW58MXwxfHx8MTc4NDA5MjU4OHww&ixlib=rb-4.1.0&q=80&w=1080,Green boots,boots,a pair of brown boots sitting on top of a floor,green,22949,Zoe on Unsplash (https://unsplash.com/photos/a-pair-of-brown-boots-sitting-on-top-of-a-floor-7nzzv-pmotQ)
https://images.unsplash.com/photo-1576520040913-a7bcf507df6b?crop=entropy&cs=tinysrgb&fit=max&fm=jpg&ixid=M3w5OTUzMzZ8MHwxfHNlYXJjaHw1OHx8bGVhdGhlciUyMGJvb3RzJTIwc2hvZXN8ZW58MXwxfHx8MTc4NDA5MjU4OHww&ixlib=rb-4.1.0&q=80&w=1080,Grey boots,boots,blue-and-brown leather boots,grey,16549,Peter Hall on Unsplash (https://unsplash.com/photos/blue-and-brown-leather-boots-YO_Ya_TPzx4)
https://images.unsplash.com/photo-1632690642793-a270624dd20d?crop=entropy&cs=tinysrgb&fit=max&fm=jpg&ixid=M3w5OTUzMzZ8MHwxfHNlYXJjaHw1OXx8bGVhdGhlciUyMGJvb3RzJTIwc2hvZXN8ZW58MXwxfHx8MTc4NDA5MjU4OHww&ixlib=rb-4.1.0&q=80&w=1080,White boots,boots,a pair of brown boots sitting on top of a white floor,white,9149,Maryam Nemati on Unsplash (https://unsplash.com/photos/a-pair-of-brown-boots-sitting-on-top-of-a-white-floor-iaTSdPWhF7I)
https://images.unsplash.com/photo-1581803118525-755075a5e8c7?crop=entropy&cs=tinysrgb&fit=max&fm=jpg&ixid=M3w5OTUzMzZ8MHwxfHNlYXJjaHw2MHx8bGVhdGhlciUyMGJvb3RzJTIwc2hvZXN8ZW58MXwxfHx8MTc4NDA5MjU4OHww&ixlib=rb-4.1.0&q=80&w=1080,Navy boots,boots,person in black pants and black leather shoes standing on brown concrete floor,navy,16099,LOGAN WEAVER | @LGNWVR on Unsplash (https://unsplash.com/photos/person-in-black-pants-and-black-leather-shoes-standing-on-brown-concrete-floor-rJkt7Lg3ukk)
https://images.unsplash.com/photo-1598532163257-ae3c6b2524b6?crop=entropy&cs=tinysrgb&fit=max&fm=jpg&ixid=M3w5OTUzMzZ8MHwxfHNlYXJjaHwxfHxsZWF0aGVyJTIwaGFuZGJhZ3xlbnwxfDF8fHwxNzg0MDkyNTg5fDA&ixlib=rb-4.1.0&q=80&w=1080,Cream bag,bag,brown leather handbag on white surface,cream,15099,Irene Kredenets on Unsplash (https://unsplash.com/photos/brown-leather-handbag-on-white-surface-tcVH_BwHtrc)
https://images.unsplash.com/photo-1594223274512-ad4803739b7c?crop=entropy&cs=tinysrgb&fit=max&fm=jpg&ixid=M3w5OTUzMzZ8MHwxfHNlYXJjaHwyfHxsZWF0aGVyJTIwaGFuZGJhZ3xlbnwxfDF8fHwxNzg0MDkyNTg5fDA&ixlib=rb-4.1.0&q=80&w=1080,White bag,bag,blue leather handbag on black leather bag,white,8699,Diana Light on Unsplash (https://unsplash.com/photos/blue-leather-handbag-on-black-leather-bag-nvQemFKRBUo)
https://images.unsplash.com/photo-1624687943971-e86af76d57de?crop=entropy&cs=tinysrgb&fit=max&fm=jpg&ixid=M3w5OTUzMzZ8MHwxfHNlYXJjaHwzfHxsZWF0aGVyJTIwaGFuZGJhZ3xlbnwxfDF8fHwxNzg0MDkyNTg5fDA&ixlib=rb-4.1.0&q=80&w=1080,Cream bag,bag,brown leather handbag on white table,cream,5149,Ugluk Potroshitel on Unsplash (https://unsplash.com/photos/brown-leather-handbag-on-white-table-XwjrPFW7xw0)
https://images.unsplash.com/photo-1603219527847-24c87f552a77?crop=entropy&cs=tinysrgb&fit=max&fm=jpg&ixid=M3w5OTUzMzZ8MHwxfHNlYXJjaHw0fHxsZWF0aGVyJTIwaGFuZGJhZ3xlbnwxfDF8fHwxNzg0MDkyNTg5fDA&ixlib=rb-4.1.0&q=80&w=1080,White bag,bag,black leather sling bag on brown wooden round table,white,7749,Alexandr Sadkov on Unsplash (https://unsplash.com/photos/black-leather-sling-bag-on-brown-wooden-round-table-BnG4KWAzt9c)
https://images.unsplash.com/photo-1560891958-68bb1fe7fb78?crop=entropy&cs=tinysrgb&fit=max&fm=jpg&ixid=M3w5OTUzMzZ8MHwxfHNlYXJjaHw1fHxsZWF0aGVyJTIwaGFuZGJhZ3xlbnwxfDF8fHwxNzg0MDkyNTg5fDA&ixlib=rb-4.1.0&q=80&w=1080,White bag,bag,woman holding blue leather handbag,white,4949,Irene Kredenets on Unsplash (https://unsplash.com/photos/woman-holding-blue-leather-handbag-jKoRZkv2o0U)
https://images.unsplash.com/photo-1598099947145-e85739e7ca28?crop=entropy&cs=tinysrgb&fit=max&fm=jpg&ixid=M3w5OTUzMzZ8MHwxfHNlYXJjaHw2fHxsZWF0aGVyJTIwaGFuZGJhZ3xlbnwxfDF8fHwxNzg0MDkyNTg5fDA&ixlib=rb-4.1.0&q=80&w=1080,Cream bag,bag,brown leather handbag beside macbook pro,cream,14549,Genesis Warner on Unsplash (https://unsplash.com/photos/brown-leather-handbag-beside-macbook-pro-EzzW1oNek-I)
https://images.unsplash.com/photo-1732613838357-b6f6931cdb97?crop=entropy&cs=tinysrgb&fit=max&fm=jpg&ixid=M3w5OTUzMzZ8MHwxfHNlYXJjaHw3fHxsZWF0aGVyJTIwaGFuZGJhZ3xlbnwxfDF8fHwxNzg0MDkyNTg5fDA&ixlib=rb-4.1.0&q=80&w=1080,Grey bag,bag,A brown purse sitting on top of a stack of books,grey,16099,Kate Laine on Unsplash (https://unsplash.com/photos/a-brown-purse-sitting-on-top-of-a-stack-of-books-FdrYxVSbq2s)
https://images.unsplash.com/photo-1664187284276-2f3254cdc7dc?crop=entropy&cs=tinysrgb&fit=max&fm=jpg&ixid=M3w5OTUzMzZ8MHwxfHNlYXJjaHw4fHxsZWF0aGVyJTIwaGFuZGJhZ3xlbnwxfDF8fHwxNzg0MDkyNTg5fDA&ixlib=rb-4.1.0&q=80&w=1080,White bag,bag,a black bag on a white surface,white,21499,Joseph Bobadilla on Unsplash (https://unsplash.com/photos/a-black-bag-on-a-white-surface-o65-HVetXJ4)
https://images.unsplash.com/photo-1746880223690-359948154c53?crop=entropy&cs=tinysrgb&fit=max&fm=jpg&ixid=M3w5OTUzMzZ8MHwxfHNlYXJjaHw5fHxsZWF0aGVyJTIwaGFuZGJhZ3xlbnwxfDF8fHwxNzg0MDkyNTg5fDA&ixlib=rb-4.1.0&q=80&w=1080,Navy bag,bag,A brown and black handbag is on display.,navy,18149,Leonie Giardini on Unsplash (https://unsplash.com/photos/a-brown-and-black-handbag-is-on-display-rpUKVRCyceo)
https://images.unsplash.com/photo-1702326626601-74d2e86922b4?crop=entropy&cs=tinysrgb&fit=max&fm=jpg&ixid=M3w5OTUzMzZ8MHwxfHNlYXJjaHwxMHx8bGVhdGhlciUyMGhhbmRiYWd8ZW58MXwxfHx8MTc4NDA5MjU4OXww&ixlib=rb-4.1.0&q=80&w=1080,Grey bag,bag,a black handbag with a gold handle,grey,16749,Fatemeh Sheklabadi on Unsplash (https://unsplash.com/photos/a-black-handbag-with-a-gold-handle-iFQhTLUFSv4)
https://images.unsplash.com/photo-1537440437066-c585a62baf1f?crop=entropy&cs=tinysrgb&fit=max&fm=jpg&ixid=M3w5OTUzMzZ8MHwxfHNlYXJjaHwxMXx8bGVhdGhlciUyMGhhbmRiYWd8ZW58MXwxfHx8MTc4NDA5MjU4OXww&ixlib=rb-4.1.0&q=80&w=1080,Grey bag,bag,person holding black leather handbag,grey,20699,Sincerely Media on Unsplash (https://unsplash.com/photos/person-holding-black-leather-handbag-ughmkvM5jis)
https://images.unsplash.com/photo-1654707635149-2c7af90afecd?crop=entropy&cs=tinysrgb&fit=max&fm=jpg&ixid=M3w5OTUzMzZ8MHwxfHNlYXJjaHwxMnx8bGVhdGhlciUyMGhhbmRiYWd8ZW58MXwxfHx8MTc4NDA5MjU4OXww&ixlib=rb-4.1.0&q=80&w=1080,Beige bag,bag,a chair with a bunch of purses on top of it,beige,10699,Ivan Kazlouskij on Unsplash (https://unsplash.com/photos/a-chair-with-a-bunch-of-purses-on-top-of-it-eU-xXGfY6Fk)
https://images.unsplash.com/photo-1691804996688-b16726193526?crop=entropy&cs=tinysrgb&fit=max&fm=jpg&ixid=M3w5OTUzMzZ8MHwxfHNlYXJjaHwxM3x8bGVhdGhlciUyMGhhbmRiYWd8ZW58MXwxfHx8MTc4NDA5MjU4OXww&ixlib=rb-4.1.0&q=80&w=1080,Cream bag,bag,a woman carrying a brown purse in a store,cream,9149,Abiyu Bayuaji on Unsplash (https://unsplash.com/photos/a-woman-carrying-a-brown-purse-in-a-store-NUU6DBMLf2w)
https://images.unsplash.com/photo-1713425885188-f1daa057691f?crop=entropy&cs=tinysrgb&fit=max&fm=jpg&ixid=M3w5OTUzMzZ8MHwxfHNlYXJjaHwxNHx8bGVhdGhlciUyMGhhbmRiYWd8ZW58MXwxfHx8MTc4NDA5MjU4OXww&ixlib=rb-4.1.0&q=80&w=1080,White bag,bag,three different types of purses on a white background,white,6899,Muneeb Malhotra on Unsplash (https://unsplash.com/photos/three-different-types-of-purses-on-a-white-background-eCSEAlw85zc)
https://images.unsplash.com/photo-1612902457341-ed7bf0608be3?crop=entropy&cs=tinysrgb&fit=max&fm=jpg&ixid=M3w5OTUzMzZ8MHwxfHNlYXJjaHwxNXx8bGVhdGhlciUyMGhhbmRiYWd8ZW58MXwxfHx8MTc4NDA5MjU4OXww&ixlib=rb-4.1.0&q=80&w=1080,Beige bag,bag,brown and black sling bag,beige,11299,Farah Samy on Unsplash (https://unsplash.com/photos/brown-and-black-sling-bag-J4q8A6G7qP8)
https://images.unsplash.com/photo-1732613839533-ac54fcee9d9c?crop=entropy&cs=tinysrgb&fit=max&fm=jpg&ixid=M3w5OTUzMzZ8MHwxfHNlYXJjaHwxNnx8bGVhdGhlciUyMGhhbmRiYWd8ZW58MXwxfHx8MTc4NDA5MjU4OXww&ixlib=rb-4.1.0&q=80&w=1080,Grey bag,bag,A brown bag sitting on top of a pile of books,grey,15299,Kate Laine on Unsplash (https://unsplash.com/photos/a-brown-bag-sitting-on-top-of-a-pile-of-books-0YUIvKe1d5s)
https://images.unsplash.com/photo-1564139615082-01535600057f?crop=entropy&cs=tinysrgb&fit=max&fm=jpg&ixid=M3w5OTUzMzZ8MHwxfHNlYXJjaHwxN3x8bGVhdGhlciUyMGhhbmRiYWd8ZW58MXwxfHx8MTc4NDA5MjU4OXww&ixlib=rb-4.1.0&q=80&w=1080,Grey bag,bag,flowers in brown leather handbag,grey,14549,Katerina Smirnova on Unsplash (https://unsplash.com/photos/flowers-in-brown-leather-handbag-5vykeYLZgb0)
https://images.unsplash.com/photo-1640901555365-cbbb76b0009b?crop=entropy&cs=tinysrgb&fit=max&fm=jpg&ixid=M3w5OTUzMzZ8MHwxfHNlYXJjaHwxOHx8bGVhdGhlciUyMGhhbmRiYWd8ZW58MXwxfHx8MTc4NDA5MjU4OXww&ixlib=rb-4.1.0&q=80&w=1080,Cream bag,bag,a yellow handbag with a handle on a white background,cream,11499,Pablo Figueroa on Unsplash (https://unsplash.com/photos/a-yellow-handbag-with-a-handle-on-a-white-background-eej74DpSHU0)
https://images.unsplash.com/photo-1650286712513-e1419fa096b2?crop=entropy&cs=tinysrgb&fit=max&fm=jpg&ixid=M3w5OTUzMzZ8MHwxfHNlYXJjaHwxOXx8bGVhdGhlciUyMGhhbmRiYWd8ZW58MXwxfHx8MTc4NDA5MjU4OXww&ixlib=rb-4.1.0&q=80&w=1080,Beige bag,bag,a brown purse sitting on top of a white floor,beige,17349,Clément M. on Unsplash (https://unsplash.com/photos/a-brown-purse-sitting-on-top-of-a-white-floor-nMuIXO5EEpM)
https://images.unsplash.com/photo-1633555741039-e87012f6a9d4?crop=entropy&cs=tinysrgb&fit=max&fm=jpg&ixid=M3w5OTUzMzZ8MHwxfHNlYXJjaHwyMHx8bGVhdGhlciUyMGhhbmRiYWd8ZW58MXwxfHx8MTc4NDA5MjU4OXww&ixlib=rb-4.1.0&q=80&w=1080,Brown bag,bag,a woman holding a brown bag with a cell phone in it,brown,18699,Natalie Sysko on Unsplash (https://unsplash.com/photos/a-woman-holding-a-brown-bag-with-a-cell-phone-in-it-cwAfUnm-GWc)
https://images.unsplash.com/photo-1667687038826-3d00484bce96?crop=entropy&cs=tinysrgb&fit=max&fm=jpg&ixid=M3w5OTUzMzZ8MHwxfHNlYXJjaHwyMXx8bGVhdGhlciUyMGhhbmRiYWd8ZW58MXwxfHx8MTc4NDA5MjU4OXww&ixlib=rb-4.1.0&q=80&w=1080,Beige bag,bag,a person holding a bag,beige,6099,Omar Tursić on Unsplash (https://unsplash.com/photos/a-person-holding-a-bag-HDujKDk77v0)
https://images.unsplash.com/photo-1781947486948-4a581a6b3df0?crop=entropy&cs=tinysrgb&fit=max&fm=jpg&ixid=M3w5OTUzMzZ8MHwxfHNlYXJjaHwyMnx8bGVhdGhlciUyMGhhbmRiYWd8ZW58MXwxfHx8MTc4NDA5MjU4OXww&ixlib=rb-4.1.0&q=80&w=1080,Black bag,bag,Many colorful leather wallets and small bags displayed for sale.,black,12949,Chermiti Mohamed on Unsplash (https://unsplash.com/photos/many-colorful-leather-wallets-and-small-bags-displayed-for-sale-wVjpE6zENNo)
https://images.unsplash.com/photo-1766038843497-f3ce068b2dd5?crop=entropy&cs=tinysrgb&fit=max&fm=jpg&ixid=M3w5OTUzMzZ8MHwxfHNlYXJjaHwyM3x8bGVhdGhlciUyMGhhbmRiYWd8ZW58MXwxfHx8MTc4NDA5MjU4OXww&ixlib=rb-4.1.0&q=80&w=1080,Orange bag,bag,Two handbags hanging in a warmly lit display window.,orange,15949,Kouji Tsuru on Unsplash (https://unsplash.com/photos/two-handbags-hanging-in-a-warmly-lit-display-window-8RUjKrwSob0)
https://images.unsplash.com/photo-1758542988969-39a10168b2ce?crop=entropy&cs=tinysrgb&fit=max&fm=jpg&ixid=M3w5OTUzMzZ8MHwxfHNlYXJjaHwyNHx8bGVhdGhlciUyMGhhbmRiYWd8ZW58MXwxfHx8MTc4NDA5MjU4OXww&ixlib=rb-4.1.0&q=80&w=1080,White bag,bag,A black leather duffel bag rests against a white wall.,white,14349,kimia kazemi on Unsplash (https://unsplash.com/photos/a-black-leather-duffel-bag-rests-against-a-white-wall-dfBa1wgTqKc)
https://images.unsplash.com/photo-1611688599669-e0d5a0497670?crop=entropy&cs=tinysrgb&fit=max&fm=jpg&ixid=M3w5OTUzMzZ8MHwxfHNlYXJjaHwyNXx8bGVhdGhlciUyMGhhbmRiYWd8ZW58MXwxfHx8MTc4NDA5MjU4OXww&ixlib=rb-4.1.0&q=80&w=1080,Grey bag,bag,black michael kors leather handbag,grey,21349,Genesis Warner on Unsplash (https://unsplash.com/photos/black-michael-kors-leather-handbag-8YbKKHaQOsE)
https://images.unsplash.com/photo-1771148886038-eacb528e544e?crop=entropy&cs=tinysrgb&fit=max&fm=jpg&ixid=M3w5OTUzMzZ8MHwxfHNlYXJjaHwyNnx8bGVhdGhlciUyMGhhbmRiYWd8ZW58MXwxfHx8MTc4NDA5MjU4OXww&ixlib=rb-4.1.0&q=80&w=1080,Navy bag,bag,A narrow aisle filled with colorful bags and purses.,navy,17699,quentin touvard on Unsplash (https://unsplash.com/photos/a-narrow-aisle-filled-with-colorful-bags-and-purses-McuOFfLZuC0)
https://images.unsplash.com/photo-1575202332411-b01fe9ace7a8?crop=entropy&cs=tinysrgb&fit=max&fm=jpg&ixid=M3w5OTUzMzZ8MHwxfHNlYXJjaHwyN3x8bGVhdGhlciUyMGhhbmRiYWd8ZW58MXwxfHx8MTc4NDA5MjU4OXww&ixlib=rb-4.1.0&q=80&w=1080,Cream bag,bag,gray leather handbag beside eyeglasses and books,cream,20349,Genesis Warner on Unsplash (https://unsplash.com/photos/gray-leather-handbag-beside-eyeglasses-and-books-MmauxxZGg4A)
https://images.unsplash.com/photo-1584917865442-de89df76afd3?crop=entropy&cs=tinysrgb&fit=max&fm=jpg&ixid=M3w5OTUzMzZ8MHwxfHNlYXJjaHwyOHx8bGVhdGhlciUyMGhhbmRiYWd8ZW58MXwxfHx8MTc4NDA5MjU4OXww&ixlib=rb-4.1.0&q=80&w=1080,Beige bag,bag,red leather handbag on white table,beige,18299,Arno Senoner on Unsplash (https://unsplash.com/photos/red-leather-handbag-on-white-table-oCXVxwTFwqE)
https://images.unsplash.com/photo-1591656852283-29bed2fe05ee?crop=entropy&cs=tinysrgb&fit=max&fm=jpg&ixid=M3w5OTUzMzZ8MHwxfHNlYXJjaHwyOXx8bGVhdGhlciUyMGhhbmRiYWd8ZW58MXwxfHx8MTc4NDA5MjU4OXww&ixlib=rb-4.1.0&q=80&w=1080,White bag,bag,woman holding brown leather sling bag,white,7699,Genesis Warner on Unsplash (https://unsplash.com/photos/woman-holding-brown-leather-sling-bag-qupMxau8t60)
https://images.unsplash.com/photo-1758171692659-024183c2c272?crop=entropy&cs=tinysrgb&fit=max&fm=jpg&ixid=M3w5OTUzMzZ8MHwxfHNlYXJjaHwzMHx8bGVhdGhlciUyMGhhbmRiYWd8ZW58MXwxfHx8MTc4NDA5MjU4OXww&ixlib=rb-4.1.0&q=80&w=1080,Brown bag,bag,Woman holding a quilted beige handbag with charm,brown,8349,Amari Shutters on Unsplash (https://unsplash.com/photos/woman-holding-a-quilted-beige-handbag-with-charm-JAn9b51aFE4)
https://images.unsplash.com/photo-1605983138993-70baf11475f5?crop=entropy&cs=tinysrgb&fit=max&fm=jpg&ixid=M3w5OTUzMzZ8MHwxfHNlYXJjaHwzMXx8bGVhdGhlciUyMGhhbmRiYWd8ZW58MXwxfHx8MTc4NDA5MjU5MXww&ixlib=rb-4.1.0&q=80&w=1080,Navy bag,bag,woman in black and brown polka dot bikini standing on rocky shore during daytime,navy,8949,Alexandra Tran on Unsplash (https://unsplash.com/photos/woman-in-black-and-brown-polka-dot-bikini-standing-on-rocky-shore-during-daytime-f5h4KbBBuFc)
https://images.unsplash.com/photo-1774702535771-eec0c74d6cb9?crop=entropy&cs=tinysrgb&fit=max&fm=jpg&ixid=M3w5OTUzMzZ8MHwxfHNlYXJjaHwzMnx8bGVhdGhlciUyMGhhbmRiYWd8ZW58MXwxfHx8MTc4NDA5MjU5MXww&ixlib=rb-4.1.0&q=80&w=1080,White bag,bag,Close-up of a brown leather handbag with gold hardware.,white,8349,Kirke Kiki on Unsplash (https://unsplash.com/photos/close-up-of-a-brown-leather-handbag-with-gold-hardware-unPRNqOY4hE)
https://images.unsplash.com/photo-1783124759595-a6b36a51bb66?crop=entropy&cs=tinysrgb&fit=max&fm=jpg&ixid=M3w5OTUzMzZ8MHwxfHNlYXJjaHwzM3x8bGVhdGhlciUyMGhhbmRiYWd8ZW58MXwxfHx8MTc4NDA5MjU5MXww&ixlib=rb-4.1.0&q=80&w=1080,Navy bag,bag,Various leather bags and handcrafted items hanging in a store.,navy,9549,Thilina Alagiyawanna on Unsplash (https://unsplash.com/photos/various-leather-bags-and-handcrafted-items-hanging-in-a-store-NvCOLcu9e_A)
https://images.unsplash.com/photo-1575403538007-acb790100421?crop=entropy&cs=tinysrgb&fit=max&fm=jpg&ixid=M3w5OTUzMzZ8MHwxfHNlYXJjaHwzNHx8bGVhdGhlciUyMGhhbmRiYWd8ZW58MXwxfHx8MTc4NDA5MjU5MXww&ixlib=rb-4.1.0&q=80&w=1080,Navy bag,bag,gray leather handbag on stacked books,navy,19499,Genesis Warner on Unsplash (https://unsplash.com/photos/gray-leather-handbag-on-stacked-books-CjPQRw3DZSs)
https://images.unsplash.com/photo-1760624294535-40dfdc84a48f?crop=entropy&cs=tinysrgb&fit=max&fm=jpg&ixid=M3w5OTUzMzZ8MHwxfHNlYXJjaHwzNXx8bGVhdGhlciUyMGhhbmRiYWd8ZW58MXwxfHx8MTc4NDA5MjU5MXww&ixlib=rb-4.1.0&q=80&w=1080,White bag,bag,Woman in denim jacket holding a light blue handbag,white,19699,Latico Leathers on Unsplash (https://unsplash.com/photos/woman-in-denim-jacket-holding-a-light-blue-handbag-Cyjv57iyiB4)
https://images.unsplash.com/photo-1604176424472-17cd740f74e9?crop=entropy&cs=tinysrgb&fit=max&fm=jpg&ixid=M3w5OTUzMzZ8MHwxfHNlYXJjaHwzNnx8bGVhdGhlciUyMGhhbmRiYWd8ZW58MXwxfHx8MTc4NDA5MjU5MXww&ixlib=rb-4.1.0&q=80&w=1080,White bag,bag,white leather handbag on white surface,white,4349,Maude Frédérique Lavoie on Unsplash (https://unsplash.com/photos/white-leather-handbag-on-white-surface-Zha2jqwxzMY)
https://images.unsplash.com/photo-1724261369897-04838aa29d3b?crop=entropy&cs=tinysrgb&fit=max&fm=jpg&ixid=M3w5OTUzMzZ8MHwxfHNlYXJjaHwzN3x8bGVhdGhlciUyMGhhbmRiYWd8ZW58MXwxfHx8MTc4NDA5MjU5MXww&ixlib=rb-4.1.0&q=80&w=1080,Black bag,bag,A woman holding a brown purse in her hands,black,9749,Mikhail Blinov on Unsplash (https://unsplash.com/photos/a-woman-holding-a-brown-purse-in-her-hands-2Qqqu5rGiGE)
https://images.unsplash.com/photo-1596552639068-99bd471b579c?crop=entropy&cs=tinysrgb&fit=max&fm=jpg&ixid=M3w5OTUzMzZ8MHwxfHNlYXJjaHwzOHx8bGVhdGhlciUyMGhhbmRiYWd8ZW58MXwxfHx8MTc4NDA5MjU5MXww&ixlib=rb-4.1.0&q=80&w=1080,Grey bag,bag,brown leather handbag beside white flower vase,grey,15749,Genesis Warner on Unsplash (https://unsplash.com/photos/brown-leather-handbag-beside-white-flower-vase-Kdmnr-clXpg)
https://images.unsplash.com/photo-1781751594989-ac3ad190db3c?crop=entropy&cs=tinysrgb&fit=max&fm=jpg&ixid=M3w5OTUzMzZ8MHwxfHNlYXJjaHwzOXx8bGVhdGhlciUyMGhhbmRiYWd8ZW58MXwxfHx8MTc4NDA5MjU5MXww&ixlib=rb-4.1.0&q=80&w=1080,Red bag,bag,Black leather backpack with chains on a wooden bench.,red,18699,Jehyun An on Unsplash (https://unsplash.com/photos/black-leather-backpack-with-chains-on-a-wooden-bench-TOSik0LTtnc)
https://images.unsplash.com/photo-1781785165222-7548cce1b024?crop=entropy&cs=tinysrgb&fit=max&fm=jpg&ixid=M3w5OTUzMzZ8MHwxfHNlYXJjaHw0MHx8bGVhdGhlciUyMGhhbmRiYWd8ZW58MXwxfHx8MTc4NDA5MjU5MXww&ixlib=rb-4.1.0&q=80&w=1080,Brown bag,bag,Two handbags and a scarf on display shelves.,brown,14749,Sandie Clarke on Unsplash (https://unsplash.com/photos/two-handbags-and-a-scarf-on-display-shelves-Y7TL2DrQvQw)
https://images.unsplash.com/photo-1773777145747-b5b7356f4e81?crop=entropy&cs=tinysrgb&fit=max&fm=jpg&ixid=M3w5OTUzMzZ8MHwxfHNlYXJjaHw0MXx8bGVhdGhlciUyMGhhbmRiYWd8ZW58MXwxfHx8MTc4NDA5MjU5MXww&ixlib=rb-4.1.0&q=80&w=1080,Black bag,bag,Black quilted leather handbag with gold hardware on table,black,19899,Aphrodites daughter on Unsplash (https://unsplash.com/photos/black-quilted-leather-handbag-with-gold-hardware-on-table-qA2glaGFJlY)
https://images.unsplash.com/photo-1772652013409-f4626b2a8b25?crop=entropy&cs=tinysrgb&fit=max&fm=jpg&ixid=M3w5OTUzMzZ8MHwxfHNlYXJjaHw0Mnx8bGVhdGhlciUyMGhhbmRiYWd8ZW58MXwxfHx8MTc4NDA5MjU5MXww&ixlib=rb-4.1.0&q=80&w=1080,Navy bag,bag,Ornate brown leather case with silver buckle on wood,navy,16899,César Cabrera on Unsplash (https://unsplash.com/photos/ornate-brown-leather-case-with-silver-buckle-on-wood-ZSXVSfmd9Yc)
https://images.unsplash.com/photo-1760624294514-ca40aafe3d96?crop=entropy&cs=tinysrgb&fit=max&fm=jpg&ixid=M3w5OTUzMzZ8MHwxfHNlYXJjaHw0M3x8bGVhdGhlciUyMGhhbmRiYWd8ZW58MXwxfHx8MTc4NDA5MjU5MXww&ixlib=rb-4.1.0&q=80&w=1080,White bag,bag,Five leather crossbody bags in different colors hanging.,white,9949,Latico Leathers on Unsplash (https://unsplash.com/photos/five-leather-crossbody-bags-in-different-colors-hanging-dNXGaWbzSVc)
https://images.unsplash.com/photo-1760624294699-3d3156314391?crop=entropy&cs=tinysrgb&fit=max&fm=jpg&ixid=M3w5OTUzMzZ8MHwxfHNlYXJjaHw0NHx8bGVhdGhlciUyMGhhbmRiYWd8ZW58MXwxfHx8MTc4NDA5MjU5MXww&ixlib=rb-4.1.0&q=80&w=1080,White bag,bag,Woman putting phone into brown leather crossbody bag,white,5349,Latico Leathers on Unsplash (https://unsplash.com/photos/woman-putting-phone-into-brown-leather-crossbody-bag-bwPMk7Q_JCc)
https://images.unsplash.com/photo-1760624089496-01ae68a92d58?crop=entropy&cs=tinysrgb&fit=max&fm=jpg&ixid=M3w5OTUzMzZ8MHwxfHNlYXJjaHw0NXx8bGVhdGhlciUyMGhhbmRiYWd8ZW58MXwxfHx8MTc4NDA5MjU5MXww&ixlib=rb-4.1.0&q=80&w=1080,Grey bag,bag,Four brown leather bags and wallets arranged artfully.,grey,19699,Latico Leathers on Unsplash (https://unsplash.com/photos/four-brown-leather-bags-and-wallets-arranged-artfully-g2UlpYhGUlM)
https://images.unsplash.com/photo-1682364853144-e988a882d34d?crop=entropy&cs=tinysrgb&fit=max&fm=jpg&ixid=M3w5OTUzMzZ8MHwxfHNlYXJjaHw0Nnx8bGVhdGhlciUyMGhhbmRiYWd8ZW58MXwxfHx8MTc4NDA5MjU5MXww&ixlib=rb-4.1.0&q=80&w=1080,Beige bag,bag,a close up of a paper ball on a shelf,beige,5349,Arno Senoner on Unsplash (https://unsplash.com/photos/a-close-up-of-a-paper-ball-on-a-shelf-9OugD_X_Rlw)
https://images.unsplash.com/photo-1761369333007-14045c7d2890?crop=entropy&cs=tinysrgb&fit=max&fm=jpg&ixid=M3w5OTUzMzZ8MHwxfHNlYXJjaHw0N3x8bGVhdGhlciUyMGhhbmRiYWd8ZW58MXwxfHx8MTc4NDA5MjU5MXww&ixlib=rb-4.1.0&q=80&w=1080,Black bag,bag,Stack of colorful leather bags in a market.,black,6349,Bernd 📷 Dittrich on Unsplash (https://unsplash.com/photos/stack-of-colorful-leather-bags-in-a-market-c6huDrLBQJg)
https://images.unsplash.com/photo-1771730896799-d008769ec54a?crop=entropy&cs=tinysrgb&fit=max&fm=jpg&ixid=M3w5OTUzMzZ8MHwxfHNlYXJjaHw0OHx8bGVhdGhlciUyMGhhbmRiYWd8ZW58MXwxfHx8MTc4NDA5MjU5MXww&ixlib=rb-4.1.0&q=80&w=1080,Black bag,bag,A woman in a sweater and skirt on stairs,black,15899,wael altawil on Unsplash (https://unsplash.com/photos/a-woman-in-a-sweater-and-skirt-on-stairs-waIOaLhmiLI)
https://images.unsplash.com/photo-1774949706772-214938e78d95?crop=entropy&cs=tinysrgb&fit=max&fm=jpg&ixid=M3w5OTUzMzZ8MHwxfHNlYXJjaHw0OXx8bGVhdGhlciUyMGhhbmRiYWd8ZW58MXwxfHx8MTc4NDA5MjU5MXww&ixlib=rb-4.1.0&q=80&w=1080,Grey bag,bag,Woman in leather jacket and jeans stands against textured wall.,grey,14149,Joyce Marie Cantrell on Unsplash (https://unsplash.com/photos/woman-in-leather-jacket-and-jeans-stands-against-textured-wall-7lNH7CzJ8u8)
https://images.unsplash.com/photo-1642453971059-7ebfb1aec5f5?crop=entropy&cs=tinysrgb&fit=max&fm=jpg&ixid=M3w5OTUzMzZ8MHwxfHNlYXJjaHw1MHx8bGVhdGhlciUyMGhhbmRiYWd8ZW58MXwxfHx8MTc4NDA5MjU5MXww&ixlib=rb-4.1.0&q=80&w=1080,Beige bag,bag,a rack of clothes and shoes in a store,beige,15699,Arno Senoner on Unsplash (https://unsplash.com/photos/a-rack-of-clothes-and-shoes-in-a-store-jgjfq6ThVGw)
https://images.unsplash.com/photo-1682364853107-9b87abbc0269?crop=entropy&cs=tinysrgb&fit=max&fm=jpg&ixid=M3w5OTUzMzZ8MHwxfHNlYXJjaHw1MXx8bGVhdGhlciUyMGhhbmRiYWd8ZW58MXwxfHx8MTc4NDA5MjU5MXww&ixlib=rb-4.1.0&q=80&w=1080,Beige bag,bag,a mannequin wearing a white shirt and a necklace,beige,11549,Arno Senoner on Unsplash (https://unsplash.com/photos/a-mannequin-wearing-a-white-shirt-and-a-necklace-epIHBfk3dCY)
https://images.unsplash.com/photo-1663958408719-19cf8ab55d0a?crop=entropy&cs=tinysrgb&fit=max&fm=jpg&ixid=M3w5OTUzMzZ8MHwxfHNlYXJjaHw1Mnx8bGVhdGhlciUyMGhhbmRiYWd8ZW58MXwxfHx8MTc4NDA5MjU5MXww&ixlib=rb-4.1.0&q=80&w=1080,Cream bag,bag,a yellow bag on a white stand,cream,17099,Arno Senoner on Unsplash (https://unsplash.com/photos/a-yellow-bag-on-a-white-stand-Oc7iGNZHW-E)
https://images.unsplash.com/photo-1771729259622-076f3ffc61b8?crop=entropy&cs=tinysrgb&fit=max&fm=jpg&ixid=M3w5OTUzMzZ8MHwxfHNlYXJjaHw1M3x8bGVhdGhlciUyMGhhbmRiYWd8ZW58MXwxfHx8MTc4NDA5MjU5MXww&ixlib=rb-4.1.0&q=80&w=1080,Cream bag,bag,Woman standing on train platform with passing train,cream,4949,wael altawil on Unsplash (https://unsplash.com/photos/woman-standing-on-train-platform-with-passing-train-_NhdiyQLkZ4)
https://images.unsplash.com/photo-1601281866896-1576541e77a1?crop=entropy&cs=tinysrgb&fit=max&fm=jpg&ixid=M3w5OTUzMzZ8MHwxfHNlYXJjaHw1NHx8bGVhdGhlciUyMGhhbmRiYWd8ZW58MXwxfHx8MTc4NDA5MjU5MXww&ixlib=rb-4.1.0&q=80&w=1080,White bag,bag,gold and silver bracelet on white surface,white,13549,Genesis Warner on Unsplash (https://unsplash.com/photos/gold-and-silver-bracelet-on-white-surface-wYfQ92hOLiE)
https://images.unsplash.com/photo-1772449099585-a546f8268b81?crop=entropy&cs=tinysrgb&fit=max&fm=jpg&ixid=M3w5OTUzMzZ8MHwxfHNlYXJjaHw1NXx8bGVhdGhlciUyMGhhbmRiYWd8ZW58MXwxfHx8MTc4NDA5MjU5MXww&ixlib=rb-4.1.0&q=80&w=1080,Cream bag,bag,Woman in hat and leather jacket walking outdoors,cream,18949,Rodrigo Rodrigues | WOLF Λ R T on Unsplash (https://unsplash.com/photos/woman-in-hat-and-leather-jacket-walking-outdoors-NxJUR1Kzt7Y)
https://images.unsplash.com/photo-1776677567842-4f629adfb2e2?crop=entropy&cs=tinysrgb&fit=max&fm=jpg&ixid=M3w5OTUzMzZ8MHwxfHNlYXJjaHw1Nnx8bGVhdGhlciUyMGhhbmRiYWd8ZW58MXwxfHx8MTc4NDA5MjU5MXww&ixlib=rb-4.1.0&q=80&w=1080,Black bag,bag,Various handbags displayed on a textured wall.,black,20699,Project:KENO on Unsplash (https://unsplash.com/photos/various-handbags-displayed-on-a-textured-wall-2qvVYWJrZGg)
https://images.unsplash.com/photo-1783309529126-59f5dfb45647?crop=entropy&cs=tinysrgb&fit=max&fm=jpg&ixid=M3w5OTUzMzZ8MHwxfHNlYXJjaHw1N3x8bGVhdGhlciUyMGhhbmRiYWd8ZW58MXwxfHx8MTc4NDA5MjU5MXww&ixlib=rb-4.1.0&q=80&w=1080,Navy bag,bag,Various bags and purses with price tags displayed outdoors.,navy,5349,Thilina Alagiyawanna on Unsplash (https://unsplash.com/photos/various-bags-and-purses-with-price-tags-displayed-outdoors-PZGFC-_0NQw)
https://images.unsplash.com/photo-1758499537503-315ca95c010b?crop=entropy&cs=tinysrgb&fit=max&fm=jpg&ixid=M3w5OTUzMzZ8MHwxfHNlYXJjaHw1OXx8bGVhdGhlciUyMGhhbmRiYWd8ZW58MXwxfHx8MTc4NDA5MjU5MXww&ixlib=rb-4.1.0&q=80&w=1080,Beige bag,bag,Colorful leather handbags displayed on a wall.,beige,8099,MChe Lee on Unsplash (https://unsplash.com/photos/colorful-leather-handbags-displayed-on-a-wall-3WLuWaCw-ho)
https://images.unsplash.com/photo-1777256005691-65dd5f7fdab8?crop=entropy&cs=tinysrgb&fit=max&fm=jpg&ixid=M3w5OTUzMzZ8MHwxfHNlYXJjaHw2MHx8bGVhdGhlciUyMGhhbmRiYWd8ZW58MXwxfHx8MTc4NDA5MjU5MXww&ixlib=rb-4.1.0&q=80&w=1080,Black bag,bag,Woman sitting on a wall at sunset,black,4499,Anton Ryazanov on Unsplash (https://unsplash.com/photos/woman-sitting-on-a-wall-at-sunset-1OR3M-k1QLQ)
